{
  "timestamp": "20260414-070241",
  "args": {
    "data_root": "/mnt/nas/RB2023/image_gray",
    "model": "resnet18",
    "epochs": 15,
    "batch": 32,
    "workers": 4,
    "in_ch": 1,
    "resize": "256,256",
    "seed": 3407,
    "runs": 5,
    "log_dir": "../new_result/img_gray"
  },
  "device": "cuda",
  "runs": [
    {
      "run": 1,
      "seed": 3407,
      "epochs": 15,
      "train_loss_per_epoch": [
        0.2704589829444885,
        0.14497454297542572,
        0.10444165439158679,
        0.07142055181600153,
        0.046837110791821034,
        0.033558063581353055,
        0.023221713237522635,
        0.03261465969280107,
        0.017670230246090796,
        0.012862934880831744,
        0.012792315060389229,
        0.02661872604559176,
        0.008635544578704867,
        0.014958648086547328,
        0.00775887660412991
      ],
      "val_acc_per_epoch": [
        0.924,
        0.925,
        0.939,
        0.938,
        0.9365,
        0.923,
        0.9485,
        0.941,
        0.923,
        0.953,
        0.937,
        0.9445,
        0.9485,
        0.9395,
        0.952
      ],
      "lr_per_epoch": [
        0.0001,
        0.0001,
        0.0001,
        0.0001,
        0.0001,
        0.0001,
        0.0001,
        0.0001,
        0.0001,
        0.0001,
        0.0001,
        0.0001,
        0.0001,
        0.0001,
        0.0001
      ],
      "best_val_acc": 0.953,
      "test_acc": 0.957,
      "test_f1": {
        "macro": 0.9569947963703609,
        "micro": 0.957,
        "weighted": 0.9569947963703609,
        "binary_malware": 0.9565217391304348,
        "binary_benign": 0.9574678536102869,
        "per_class": {
          "benign": 0.9574678536102869,
          "malware": 0.9565217391304348
        }
      },
      "test_macro_f1": 0.9569947963703609,
      "classification_report": "              precision    recall  f1-score   support\n\n      benign     0.9472    0.9680    0.9575      1000\n     malware     0.9673    0.9460    0.9565      1000\n\n    accuracy                         0.9570      2000\n   macro avg     0.9572    0.9570    0.9570      2000\nweighted avg     0.9572    0.9570    0.9570      2000\n",
      "confusion_matrix": [
        [
          968,
          32
        ],
        [
          54,
          946
        ]
      ],
      "class_to_idx": {
        "benign": 0,
        "malware": 1
      },
      "label_order": {
        "benign": 0,
        "malware": 1
      }
    },
    {
      "run": 2,
      "seed": 3408,
      "epochs": 15,
      "train_loss_per_epoch": [
        0.28304235807061195,
        0.1536621519625187,
        0.10407235582731664,
        0.07289053082186729,
        0.05865037858299911,
        0.028385382742388172,
        0.019568639711709693,
        0.04058611406688578,
        0.01395752076379722,
        0.015374008115613833,
        0.012241061632710626,
        0.009147254322524532,
        0.021065077093895525,
        0.012983128632447915,
        0.004411396133880772
      ],
      "val_acc_per_epoch": [
        0.928,
        0.9075,
        0.947,
        0.9495,
        0.952,
        0.958,
        0.9445,
        0.948,
        0.9535,
        0.952,
        0.9335,
        0.9535,
        0.9585,
        0.957,
        0.9585
      ],
      "lr_per_epoch": [
        0.0001,
        0.0001,
        0.0001,
        0.0001,
        0.0001,
        0.0001,
        0.0001,
        0.0001,
        0.0001,
        0.0001,
        0.0001,
        0.0001,
        0.0001,
        0.0001,
        0.0001
      ],
      "best_val_acc": 0.9585,
      "test_acc": 0.9655,
      "test_f1": {
        "macro": 0.9654927448496047,
        "micro": 0.9655,
        "weighted": 0.9654927448496046,
        "binary_malware": 0.9659931000492854,
        "binary_benign": 0.9649923896499238,
        "per_class": {
          "benign": 0.9649923896499238,
          "malware": 0.9659931000492854
        }
      },
      "test_macro_f1": 0.9654927448496047,
      "classification_report": "              precision    recall  f1-score   support\n\n      benign     0.9794    0.9510    0.9650      1000\n     malware     0.9524    0.9800    0.9660      1000\n\n    accuracy                         0.9655      2000\n   macro avg     0.9659    0.9655    0.9655      2000\nweighted avg     0.9659    0.9655    0.9655      2000\n",
      "confusion_matrix": [
        [
          951,
          49
        ],
        [
          20,
          980
        ]
      ],
      "class_to_idx": {
        "benign": 0,
        "malware": 1
      },
      "label_order": {
        "benign": 0,
        "malware": 1
      }
    },
    {
      "run": 3,
      "seed": 3409,
      "epochs": 15,
      "train_loss_per_epoch": [
        0.28367413030564786,
        0.153065951988101,
        0.09709072645753622,
        0.07616714408621192,
        0.047074679379817096,
        0.029226938572130167,
        0.01701183072454296,
        0.023745469246816357,
        0.03246925574215129,
        0.014134101671690586,
        0.009794884948409162,
        0.011637195096816868,
        0.019993614185776096,
        0.01277818177707377,
        0.009076979991368717
      ],
      "val_acc_per_epoch": [
        0.9015,
        0.933,
        0.925,
        0.9445,
        0.9495,
        0.9445,
        0.9415,
        0.948,
        0.9435,
        0.9495,
        0.942,
        0.94,
        0.9205,
        0.954,
        0.952
      ],
      "lr_per_epoch": [
        0.0001,
        0.0001,
        0.0001,
        0.0001,
        0.0001,
        0.0001,
        0.0001,
        0.0001,
        0.0001,
        0.0001,
        0.0001,
        0.0001,
        0.0001,
        0.0001,
        0.0001
      ],
      "best_val_acc": 0.954,
      "test_acc": 0.961,
      "test_f1": {
        "macro": 0.9609900134434415,
        "micro": 0.961,
        "weighted": 0.9609900134434415,
        "binary_malware": 0.9603658536585366,
        "binary_benign": 0.9616141732283464,
        "per_class": {
          "benign": 0.9616141732283464,
          "malware": 0.9603658536585366
        }
      },
      "test_macro_f1": 0.9609900134434415,
      "classification_report": "              precision    recall  f1-score   support\n\n      benign     0.9467    0.9770    0.9616      1000\n     malware     0.9762    0.9450    0.9604      1000\n\n    accuracy                         0.9610      2000\n   macro avg     0.9615    0.9610    0.9610      2000\nweighted avg     0.9615    0.9610    0.9610      2000\n",
      "confusion_matrix": [
        [
          977,
          23
        ],
        [
          55,
          945
        ]
      ],
      "class_to_idx": {
        "benign": 0,
        "malware": 1
      },
      "label_order": {
        "benign": 0,
        "malware": 1
      }
    },
    {
      "run": 4,
      "seed": 3410,
      "epochs": 15,
      "train_loss_per_epoch": [
        0.27654306893050673,
        0.16113609660416842,
        0.11477423705533146,
        0.07307625363767146,
        0.05366440100967884,
        0.03888661506096833,
        0.03322951067390386,
        0.016610488317906857,
        0.031476642179128246,
        0.015961846765421797,
        0.017353691940545105,
        0.010542208236642182,
        0.0125489572781662,
        0.0063181609440798635,
        0.016972638375315
      ],
      "val_acc_per_epoch": [
        0.9295,
        0.915,
        0.9445,
        0.94,
        0.9485,
        0.9495,
        0.9405,
        0.946,
        0.943,
        0.932,
        0.95,
        0.947,
        0.952,
        0.949,
        0.94
      ],
      "lr_per_epoch": [
        0.0001,
        0.0001,
        0.0001,
        0.0001,
        0.0001,
        0.0001,
        0.0001,
        0.0001,
        0.0001,
        0.0001,
        0.0001,
        0.0001,
        0.0001,
        0.0001,
        0.0001
      ],
      "best_val_acc": 0.952,
      "test_acc": 0.946,