{
  "timestamp": "20260510-123033",
  "args": {
    "data_root": "apk2img-ml-datasets/data/sdhash/image_rgb_hi",
    "model": "resnet152",
    "pretrained": true,
    "epochs": 100,
    "batch": 64,
    "lr": 0.00033258510712076277,
    "optimizer": "adamw",
    "weight_decay": 1e-05,
    "lr_scheduler": "none",
    "scheduler_step_size": 5,
    "scheduler_milestones": [
      10,
      20
    ],
    "scheduler_gamma": 0.1,
    "scheduler_exp_gamma": 0.95,
    "scheduler_patience": 2,
    "scheduler_t_max": null,
    "scheduler_eta_min": 0.0,
    "scheduler_t_0": null,
    "scheduler_t_mult": 1,
    "scheduler_pct_start": 0.3,
    "scheduler_div_factor": 25.0,
    "scheduler_final_div_factor": 10000.0,
    "workers": 4,
    "in_ch": 1,
    "resize": "256,256",
    "seed": 3407,
    "runs": 1,
    "log_dir": "/home/IM25D009/git_workspace/results/rgb_hi/cnn_optuna_pre/20260510-052403/best_eval",
    "early_stopping_patience": 3,
    "early_stopping_min_delta": 0.0,
    "restore_best": true
  },
  "device": "cuda",
  "runs": [
    {
      "run": 1,
      "seed": 3407,
      "epochs": 100,
      "train_loss_per_epoch": [
        0.29170144551992416,
        0.1593227052092552,
        0.11362418928742408,
        0.07483400341123342,
        0.06472024381905794,
        0.034903095458634195,
        0.028386323757003992,
        0.015910621305229144,
        0.006508367826405447,
        0.01060930869486765,
        0.01956170413806103
      ],
      "val_acc_per_epoch": [
        0.917,
        0.9235,
        0.876,
        0.8795,
        0.93,
        0.949,
        0.921,
        0.954,
        0.9465,
        0.951,
        0.9375
      ],
      "lr_per_epoch": [
        0.00033258510712076277,
        0.00033258510712076277,
        0.00033258510712076277,
        0.00033258510712076277,
        0.00033258510712076277,
        0.00033258510712076277,
        0.00033258510712076277,
        0.00033258510712076277,
        0.00033258510712076277,
        0.00033258510712076277,
        0.00033258510712076277
      ],
      "best_val_acc": 0.954,
      "best_epoch": 8,
      "epochs_completed": 11,
      "early_stopped": true,
      "stopped_epoch": 11,
      "test_acc": 0.9595,
      "test_f1": {
        "macro": 0.9594926175295447,
        "micro": 0.9595,
        "weighted": 0.9594926175295447,
        "binary_malware": 0.9589457678661936,
        "binary_benign": 0.9600394671928959,
        "per_class": {
          "benign": 0.9600394671928959,
          "malware": 0.9589457678661936
        }
      },
      "test_macro_f1": 0.9594926175295447,
      "classification_report": "              precision    recall  f1-score   support\n\n      benign     0.9474    0.9730    0.9600      1000\n     malware     0.9723    0.9460    0.9589      1000\n\n    accuracy                         0.9595      2000\n   macro avg     0.9598    0.9595    0.9595      2000\nweighted avg     0.9598    0.9595    0.9595      2000\n",
      "confusion_matrix": [
        [
          973,
          27
        ],
        [
          54,
          946
        ]
      ],
      "class_to_idx": {
        "benign": 0,
        "malware": 1
      },
      "label_order": {
        "benign": 0,
        "malware": 1
      }
    }
  ],
  "summary": {
    "test_acc_mean": 0.9595,
    "test_acc_std": 0.0,
    "macro_f1_mean": 0.9594926175295447,
    "macro_f1_std": 0.0,
    "micro_f1_mean": 0.9595,
    "micro_f1_std": 0.0,
    "weighted_f1_mean": 0.9594926175295447,
    "weighted_f1_std": 0.0,
    "binary_malware_f1_mean": 0.9589457678661936,
    "binary_malware_f1_std": 0.0,
    "binary_benign_f1_mean": 0.9600394671928959,
    "binary_benign_f1_std": 0.0,
    "per_class_f1_mean": [
      0.9600394671928959,
      0.9589457678661936
    ],
    "per_class_f1_std": [
      0.0,
      0.0
    ],
    "per_class_f1_order": [
      "benign",
      "malware"
    ]
  }
}