{
  "timestamp": "20260413-224946",
  "args": {
    "data_root": "/mnt/nas/RB2023/image_rgb_vb",
    "model": "efficientnet_b2",
    "epochs": 15,
    "batch": 32,
    "workers": 4,
    "in_ch": 1,
    "resize": "256,256",
    "seed": 3407,
    "runs": 5,
    "log_dir": "../new_result/image_rgb_vb"
  },
  "device": "cuda",
  "runs": [
    {
      "run": 1,
      "seed": 3407,
      "epochs": 15,
      "train_loss_per_epoch": [
        0.407522873878479,
        0.24955177667737008,
        0.20089273276925088,
        0.1603239069133997,
        0.1319724100381136,
        0.10119161846861244,
        0.07248788823001087,
        0.06867251916369423,
        0.055532007309840994,
        0.03919049460627139,
        0.04611386475875042,
        0.03368037555948831,
        0.0324711668547825,
        0.0240067652995931,
        0.0182679523130646
      ],
      "val_acc_per_epoch": [
        0.876,
        0.889,
        0.9045,
        0.8835,
        0.9125,
        0.9005,
        0.915,
        0.922,
        0.9115,
        0.881,
        0.884,
        0.9275,
        0.9205,
        0.9375,
        0.9305
      ],
      "lr_per_epoch": [
        0.0001,
        0.0001,
        0.0001,
        0.0001,
        0.0001,
        0.0001,
        0.0001,
        0.0001,
        0.0001,
        0.0001,
        0.0001,
        0.0001,
        0.0001,
        0.0001,
        0.0001
      ],
      "best_val_acc": 0.9375,
      "test_acc": 0.9355,
      "test_f1": {
        "macro": 0.9354980488159768,
        "micro": 0.9355,
        "weighted": 0.9354980488159768,
        "binary_malware": 0.9351432880844646,
        "binary_benign": 0.9358528095474888,
        "per_class": {
          "benign": 0.9358528095474888,
          "malware": 0.9351432880844646
        }
      },
      "test_macro_f1": 0.9354980488159768,
      "classification_report": "              precision    recall  f1-score   support\n\n      benign     0.9308    0.9410    0.9359      1000\n     malware     0.9403    0.9300    0.9351      1000\n\n    accuracy                         0.9355      2000\n   macro avg     0.9356    0.9355    0.9355      2000\nweighted avg     0.9356    0.9355    0.9355      2000\n",
      "confusion_matrix": [
        [
          941,
          59
        ],
        [
          70,
          930
        ]
      ],
      "class_to_idx": {
        "benign": 0,
        "malware": 1
      },
      "label_order": {
        "benign": 0,
        "malware": 1
      }
    },
    {
      "run": 2,
      "seed": 3408,
      "epochs": 15,
      "train_loss_per_epoch": [
        0.4198961644768715,
        0.2584515186846256,
        0.20038466496765614,
        0.16612615847587586,
        0.1339036521092057,
        0.10529343339055777,
        0.08526125255599618,
        0.05987946601770818,
        0.050337233359925446,
        0.051511616442818195,
        0.04230277714226395,
        0.030340981426648796,
        0.025541663672192953,
        0.025959761714562775,
        0.025399797619087623
      ],
      "val_acc_per_epoch": [
        0.883,
        0.878,
        0.897,
        0.9245,
        0.925,
        0.9145,
        0.911,
        0.909,
        0.918,
        0.925,
        0.926,
        0.922,
        0.9205,
        0.9275,
        0.9235
      ],
      "lr_per_epoch": [
        0.0001,
        0.0001,
        0.0001,
        0.0001,
        0.0001,
        0.0001,
        0.0001,
        0.0001,
        0.0001,
        0.0001,
        0.0001,
        0.0001,
        0.0001,
        0.0001,
        0.0001
      ],
      "best_val_acc": 0.9275,
      "test_acc": 0.9315,
      "test_f1": {
        "macro": 0.9314950505173999,
        "micro": 0.9315,
        "weighted": 0.9314950505173999,
        "binary_malware": 0.932077342588002,
        "binary_benign": 0.9309127584467978,
        "per_class": {
          "benign": 0.9309127584467978,
          "malware": 0.932077342588002
        }
      },
      "test_macro_f1": 0.9314950505173999,
      "classification_report": "              precision    recall  f1-score   support\n\n      benign     0.9390    0.9230    0.9309      1000\n     malware     0.9243    0.9400    0.9321      1000\n\n    accuracy                         0.9315      2000\n   macro avg     0.9316    0.9315    0.9315      2000\nweighted avg     0.9316    0.9315    0.9315      2000\n",
      "confusion_matrix": [
        [
          923,
          77
        ],
        [
          60,
          940
        ]
      ],
      "class_to_idx": {
        "benign": 0,
        "malware": 1
      },
      "label_order": {
        "benign": 0,
        "malware": 1
      }
    },
    {
      "run": 3,
      "seed": 3409,
      "epochs": 15,
      "train_loss_per_epoch": [
        0.4226772949099541,
        0.26403694388270377,
        0.1985992448925972,
        0.15885256995260716,
        0.12485923560708762,
        0.1054371469989419,
        0.07283699007704854,
        0.05446062167547643,
        0.06597935331845656,
        0.04188178074464668,
        0.03036772554903291,
        0.026897606942569836,
        0.02541230324713979,
        0.02417062479176093,
        0.024922002916340717
      ],
      "val_acc_per_epoch": [
        0.887,
        0.9105,
        0.91,
        0.9205,
        0.927,
        0.9305,
        0.928,
        0.915,
        0.925,
        0.9305,
        0.915,
        0.9275,
        0.9175,
        0.9345,
        0.923
      ],
      "lr_per_epoch": [
        0.0001,
        0.0001,
        0.0001,
        0.0001,
        0.0001,
        0.0001,
        0.0001,
        0.0001,
        0.0001,
        0.0001,
        0.0001,
        0.0001,
        0.0001,
        0.0001,
        0.0001
      ],
      "best_val_acc": 0.9345,
      "test_acc": 0.9345,
      "test_f1": {
        "macro": 0.9344750841507483,
        "micro": 0.9345,
        "weighted": 0.9344750841507482,
        "binary_malware": 0.9357528200098088,
        "binary_benign": 0.9331973482916879,
        "per_class": {
          "benign": 0.9331973482916879,
          "malware": 0.9357528200098088
        }
      },
      "test_macro_f1": 0.9344750841507483,
      "classification_report": "              precision    recall  f1-score   support\n\n      benign     0.9521    0.9150    0.9332      1000\n     malware     0.9182    0.9540    0.9358      1000\n\n    accuracy                         0.9345      2000\n   macro avg     0.9352    0.9345    0.9345      2000\nweighted avg     0.9352    0.9345    0.9345      2000\n",
      "confusion_matrix": [
        [
          915,
          85
        ],
        [
          46,
          954
        ]
      ],
      "class_to_idx": {
        "benign": 0,
        "malware": 1
      },
      "label_order": {
        "benign": 0,
        "malware": 1
      }
    },
    {
      "run": 4,
      "seed": 3410,
      "epochs": 15,
      "train_loss_per_epoch": [
        0.40116322934627535,
        0.25898130324482915,
        0.19889293894171714,
        0.1573550649136305,
        0.12738105212152004,
        0.09799307872727513,
        0.08104514814727008,
        0.06289606061112135,
        0.05567772947438061,
        0.03921702633355744,
        0.03426216418202967,
        0.03946415961720049,
        0.025955944447545336,
        0.027773451378336176,
        0.027624197553901466
      ],
      "val_acc_per_epoch": [
        0.88,
        0.889,
        0.897,
        0.8745,
        0.9245,
        0.912,
        0.9225,
        0.925,
        0.934,
        0.9295,
        0.9165,
        0.9375,
        0.931,
        0.9265,
        0.9355
      ],
      "lr_per_epoch": [
        0.0001,
        0.0001,
        0.0001,
        0.0001,
        0.0001,
        0.0001,
        0.0001,
        0.0001,
        0.0001,
        0.0001,
        0.0001,
        0.0001,
        0.0001,
        0.0001,
        0.0001
      ],
      "best_val_acc": 0.9375,
      "test_acc": 0.9375,