{
  "timestamp": "20260510-125105",
  "args": {
    "data_root": "apk2img-ml-datasets/data/sdhash/image_rgb_vi",
    "model": "resnet18",
    "pretrained": false,
    "epochs": 100,
    "batch": 8,
    "lr": 0.0002462084374714394,
    "optimizer": "adam",
    "weight_decay": 0.0,
    "lr_scheduler": "none",
    "scheduler_step_size": 5,
    "scheduler_milestones": [
      10,
      20
    ],
    "scheduler_gamma": 0.1,
    "scheduler_exp_gamma": 0.95,
    "scheduler_patience": 2,
    "scheduler_t_max": null,
    "scheduler_eta_min": 0.0,
    "scheduler_t_0": null,
    "scheduler_t_mult": 1,
    "scheduler_pct_start": 0.3,
    "scheduler_div_factor": 25.0,
    "scheduler_final_div_factor": 10000.0,
    "workers": 4,
    "in_ch": 1,
    "resize": "256,256",
    "seed": 3407,
    "runs": 1,
    "log_dir": "/home/IM25D009/git_workspace/results/rgb_vi/cnn_optuna_no/20260510-102154/best_eval",
    "early_stopping_patience": 3,
    "early_stopping_min_delta": 0.0,
    "restore_best": true
  },
  "device": "cuda",
  "runs": [
    {
      "run": 1,
      "seed": 3407,
      "epochs": 100,
      "train_loss_per_epoch": [
        0.33805940335430207,
        0.15800941281346603,
        0.1310259965392761,
        0.1032197184341494,
        0.09115634753066115,
        0.07482585946458857,
        0.06280688674481644,
        0.0526097432362003,
        0.040760308497692674
      ],
      "val_acc_per_epoch": [
        0.89,
        0.9215,
        0.945,
        0.9365,
        0.9325,
        0.957,
        0.955,
        0.9555,
        0.945
      ],
      "lr_per_epoch": [
        0.0002462084374714394,
        0.0002462084374714394,
        0.0002462084374714394,
        0.0002462084374714394,
        0.0002462084374714394,
        0.0002462084374714394,
        0.0002462084374714394,
        0.0002462084374714394,
        0.0002462084374714394
      ],
      "best_val_acc": 0.957,
      "best_epoch": 6,
      "epochs_completed": 9,
      "early_stopped": true,
      "stopped_epoch": 9,
      "test_acc": 0.962,
      "test_f1": {
        "macro": 0.961996199619962,
        "micro": 0.962,
        "weighted": 0.961996199619962,
        "binary_malware": 0.9623762376237623,
        "binary_benign": 0.9616161616161616,
        "per_class": {
          "benign": 0.9616161616161616,
          "malware": 0.9623762376237623
        }
      },
      "test_macro_f1": 0.961996199619962,
      "classification_report": "              precision    recall  f1-score   support\n\n      benign     0.9714    0.9520    0.9616      1000\n     malware     0.9529    0.9720    0.9624      1000\n\n    accuracy                         0.9620      2000\n   macro avg     0.9622    0.9620    0.9620      2000\nweighted avg     0.9622    0.9620    0.9620      2000\n",
      "confusion_matrix": [
        [
          952,
          48
        ],
        [
          28,
          972
        ]
      ],
      "class_to_idx": {
        "benign": 0,
        "malware": 1
      },
      "label_order": {
        "benign": 0,
        "malware": 1
      }
    }
  ],
  "summary": {
    "test_acc_mean": 0.962,
    "test_acc_std": 0.0,
    "macro_f1_mean": 0.961996199619962,
    "macro_f1_std": 0.0,
    "micro_f1_mean": 0.962,
    "micro_f1_std": 0.0,
    "weighted_f1_mean": 0.961996199619962,
    "weighted_f1_std": 0.0,
    "binary_malware_f1_mean": 0.9623762376237623,
    "binary_malware_f1_std": 0.0,
    "binary_benign_f1_mean": 0.9616161616161616,
    "binary_benign_f1_std": 0.0,
    "per_class_f1_mean": [
      0.9616161616161616,
      0.9623762376237623
    ],
    "per_class_f1_std": [
      0.0,
      0.0
    ],
    "per_class_f1_order": [
      "benign",
      "malware"
    ]
  }
}