{
  "timestamp": "20260411-040613",
  "args": {
    "data_root": "/mnt/nas/RB2023/image_rgb_hi",
    "model": "resnet101",
    "epochs": 15,
    "batch": 32,
    "workers": 4,
    "in_ch": 1,
    "resize": "256,256",
    "seed": 3407,
    "runs": 5,
    "log_dir": "../new_result/image_rgb_hi"
  },
  "device": "cuda",
  "runs": [
    {
      "run": 1,
      "seed": 3407,
      "epochs": 15,
      "train_loss_per_epoch": [
        0.32040131640434266,
        0.18504609154164792,
        0.12624736019968988,
        0.08780971206352114,
        0.05706870451476425,
        0.03716879209317267,
        0.04176722131948918,
        0.02767845229408704,
        0.016972676780744222,
        0.01732262690900825,
        0.018397915833716978,
        0.013295356852147961,
        0.015127919898397521,
        0.010847562899776677,
        0.015265206067022518
      ],
      "val_acc_per_epoch": [
        0.9005,
        0.93,
        0.9155,
        0.9255,
        0.943,
        0.944,
        0.944,
        0.9305,
        0.937,
        0.9455,
        0.947,
        0.9415,
        0.9405,
        0.944,
        0.9435
      ],
      "lr_per_epoch": [
        0.0001,
        0.0001,
        0.0001,
        0.0001,
        0.0001,
        0.0001,
        0.0001,
        0.0001,
        0.0001,
        0.0001,
        0.0001,
        0.0001,
        0.0001,
        0.0001,
        0.0001
      ],
      "best_val_acc": 0.947,
      "test_acc": 0.9505,
      "test_f1": {
        "macro": 0.9504979085366356,
        "micro": 0.9505,
        "weighted": 0.9504979085366356,
        "binary_malware": 0.9508196721311475,
        "binary_benign": 0.9501761449421238,
        "per_class": {
          "benign": 0.9501761449421238,
          "malware": 0.9508196721311475
        }
      },
      "test_macro_f1": 0.9504979085366356,
      "classification_report": "              precision    recall  f1-score   support\n\n      benign     0.9564    0.9440    0.9502      1000\n     malware     0.9447    0.9570    0.9508      1000\n\n    accuracy                         0.9505      2000\n   macro avg     0.9506    0.9505    0.9505      2000\nweighted avg     0.9506    0.9505    0.9505      2000\n",
      "confusion_matrix": [
        [
          944,
          56
        ],
        [
          43,
          957
        ]
      ],
      "class_to_idx": {
        "benign": 0,
        "malware": 1
      },
      "label_order": {
        "benign": 0,
        "malware": 1
      }
    },
    {
      "run": 2,
      "seed": 3408,
      "epochs": 15,
      "train_loss_per_epoch": [
        0.32112346357107163,
        0.18036344565451146,
        0.12476078318804502,
        0.0823624383956194,
        0.05260889384895563,
        0.03769521501357667,
        0.0378552200908307,
        0.02622572195052635,
        0.020141676788713085,
        0.013584864073694917,
        0.01599290516821202,
        0.01797516371931124,
        0.011998372283807839,
        0.016093927332025488,
        0.012729215425621079
      ],
      "val_acc_per_epoch": [
        0.8995,
        0.857,
        0.935,
        0.944,
        0.948,
        0.9465,
        0.9505,
        0.945,
        0.9465,
        0.948,
        0.9495,
        0.9565,
        0.9485,
        0.95,
        0.947
      ],
      "lr_per_epoch": [
        0.0001,
        0.0001,
        0.0001,
        0.0001,
        0.0001,
        0.0001,
        0.0001,
        0.0001,
        0.0001,
        0.0001,
        0.0001,
        0.0001,
        0.0001,
        0.0001,
        0.0001
      ],
      "best_val_acc": 0.9565,
      "test_acc": 0.937,
      "test_f1": {
        "macro": 0.936981787736656,
        "micro": 0.937,
        "weighted": 0.9369817877366559,
        "binary_malware": 0.9380530973451328,
        "binary_benign": 0.9359104781281791,
        "per_class": {
          "benign": 0.9359104781281791,
          "malware": 0.9380530973451328
        }
      },
      "test_macro_f1": 0.936981787736656,
      "classification_report": "              precision    recall  f1-score   support\n\n      benign     0.9524    0.9200    0.9359      1000\n     malware     0.9226    0.9540    0.9381      1000\n\n    accuracy                         0.9370      2000\n   macro avg     0.9375    0.9370    0.9370      2000\nweighted avg     0.9375    0.9370    0.9370      2000\n",
      "confusion_matrix": [
        [
          920,
          80
        ],
        [
          46,
          954
        ]
      ],
      "class_to_idx": {
        "benign": 0,
        "malware": 1
      },
      "label_order": {
        "benign": 0,
        "malware": 1
      }
    },
    {
      "run": 3,
      "seed": 3409,
      "epochs": 15,
      "train_loss_per_epoch": [
        0.31755610105395315,
        0.18215549133718015,
        0.11607934197597206,
        0.07732932365778834,
        0.041302230755798516,
        0.034161320524755866,
        0.041819849882042036,
        0.017332220373064047,
        0.022840753686439712,
        0.01506561924246489,
        0.013644838355161483,
        0.012111096736873151,
        0.01610713183570624,
        0.02123454071514425,
        0.011979337864002446
      ],
      "val_acc_per_epoch": [
        0.9005,
        0.9165,
        0.905,
        0.933,
        0.9295,
        0.934,
        0.9455,
        0.924,
        0.947,
        0.913,
        0.936,
        0.942,
        0.93,
        0.947,
        0.9505
      ],
      "lr_per_epoch": [
        0.0001,
        0.0001,
        0.0001,
        0.0001,
        0.0001,
        0.0001,
        0.0001,
        0.0001,
        0.0001,
        0.0001,
        0.0001,
        0.0001,
        0.0001,
        0.0001,
        0.0001
      ],
      "best_val_acc": 0.9505,
      "test_acc": 0.951,
      "test_f1": {
        "macro": 0.9509982359364937,
        "micro": 0.951,
        "weighted": 0.9509982359364938,
        "binary_malware": 0.9507042253521126,
        "binary_benign": 0.9512922465208747,
        "per_class": {
          "benign": 0.9512922465208747,
          "malware": 0.9507042253521126
        }
      },
      "test_macro_f1": 0.9509982359364937,
      "classification_report": "              precision    recall  f1-score   support\n\n      benign     0.9457    0.9570    0.9513      1000\n     malware     0.9565    0.9450    0.9507      1000\n\n    accuracy                         0.9510      2000\n   macro avg     0.9511    0.9510    0.9510      2000\nweighted avg     0.9511    0.9510    0.9510      2000\n",
      "confusion_matrix": [
        [
          957,
          43
        ],
        [
          55,
          945
        ]
      ],
      "class_to_idx": {
        "benign": 0,
        "malware": 1
      },
      "label_order": {
        "benign": 0,
        "malware": 1
      }
    },
    {
      "run": 4,
      "seed": 3410,
      "epochs": 15,
      "train_loss_per_epoch": [
        0.31630121049284937,
        0.17731423982977867,
        0.14362811329215766,
        0.0901695591546595,
        0.05512614507693797,
        0.04192196642095223,
        0.03080769583955407,
        0.02721015735587571,
        0.026084805956226774,
        0.009875779098860222,
        0.019131866128038383,
        0.0235324386023276,
        0.010490640874792007,
        0.01898571422448731,
        0.012462434334738646
      ],
      "val_acc_per_epoch": [
        0.9085,
        0.879,
        0.9295,
        0.9325,
        0.943,
        0.9235,
        0.9495,
        0.9365,
        0.95,
        0.931,
        0.919,
        0.949,
        0.899,
        0.947,
        0.9445
      ],
      "lr_per_epoch": [
        0.0001,
        0.0001,
        0.0001,
        0.0001,
        0.0001,
        0.0001,
        0.0001,
        0.0001,
        0.0001,
        0.0001,
        0.0001,
        0.0001,
        0.0001,
        0.0001,
        0.0001
      ],
      "best_val_acc": 0.95,
      "test_acc": 0.954,