{
  "timestamp": "20260412-081401",
  "args": {
    "data_root": "/mnt/nas/RB2023/image_rgb_vi",
    "model": "efficientnet_v2_s",
    "epochs": 15,
    "batch": 32,
    "workers": 4,
    "in_ch": 1,
    "resize": "256,256",
    "seed": 3407,
    "runs": 5,
    "log_dir": "../new_result/image_rgb_vi"
  },
  "device": "cuda",
  "runs": [
    {
      "run": 1,
      "seed": 3407,
      "epochs": 15,
      "train_loss_per_epoch": [
        0.3795743092894554,
        0.21592118534445762,
        0.1556279608309269,
        0.11197008926048875,
        0.07291051863506437,
        0.053901881598867475,
        0.05191528795752674,
        0.03813238225551322,
        0.022842815070413053,
        0.029971169486292637,
        0.027655551584030037,
        0.024563320694607683,
        0.01802786486990226,
        0.014433513975905954,
        0.010005816733741084
      ],
      "val_acc_per_epoch": [
        0.8875,
        0.8915,
        0.9225,
        0.9055,
        0.9315,
        0.931,
        0.936,
        0.932,
        0.9315,
        0.9325,
        0.934,
        0.938,
        0.9285,
        0.9325,
        0.9385
      ],
      "lr_per_epoch": [
        0.0001,
        0.0001,
        0.0001,
        0.0001,
        0.0001,
        0.0001,
        0.0001,
        0.0001,
        0.0001,
        0.0001,
        0.0001,
        0.0001,
        0.0001,
        0.0001,
        0.0001
      ],
      "best_val_acc": 0.9385,
      "test_acc": 0.947,
      "test_f1": {
        "macro": 0.9469910414860112,
        "micro": 0.947,
        "weighted": 0.9469910414860112,
        "binary_malware": 0.9463019250253293,
        "binary_benign": 0.947680157946693,
        "per_class": {
          "benign": 0.947680157946693,
          "malware": 0.9463019250253293
        }
      },
      "test_macro_f1": 0.9469910414860112,
      "classification_report": "              precision    recall  f1-score   support\n\n      benign     0.9357    0.9600    0.9477      1000\n     malware     0.9589    0.9340    0.9463      1000\n\n    accuracy                         0.9470      2000\n   macro avg     0.9473    0.9470    0.9470      2000\nweighted avg     0.9473    0.9470    0.9470      2000\n",
      "confusion_matrix": [
        [
          960,
          40
        ],
        [
          66,
          934
        ]
      ],
      "class_to_idx": {
        "benign": 0,
        "malware": 1
      },
      "label_order": {
        "benign": 0,
        "malware": 1
      }
    },
    {
      "run": 2,
      "seed": 3408,
      "epochs": 15,
      "train_loss_per_epoch": [
        0.3782803185582161,
        0.22515804278850554,
        0.16434871574491264,
        0.12089509567990898,
        0.07883349566161632,
        0.05310072190780193,
        0.04545094941696152,
        0.0455139757017605,
        0.027127082387916744,
        0.02114545299205929,
        0.025224761351710187,
        0.02034312382317148,
        0.023058164049871266,
        0.016988423374888952,
        0.011748551757285895
      ],
      "val_acc_per_epoch": [
        0.897,
        0.909,
        0.9435,
        0.936,
        0.935,
        0.9385,
        0.945,
        0.9505,
        0.9455,
        0.9415,
        0.9465,
        0.94,
        0.95,
        0.946,
        0.949
      ],
      "lr_per_epoch": [
        0.0001,
        0.0001,
        0.0001,
        0.0001,
        0.0001,
        0.0001,
        0.0001,
        0.0001,
        0.0001,
        0.0001,
        0.0001,
        0.0001,
        0.0001,
        0.0001,
        0.0001
      ],
      "best_val_acc": 0.9505,
      "test_acc": 0.9465,
      "test_f1": {
        "macro": 0.9464993446169716,
        "micro": 0.9465,
        "weighted": 0.9464993446169715,
        "binary_malware": 0.9466865969108121,
        "binary_benign": 0.946312092323131,
        "per_class": {
          "benign": 0.946312092323131,
          "malware": 0.9466865969108121
        }
      },
      "test_macro_f1": 0.9464993446169716,
      "classification_report": "              precision    recall  f1-score   support\n\n      benign     0.9496    0.9430    0.9463      1000\n     malware     0.9434    0.9500    0.9467      1000\n\n    accuracy                         0.9465      2000\n   macro avg     0.9465    0.9465    0.9465      2000\nweighted avg     0.9465    0.9465    0.9465      2000\n",
      "confusion_matrix": [
        [
          943,
          57
        ],
        [
          50,
          950
        ]
      ],
      "class_to_idx": {
        "benign": 0,
        "malware": 1
      },
      "label_order": {
        "benign": 0,
        "malware": 1
      }
    },
    {
      "run": 3,
      "seed": 3409,
      "epochs": 15,
      "train_loss_per_epoch": [
        0.3797099885940552,
        0.22592092753946783,
        0.15020528191328048,
        0.10635752713680267,
        0.07883231785800308,
        0.053215658593922854,
        0.03977160557801835,
        0.036884020240744574,
        0.03686724808230065,
        0.01527212666819105,
        0.029879167158156632,
        0.019537177482794505,
        0.020247307732817715,
        0.010781018299545394,
        0.022831723969022277
      ],
      "val_acc_per_epoch": [
        0.9035,
        0.9105,
        0.9275,
        0.928,
        0.9315,
        0.9435,
        0.9295,
        0.946,
        0.9375,
        0.937,
        0.9435,
        0.9415,
        0.9435,
        0.939,
        0.947
      ],
      "lr_per_epoch": [
        0.0001,
        0.0001,
        0.0001,
        0.0001,
        0.0001,
        0.0001,
        0.0001,
        0.0001,
        0.0001,
        0.0001,
        0.0001,
        0.0001,
        0.0001,
        0.0001,
        0.0001
      ],
      "best_val_acc": 0.947,
      "test_acc": 0.9545,
      "test_f1": {
        "macro": 0.9544999886249972,
        "micro": 0.9545,
        "weighted": 0.9544999886249972,
        "binary_malware": 0.9545227386306847,
        "binary_benign": 0.9544772386193097,
        "per_class": {
          "benign": 0.9544772386193097,
          "malware": 0.9545227386306847
        }
      },
      "test_macro_f1": 0.9544999886249972,
      "classification_report": "              precision    recall  f1-score   support\n\n      benign     0.9550    0.9540    0.9545      1000\n     malware     0.9540    0.9550    0.9545      1000\n\n    accuracy                         0.9545      2000\n   macro avg     0.9545    0.9545    0.9545      2000\nweighted avg     0.9545    0.9545    0.9545      2000\n",
      "confusion_matrix": [
        [
          954,
          46
        ],
        [
          45,
          955
        ]
      ],
      "class_to_idx": {
        "benign": 0,
        "malware": 1
      },
      "label_order": {
        "benign": 0,
        "malware": 1
      }
    },
    {
      "run": 4,
      "seed": 3410,
      "epochs": 15,
      "train_loss_per_epoch": [
        0.36984954702854156,
        0.23312141551077367,
        0.16257003900408745,
        0.11606876619905233,
        0.07828468690998852,
        0.06264740068698302,
        0.04907001580717042,
        0.024721188039402476,
        0.02881080238276627,
        0.02900005474523641,
        0.02639175587624777,
        0.023378675066283904,
        0.012896308367227903,
        0.01958820564567577,
        0.010050355452432996
      ],
      "val_acc_per_epoch": [
        0.875,
        0.878,
        0.919,
        0.922,
        0.927,
        0.9435,
        0.9375,
        0.9285,
        0.9445,
        0.9345,
        0.9405,
        0.946,
        0.9395,
        0.933,
        0.942
      ],
      "lr_per_epoch": [
        0.0001,
        0.0001,
        0.0001,
        0.0001,
        0.0001,
        0.0001,
        0.0001,
        0.0001,
        0.0001,
        0.0001,
        0.0001,
        0.0001,
        0.0001,
        0.0001,
        0.0001
      ],
      "best_val_acc": 0.946,
      "test_acc": 0.9415,