{
  "timestamp": "20260510-100705",
  "args": {
    "data_root": "apk2img-ml-datasets/data/sdhash/image_rgb_hi",
    "model": "resnet101",
    "pretrained": true,
    "epochs": 100,
    "batch": 8,
    "lr": 0.0002462084374714394,
    "optimizer": "adam",
    "weight_decay": 0.0,
    "lr_scheduler": "none",
    "scheduler_step_size": 5,
    "scheduler_milestones": [
      10,
      20
    ],
    "scheduler_gamma": 0.1,
    "scheduler_exp_gamma": 0.95,
    "scheduler_patience": 2,
    "scheduler_t_max": null,
    "scheduler_eta_min": 0.0,
    "scheduler_t_0": null,
    "scheduler_t_mult": 1,
    "scheduler_pct_start": 0.3,
    "scheduler_div_factor": 25.0,
    "scheduler_final_div_factor": 10000.0,
    "workers": 4,
    "in_ch": 1,
    "resize": "256,256",
    "seed": 3407,
    "runs": 1,
    "log_dir": "/home/IM25D009/git_workspace/results/rgb_hi/cnn_optuna_pre/20260510-044113/best_eval",
    "early_stopping_patience": 3,
    "early_stopping_min_delta": 0.0,
    "restore_best": true
  },
  "device": "cuda",
  "runs": [
    {
      "run": 1,
      "seed": 3407,
      "epochs": 100,
      "train_loss_per_epoch": [
        0.3795418412042782,
        0.2203031680571148,
        0.168105575901689,
        0.1317952904931735,
        0.09966022653541586,
        0.08394982782407896,
        0.06237954165415795,
        0.04801417806363406,
        0.04714153482474785
      ],
      "val_acc_per_epoch": [
        0.8905,
        0.928,
        0.944,
        0.924,
        0.949,
        0.955,
        0.929,
        0.8865,
        0.954
      ],
      "lr_per_epoch": [
        0.0002462084374714394,
        0.0002462084374714394,
        0.0002462084374714394,
        0.0002462084374714394,
        0.0002462084374714394,
        0.0002462084374714394,
        0.0002462084374714394,
        0.0002462084374714394,
        0.0002462084374714394
      ],
      "best_val_acc": 0.955,
      "best_epoch": 6,
      "epochs_completed": 9,
      "early_stopped": true,
      "stopped_epoch": 9,
      "test_acc": 0.9555,
      "test_f1": {
        "macro": 0.95549509333404,
        "micro": 0.9555,
        "weighted": 0.9554950933340401,
        "binary_malware": 0.9550277918140475,
        "binary_benign": 0.9559623948540327,
        "per_class": {
          "benign": 0.9559623948540327,
          "malware": 0.9550277918140475
        }
      },
      "test_macro_f1": 0.95549509333404,
      "classification_report": "              precision    recall  f1-score   support\n\n      benign     0.9461    0.9660    0.9560      1000\n     malware     0.9653    0.9450    0.9550      1000\n\n    accuracy                         0.9555      2000\n   macro avg     0.9557    0.9555    0.9555      2000\nweighted avg     0.9557    0.9555    0.9555      2000\n",
      "confusion_matrix": [
        [
          966,
          34
        ],
        [
          55,
          945
        ]
      ],
      "class_to_idx": {
        "benign": 0,
        "malware": 1
      },
      "label_order": {
        "benign": 0,
        "malware": 1
      }
    }
  ],
  "summary": {
    "test_acc_mean": 0.9555,
    "test_acc_std": 0.0,
    "macro_f1_mean": 0.95549509333404,
    "macro_f1_std": 0.0,
    "micro_f1_mean": 0.9555,
    "micro_f1_std": 0.0,
    "weighted_f1_mean": 0.9554950933340401,
    "weighted_f1_std": 0.0,
    "binary_malware_f1_mean": 0.9550277918140475,
    "binary_malware_f1_std": 0.0,
    "binary_benign_f1_mean": 0.9559623948540327,
    "binary_benign_f1_std": 0.0,
    "per_class_f1_mean": [
      0.9559623948540327,
      0.9550277918140475
    ],
    "per_class_f1_std": [
      0.0,
      0.0
    ],
    "per_class_f1_order": [
      "benign",
      "malware"
    ]
  }
}