{
  "timestamp": "20260412-044856",
  "args": {
    "data_root": "/mnt/nas/RB2023/image_rgb_hi",
    "model": "efficientnet_v2_s",
    "epochs": 15,
    "batch": 32,
    "workers": 4,
    "in_ch": 1,
    "resize": "256,256",
    "seed": 3407,
    "runs": 5,
    "log_dir": "../new_result/image_rgb_hi"
  },
  "device": "cuda",
  "runs": [
    {
      "run": 1,
      "seed": 3407,
      "epochs": 15,
      "train_loss_per_epoch": [
        0.32507813373208044,
        0.18571063010394573,
        0.13179174506664276,
        0.09158099907264114,
        0.06920029298495502,
        0.0411504410370253,
        0.034778040532022714,
        0.03212461810465902,
        0.027214207357144915,
        0.022936180822085588,
        0.024126595556968822,
        0.013950227914407151,
        0.01812002935062628,
        0.01766998220322421,
        0.012304024510740419
      ],
      "val_acc_per_epoch": [
        0.868,
        0.9345,
        0.9385,
        0.927,
        0.9345,
        0.9285,
        0.92,
        0.929,
        0.943,
        0.9445,
        0.9335,
        0.9505,
        0.9395,
        0.951,
        0.951
      ],
      "lr_per_epoch": [
        0.0001,
        0.0001,
        0.0001,
        0.0001,
        0.0001,
        0.0001,
        0.0001,
        0.0001,
        0.0001,
        0.0001,
        0.0001,
        0.0001,
        0.0001,
        0.0001,
        0.0001
      ],
      "best_val_acc": 0.951,
      "test_acc": 0.9535,
      "test_f1": {
        "macro": 0.9534902213190324,
        "micro": 0.9535,
        "weighted": 0.9534902213190324,
        "binary_malware": 0.9528158295281582,
        "binary_benign": 0.9541646131099064,
        "per_class": {
          "benign": 0.9541646131099064,
          "malware": 0.9528158295281582
        }
      },
      "test_macro_f1": 0.9534902213190324,
      "classification_report": "              precision    recall  f1-score   support\n\n      benign     0.9407    0.9680    0.9542      1000\n     malware     0.9670    0.9390    0.9528      1000\n\n    accuracy                         0.9535      2000\n   macro avg     0.9539    0.9535    0.9535      2000\nweighted avg     0.9539    0.9535    0.9535      2000\n",
      "confusion_matrix": [
        [
          968,
          32
        ],
        [
          61,
          939
        ]
      ],
      "class_to_idx": {
        "benign": 0,
        "malware": 1
      },
      "label_order": {
        "benign": 0,
        "malware": 1
      }
    },
    {
      "run": 2,
      "seed": 3408,
      "epochs": 15,
      "train_loss_per_epoch": [
        0.33658912432193755,
        0.19150669206678866,
        0.1390087742805481,
        0.10137356892973184,
        0.0788197913914919,
        0.05111943676089868,
        0.041327670507133006,
        0.032103478396311405,
        0.022593827556993348,
        0.020195135970716364,
        0.022283439763938078,
        0.018940023260889574,
        0.021698700223176274,
        0.016308707903313915,
        0.010355250463806443
      ],
      "val_acc_per_epoch": [
        0.8975,
        0.924,
        0.952,
        0.952,
        0.937,
        0.9345,
        0.955,
        0.9445,
        0.948,
        0.95,
        0.9545,
        0.9485,
        0.9265,
        0.951,
        0.94
      ],
      "lr_per_epoch": [
        0.0001,
        0.0001,
        0.0001,
        0.0001,
        0.0001,
        0.0001,
        0.0001,
        0.0001,
        0.0001,
        0.0001,
        0.0001,
        0.0001,
        0.0001,
        0.0001,
        0.0001
      ],
      "best_val_acc": 0.955,
      "test_acc": 0.946,
      "test_f1": {
        "macro": 0.9459843894885622,
        "micro": 0.946,
        "weighted": 0.9459843894885622,
        "binary_malware": 0.9450661241098678,
        "binary_benign": 0.9469026548672567,
        "per_class": {
          "benign": 0.9469026548672567,
          "malware": 0.9450661241098678
        }
      },
      "test_macro_f1": 0.9459843894885622,
      "classification_report": "              precision    recall  f1-score   support\n\n      benign     0.9313    0.9630    0.9469      1000\n     malware     0.9617    0.9290    0.9451      1000\n\n    accuracy                         0.9460      2000\n   macro avg     0.9465    0.9460    0.9460      2000\nweighted avg     0.9465    0.9460    0.9460      2000\n",
      "confusion_matrix": [
        [
          963,
          37
        ],
        [
          71,
          929
        ]
      ],
      "class_to_idx": {
        "benign": 0,
        "malware": 1
      },
      "label_order": {
        "benign": 0,
        "malware": 1
      }
    },
    {
      "run": 3,
      "seed": 3409,
      "epochs": 15,
      "train_loss_per_epoch": [
        0.3316119757294655,
        0.19673932763934135,
        0.1294102108925581,
        0.09607441661693156,
        0.07259165590628981,
        0.039396843926049765,
        0.04205843602027744,
        0.02525141461682506,
        0.018288555747363718,
        0.020571562911674845,
        0.023533132978365758,
        0.021826347985479513,
        0.017780686536498252,
        0.012789958835521247,
        0.01737881254107924
      ],
      "val_acc_per_epoch": [
        0.9085,
        0.929,
        0.9315,
        0.937,
        0.9355,
        0.94,
        0.947,
        0.9455,
        0.9435,
        0.9375,
        0.9345,
        0.9315,
        0.95,
        0.953,
        0.944
      ],
      "lr_per_epoch": [
        0.0001,
        0.0001,
        0.0001,
        0.0001,
        0.0001,
        0.0001,
        0.0001,
        0.0001,
        0.0001,
        0.0001,
        0.0001,
        0.0001,
        0.0001,
        0.0001,
        0.0001
      ],
      "best_val_acc": 0.953,
      "test_acc": 0.95,
      "test_f1": {
        "macro": 0.9499887474681803,
        "micro": 0.95,
        "weighted": 0.9499887474681802,
        "binary_malware": 0.949238578680203,
        "binary_benign": 0.9507389162561576,
        "per_class": {
          "benign": 0.9507389162561576,
          "malware": 0.949238578680203
        }
      },
      "test_macro_f1": 0.9499887474681803,
      "classification_report": "              precision    recall  f1-score   support\n\n      benign     0.9369    0.9650    0.9507      1000\n     malware     0.9639    0.9350    0.9492      1000\n\n    accuracy                         0.9500      2000\n   macro avg     0.9504    0.9500    0.9500      2000\nweighted avg     0.9504    0.9500    0.9500      2000\n",
      "confusion_matrix": [
        [
          965,
          35
        ],
        [
          65,
          935
        ]
      ],
      "class_to_idx": {
        "benign": 0,
        "malware": 1
      },
      "label_order": {
        "benign": 0,
        "malware": 1
      }
    },
    {
      "run": 4,
      "seed": 3410,
      "epochs": 15,
      "train_loss_per_epoch": [
        0.33035046938061713,
        0.184364605858922,
        0.13362855069339274,
        0.08592622567713261,
        0.056450749738141896,
        0.047631219015456736,
        0.03488885862356983,
        0.030485421871882863,
        0.02353849306702614,
        0.017655808578245342,
        0.021427243805257602,
        0.022357299001130742,
        0.014028758982662112,
        0.015630601003795163,
        0.018090462495805697
      ],
      "val_acc_per_epoch": [
        0.9025,
        0.8975,
        0.939,
        0.9395,
        0.946,
        0.9485,
        0.932,
        0.9475,
        0.948,
        0.938,
        0.947,
        0.953,
        0.953,
        0.955,
        0.9505
      ],
      "lr_per_epoch": [
        0.0001,
        0.0001,
        0.0001,
        0.0001,
        0.0001,
        0.0001,
        0.0001,
        0.0001,
        0.0001,
        0.0001,
        0.0001,
        0.0001,
        0.0001,
        0.0001,
        0.0001
      ],
      "best_val_acc": 0.955,
      "test_acc": 0.9635,