{
  "timestamp": "20260513-222544",
  "args": {
    "data_root": "apk2img-ml-datasets/data/sdhash/image_rgba_hi",
    "model": "vgg16",
    "pretrained": true,
    "epochs": 100,
    "batch": 16,
    "lr": 9.38910613738328e-05,
    "optimizer": "adamw",
    "weight_decay": 1e-05,
    "lr_scheduler": "none",
    "scheduler_step_size": 5,
    "scheduler_milestones": [
      10,
      20
    ],
    "scheduler_gamma": 0.1,
    "scheduler_exp_gamma": 0.95,
    "scheduler_patience": 2,
    "scheduler_t_max": null,
    "scheduler_eta_min": 0.0,
    "scheduler_t_0": null,
    "scheduler_t_mult": 1,
    "scheduler_pct_start": 0.3,
    "scheduler_div_factor": 25.0,
    "scheduler_final_div_factor": 10000.0,
    "workers": 4,
    "in_ch": 1,
    "resize": "256,256",
    "seed": 3407,
    "runs": 1,
    "log_dir": "/home/IM25D009/git_workspace/results/rgba_hi/cnn_optuna_pre/20260513-145631/best_eval",
    "early_stopping_patience": 3,
    "early_stopping_min_delta": 0.0,
    "restore_best": true
  },
  "device": "cuda",
  "runs": [
    {
      "run": 1,
      "seed": 3407,
      "epochs": 100,
      "train_loss_per_epoch": [
        0.3349100754410028,
        0.20314374087378384,
        0.14399627390410752,
        0.10447053040401079,
        0.06416733242450573,
        0.05474814642572892,
        0.043390122931283255,
        0.03055459537171555,
        0.016891243271739142,
        0.026025207368062412,
        0.02608098580660242,
        0.023191315621299793
      ],
      "val_acc_per_epoch": [
        0.9165,
        0.9335,
        0.9145,
        0.947,
        0.933,
        0.9475,
        0.946,
        0.9485,
        0.949,
        0.9325,
        0.9405,
        0.9325
      ],
      "lr_per_epoch": [
        9.38910613738328e-05,
        9.38910613738328e-05,
        9.38910613738328e-05,
        9.38910613738328e-05,
        9.38910613738328e-05,
        9.38910613738328e-05,
        9.38910613738328e-05,
        9.38910613738328e-05,
        9.38910613738328e-05,
        9.38910613738328e-05,
        9.38910613738328e-05,
        9.38910613738328e-05
      ],
      "best_val_acc": 0.949,
      "best_epoch": 9,
      "epochs_completed": 12,
      "early_stopped": true,
      "stopped_epoch": 12,
      "test_acc": 0.9455,
      "test_f1": {
        "macro": 0.94549769727771,
        "micro": 0.9455,
        "weighted": 0.94549769727771,
        "binary_malware": 0.9458519622454049,
        "binary_benign": 0.9451434323100151,
        "per_class": {
          "benign": 0.9451434323100151,
          "malware": 0.9458519622454049
        }
      },
      "test_macro_f1": 0.94549769727771,
      "classification_report": "              precision    recall  f1-score   support\n\n      benign     0.9514    0.9390    0.9451      1000\n     malware     0.9398    0.9520    0.9459      1000\n\n    accuracy                         0.9455      2000\n   macro avg     0.9456    0.9455    0.9455      2000\nweighted avg     0.9456    0.9455    0.9455      2000\n",
      "confusion_matrix": [
        [
          939,
          61
        ],
        [
          48,
          952
        ]
      ],
      "class_to_idx": {
        "benign": 0,
        "malware": 1
      },
      "label_order": {
        "benign": 0,
        "malware": 1
      }
    }
  ],
  "summary": {
    "test_acc_mean": 0.9455,
    "test_acc_std": 0.0,
    "macro_f1_mean": 0.94549769727771,
    "macro_f1_std": 0.0,
    "micro_f1_mean": 0.9455,
    "micro_f1_std": 0.0,
    "weighted_f1_mean": 0.94549769727771,
    "weighted_f1_std": 0.0,
    "binary_malware_f1_mean": 0.9458519622454049,
    "binary_malware_f1_std": 0.0,
    "binary_benign_f1_mean": 0.9451434323100151,
    "binary_benign_f1_std": 0.0,
    "per_class_f1_mean": [
      0.9451434323100151,
      0.9458519622454049
    ],
    "per_class_f1_std": [
      0.0,
      0.0
    ],
    "per_class_f1_order": [
      "benign",
      "malware"
    ]
  }
}