{
  "timestamp": "20260408-165001",
  "args": {
    "data_root": "/mnt/nas/RB2023/image_glay",
    "model": "resnet50",
    "epochs": 15,
    "batch": 32,
    "workers": 4,
    "in_ch": 1,
    "resize": "256,256",
    "seed": 3407,
    "runs": 5,
    "log_dir": "../new_result/img_gray"
  },
  "device": "cuda",
  "runs": [
    {
      "run": 1,
      "seed": 3407,
      "epochs": 15,
      "train_loss_per_epoch": [
        0.3217418681681156,
        0.16793558931350708,
        0.12414626657962799,
        0.0867992671597749,
        0.05963535346649587,
        0.04503424941143021,
        0.042089092988520864,
        0.03000674270070158,
        0.023562346491380594,
        0.01423022785782814,
        0.023837935367540922,
        0.011127447522827424,
        0.010932878356194123,
        0.01262894227875222,
        0.01717882869418827
      ],
      "val_acc_per_epoch": [
        0.851,
        0.924,
        0.926,
        0.914,
        0.9345,
        0.9285,
        0.9235,
        0.933,
        0.9385,
        0.934,
        0.94,
        0.943,
        0.912,
        0.921,
        0.9335
      ],
      "lr_per_epoch": [
        0.0001,
        0.0001,
        0.0001,
        0.0001,
        0.0001,
        0.0001,
        0.0001,
        0.0001,
        0.0001,
        0.0001,
        0.0001,
        0.0001,
        0.0001,
        0.0001,
        0.0001
      ],
      "best_val_acc": 0.943,
      "test_acc": 0.93,
      "test_f1": {
        "macro": 0.9299719887955182,
        "micro": 0.93,
        "weighted": 0.9299719887955182,
        "binary_malware": 0.9285714285714286,
        "binary_benign": 0.9313725490196079,
        "per_class": {
          "benign": 0.9313725490196079,
          "malware": 0.9285714285714286
        }
      },
      "test_macro_f1": 0.9299719887955182,
      "classification_report": "              precision    recall  f1-score   support\n\n      benign     0.9135    0.9500    0.9314      1000\n     malware     0.9479    0.9100    0.9286      1000\n\n    accuracy                         0.9300      2000\n   macro avg     0.9307    0.9300    0.9300      2000\nweighted avg     0.9307    0.9300    0.9300      2000\n",
      "confusion_matrix": [
        [
          950,
          50
        ],
        [
          90,
          910
        ]
      ],
      "class_to_idx": {
        "benign": 0,
        "malware": 1
      },
      "label_order": {
        "benign": 0,
        "malware": 1
      }
    },
    {
      "run": 2,
      "seed": 3408,
      "epochs": 15,
      "train_loss_per_epoch": [
        0.32677879598736764,
        0.18840533830225467,
        0.12386158888041973,
        0.08835886908881366,
        0.06613527452852577,
        0.03491141308611259,
        0.03202608865359798,
        0.026080546176293865,
        0.026954411533195527,
        0.021142157430527733,
        0.008301815373139107,
        0.008277321020592353,
        0.008770118563283177,
        0.052810589736822296,
        0.005679058924870333
      ],
      "val_acc_per_epoch": [
        0.9005,
        0.9345,
        0.93,
        0.948,
        0.945,
        0.947,
        0.943,
        0.9465,
        0.941,
        0.9495,
        0.9365,
        0.944,
        0.936,
        0.954,
        0.9535
      ],
      "lr_per_epoch": [
        0.0001,
        0.0001,
        0.0001,
        0.0001,
        0.0001,
        0.0001,
        0.0001,
        0.0001,
        0.0001,
        0.0001,
        0.0001,
        0.0001,
        0.0001,
        0.0001,
        0.0001
      ],
      "best_val_acc": 0.954,
      "test_acc": 0.9515,
      "test_f1": {
        "macro": 0.9514867922791981,
        "micro": 0.9515,
        "weighted": 0.951486792279198,
        "binary_malware": 0.9522872602065913,
        "binary_benign": 0.9506863243518048,
        "per_class": {
          "benign": 0.9506863243518048,
          "malware": 0.9522872602065913
        }
      },
      "test_macro_f1": 0.9514867922791981,
      "classification_report": "              precision    recall  f1-score   support\n\n      benign     0.9669    0.9350    0.9507      1000\n     malware     0.9371    0.9680    0.9523      1000\n\n    accuracy                         0.9515      2000\n   macro avg     0.9520    0.9515    0.9515      2000\nweighted avg     0.9520    0.9515    0.9515      2000\n",
      "confusion_matrix": [
        [
          935,
          65
        ],
        [
          32,
          968
        ]
      ],
      "class_to_idx": {
        "benign": 0,
        "malware": 1
      },
      "label_order": {
        "benign": 0,
        "malware": 1
      }
    },
    {
      "run": 3,
      "seed": 3409,
      "epochs": 15,
      "train_loss_per_epoch": [
        0.3315431161224842,
        0.19583204692602157,
        0.12331322121992708,
        0.08808272509649397,
        0.06001288315653801,
        0.042434229242615404,
        0.027240984712960197,
        0.023547328604792712,
        0.03135069669224322,
        0.008545818550803233,
        0.012999960088563967,
        0.014854581700681593,
        0.023023661646642723,
        0.016886763605114537,
        0.006822885859415692
      ],
      "val_acc_per_epoch": [
        0.8835,
        0.906,
        0.9385,
        0.9235,
        0.9335,
        0.942,
        0.9305,
        0.912,
        0.9355,
        0.9455,
        0.9465,
        0.932,
        0.9285,
        0.949,
        0.9435
      ],
      "lr_per_epoch": [
        0.0001,
        0.0001,
        0.0001,
        0.0001,
        0.0001,
        0.0001,
        0.0001,
        0.0001,
        0.0001,
        0.0001,
        0.0001,
        0.0001,
        0.0001,
        0.0001,
        0.0001
      ],
      "best_val_acc": 0.949,
      "test_acc": 0.957,
      "test_f1": {
        "macro": 0.956995699569957,
        "micro": 0.957,
        "weighted": 0.956995699569957,
        "binary_malware": 0.9565656565656566,
        "binary_benign": 0.9574257425742574,
        "per_class": {
          "benign": 0.9574257425742574,
          "malware": 0.9565656565656566
        }
      },
      "test_macro_f1": 0.956995699569957,
      "classification_report": "              precision    recall  f1-score   support\n\n      benign     0.9480    0.9670    0.9574      1000\n     malware     0.9663    0.9470    0.9566      1000\n\n    accuracy                         0.9570      2000\n   macro avg     0.9572    0.9570    0.9570      2000\nweighted avg     0.9572    0.9570    0.9570      2000\n",
      "confusion_matrix": [
        [
          967,
          33
        ],
        [
          53,
          947
        ]
      ],
      "class_to_idx": {
        "benign": 0,
        "malware": 1
      },
      "label_order": {
        "benign": 0,
        "malware": 1
      }
    },
    {
      "run": 4,
      "seed": 3410,
      "epochs": 15,
      "train_loss_per_epoch": [
        0.3153681619167328,
        0.17623622815310955,
        0.12072765102982522,
        0.08633197916299104,
        0.05494787095673382,
        0.04225350705673918,
        0.037170879676705224,
        0.019612106515443883,
        0.02268719247134868,
        0.02395282260357635,
        0.026146370881760958,
        0.012896639570069965,
        0.013097839631896932,
        0.011021515168453334,
        0.009533529202264617
      ],
      "val_acc_per_epoch": [
        0.904,
        0.882,
        0.9325,
        0.938,
        0.932,
        0.895,
        0.9445,
        0.9255,
        0.948,
        0.9445,
        0.9475,
        0.9495,
        0.9385,
        0.9465,
        0.9415
      ],
      "lr_per_epoch": [
        0.0001,
        0.0001,
        0.0001,
        0.0001,
        0.0001,
        0.0001,
        0.0001,
        0.0001,
        0.0001,
        0.0001,
        0.0001,
        0.0001,
        0.0001,
        0.0001,
        0.0001
      ],
      "best_val_acc": 0.9495,
      "test_acc": 0.9505,