{
  "timestamp": "20260412-063139",
  "args": {
    "data_root": "/mnt/nas/RB2023/image_rgb_vb",
    "model": "efficientnet_v2_s",
    "epochs": 15,
    "batch": 32,
    "workers": 4,
    "in_ch": 1,
    "resize": "256,256",
    "seed": 3407,
    "runs": 5,
    "log_dir": "../new_result/image_rgb_vb"
  },
  "device": "cuda",
  "runs": [
    {
      "run": 1,
      "seed": 3407,
      "epochs": 15,
      "train_loss_per_epoch": [
        0.41466485553979876,
        0.26188175269961356,
        0.1919442347586155,
        0.14710878162831068,
        0.09529184121266007,
        0.06754912790283561,
        0.05582695954386145,
        0.03596446103276685,
        0.03193177836528048,
        0.026885406556306408,
        0.027055444411584174,
        0.0295281794203911,
        0.019169777838222216,
        0.02239456605061423,
        0.0171903001749306
      ],
      "val_acc_per_epoch": [
        0.8705,
        0.882,
        0.849,
        0.8685,
        0.9125,
        0.9185,
        0.916,
        0.9235,
        0.935,
        0.935,
        0.9235,
        0.9405,
        0.9375,
        0.929,
        0.9395
      ],
      "lr_per_epoch": [
        0.0001,
        0.0001,
        0.0001,
        0.0001,
        0.0001,
        0.0001,
        0.0001,
        0.0001,
        0.0001,
        0.0001,
        0.0001,
        0.0001,
        0.0001,
        0.0001,
        0.0001
      ],
      "best_val_acc": 0.9405,
      "test_acc": 0.946,
      "test_f1": {
        "macro": 0.9459861724601497,
        "micro": 0.946,
        "weighted": 0.9459861724601498,
        "binary_malware": 0.9468503937007874,
        "binary_benign": 0.9451219512195121,
        "per_class": {
          "benign": 0.9451219512195121,
          "malware": 0.9468503937007874
        }
      },
      "test_macro_f1": 0.9459861724601497,
      "classification_report": "              precision    recall  f1-score   support\n\n      benign     0.9607    0.9300    0.9451      1000\n     malware     0.9322    0.9620    0.9469      1000\n\n    accuracy                         0.9460      2000\n   macro avg     0.9465    0.9460    0.9460      2000\nweighted avg     0.9465    0.9460    0.9460      2000\n",
      "confusion_matrix": [
        [
          930,
          70
        ],
        [
          38,
          962
        ]
      ],
      "class_to_idx": {
        "benign": 0,
        "malware": 1
      },
      "label_order": {
        "benign": 0,
        "malware": 1
      }
    },
    {
      "run": 2,
      "seed": 3408,
      "epochs": 15,
      "train_loss_per_epoch": [
        0.40624267268180847,
        0.2582714498341084,
        0.19465166349709034,
        0.15285182246565818,
        0.10762099546939134,
        0.07160140791349114,
        0.05489995209686458,
        0.04703017194708809,
        0.03291046997974627,
        0.035699859586544334,
        0.025117577473865824,
        0.020876062681723852,
        0.019643695727572776,
        0.019388844029803294,
        0.016509499261010207
      ],
      "val_acc_per_epoch": [
        0.8825,
        0.889,
        0.907,
        0.9255,
        0.9315,
        0.9145,
        0.931,
        0.916,
        0.93,
        0.947,
        0.949,
        0.9475,
        0.9505,
        0.9445,
        0.9505
      ],
      "lr_per_epoch": [
        0.0001,
        0.0001,
        0.0001,
        0.0001,
        0.0001,
        0.0001,
        0.0001,
        0.0001,
        0.0001,
        0.0001,
        0.0001,
        0.0001,
        0.0001,
        0.0001,
        0.0001
      ],
      "best_val_acc": 0.9505,
      "test_acc": 0.952,
      "test_f1": {
        "macro": 0.9519905901556704,
        "micro": 0.952,
        "weighted": 0.9519905901556706,
        "binary_malware": 0.9513184584178499,
        "binary_benign": 0.9526627218934911,
        "per_class": {
          "benign": 0.9526627218934911,
          "malware": 0.9513184584178499
        }
      },
      "test_macro_f1": 0.9519905901556704,
      "classification_report": "              precision    recall  f1-score   support\n\n      benign     0.9397    0.9660    0.9527      1000\n     malware     0.9650    0.9380    0.9513      1000\n\n    accuracy                         0.9520      2000\n   macro avg     0.9524    0.9520    0.9520      2000\nweighted avg     0.9524    0.9520    0.9520      2000\n",
      "confusion_matrix": [
        [
          966,
          34
        ],
        [
          62,
          938
        ]
      ],
      "class_to_idx": {
        "benign": 0,
        "malware": 1
      },
      "label_order": {
        "benign": 0,
        "malware": 1
      }
    },
    {
      "run": 3,
      "seed": 3409,
      "epochs": 15,
      "train_loss_per_epoch": [
        0.40737696474790575,
        0.26403147172927854,
        0.1844839670062065,
        0.13207816980034112,
        0.10015523172169924,
        0.0647859829813242,
        0.050690528356470164,
        0.03977347381785512,
        0.035735181655269115,
        0.02524438685993664,
        0.024583645031030756,
        0.01741745963378344,
        0.016833225182286696,
        0.024182605380599853,
        0.01463629342155764
      ],
      "val_acc_per_epoch": [
        0.883,
        0.9155,
        0.9175,
        0.916,
        0.9035,
        0.9435,
        0.919,
        0.9475,
        0.921,
        0.9285,
        0.9365,
        0.9415,
        0.935,
        0.9475,
        0.952
      ],
      "lr_per_epoch": [
        0.0001,
        0.0001,
        0.0001,
        0.0001,
        0.0001,
        0.0001,
        0.0001,
        0.0001,
        0.0001,
        0.0001,
        0.0001,
        0.0001,
        0.0001,
        0.0001,
        0.0001
      ],
      "best_val_acc": 0.952,
      "test_acc": 0.959,
      "test_f1": {
        "macro": 0.9589989749743744,
        "micro": 0.959,
        "weighted": 0.9589989749743743,
        "binary_malware": 0.9587939698492463,
        "binary_benign": 0.9592039800995025,
        "per_class": {
          "benign": 0.9592039800995025,
          "malware": 0.9587939698492463
        }
      },
      "test_macro_f1": 0.9589989749743744,
      "classification_report": "              precision    recall  f1-score   support\n\n      benign     0.9545    0.9640    0.9592      1000\n     malware     0.9636    0.9540    0.9588      1000\n\n    accuracy                         0.9590      2000\n   macro avg     0.9590    0.9590    0.9590      2000\nweighted avg     0.9590    0.9590    0.9590      2000\n",
      "confusion_matrix": [
        [
          964,
          36
        ],
        [
          46,
          954
        ]
      ],
      "class_to_idx": {
        "benign": 0,
        "malware": 1
      },
      "label_order": {
        "benign": 0,
        "malware": 1
      }
    },
    {
      "run": 4,
      "seed": 3410,
      "epochs": 15,
      "train_loss_per_epoch": [
        0.39730607968568804,
        0.2575973123908043,
        0.17220043295621873,
        0.11858797146379947,
        0.0764042969737202,
        0.06740066158678383,
        0.045403619137126955,
        0.03690599765791558,
        0.030289251145906745,
        0.022393771152826956,
        0.01397049279656494,
        0.02194055547163589,
        0.02680787766224239,
        0.012698442355700536,
        0.01933316314642434
      ],
      "val_acc_per_epoch": [
        0.8715,
        0.8755,
        0.9425,
        0.9255,
        0.946,
        0.9425,
        0.933,
        0.945,
        0.948,
        0.943,
        0.9445,
        0.948,
        0.946,
        0.947,
        0.952
      ],
      "lr_per_epoch": [
        0.0001,
        0.0001,
        0.0001,
        0.0001,
        0.0001,
        0.0001,
        0.0001,
        0.0001,
        0.0001,
        0.0001,
        0.0001,
        0.0001,
        0.0001,
        0.0001,
        0.0001
      ],
      "best_val_acc": 0.952,
      "test_acc": 0.9585,