{
  "timestamp": "20260511-091301",
  "args": {
    "data_root": "apk2img-ml-datasets/data/sdhash/image_rgb_hb",
    "model": "resnet34",
    "pretrained": false,
    "epochs": 100,
    "batch": 8,
    "lr": 0.00024843289112327975,
    "optimizer": "adam",
    "weight_decay": 0.0001,
    "lr_scheduler": "none",
    "scheduler_step_size": 5,
    "scheduler_milestones": [
      10,
      20
    ],
    "scheduler_gamma": 0.1,
    "scheduler_exp_gamma": 0.95,
    "scheduler_patience": 2,
    "scheduler_t_max": null,
    "scheduler_eta_min": 0.0,
    "scheduler_t_0": null,
    "scheduler_t_mult": 1,
    "scheduler_pct_start": 0.3,
    "scheduler_div_factor": 25.0,
    "scheduler_final_div_factor": 10000.0,
    "workers": 4,
    "in_ch": 1,
    "resize": "256,256",
    "seed": 3407,
    "runs": 1,
    "log_dir": "/home/IM25D009/git_workspace/results/rgb_hb/cnn_optuna_no/20260511-044803/best_eval",
    "early_stopping_patience": 3,
    "early_stopping_min_delta": 0.0,
    "restore_best": true
  },
  "device": "cuda",
  "runs": [
    {
      "run": 1,
      "seed": 3407,
      "epochs": 100,
      "train_loss_per_epoch": [
        0.4762978024352342,
        0.24267609070567414,
        0.18732833988871425,
        0.15760182481445373,
        0.1454512193419505,
        0.12692677008756437,
        0.1144145123702474,
        0.11106982733984477,
        0.10381539764185437,
        0.09706025767908431,
        0.08793584677611943,
        0.08365764758497243,
        0.07073053346268716,
        0.06912954432939296,
        0.07128197682776954
      ],
      "val_acc_per_epoch": [
        0.8375,
        0.935,
        0.9175,
        0.919,
        0.949,
        0.952,
        0.926,
        0.944,
        0.958,
        0.943,
        0.954,
        0.9625,
        0.9475,
        0.9445,
        0.9575
      ],
      "lr_per_epoch": [
        0.00024843289112327975,
        0.00024843289112327975,
        0.00024843289112327975,
        0.00024843289112327975,
        0.00024843289112327975,
        0.00024843289112327975,
        0.00024843289112327975,
        0.00024843289112327975,
        0.00024843289112327975,
        0.00024843289112327975,
        0.00024843289112327975,
        0.00024843289112327975,
        0.00024843289112327975,
        0.00024843289112327975,
        0.00024843289112327975
      ],
      "best_val_acc": 0.9625,
      "best_epoch": 12,
      "epochs_completed": 15,
      "early_stopped": true,
      "stopped_epoch": 15,
      "test_acc": 0.97,
      "test_f1": {
        "macro": 0.9699995199923199,
        "micro": 0.97,
        "weighted": 0.9699995199923198,
        "binary_malware": 0.9698795180722891,
        "binary_benign": 0.9701195219123506,
        "per_class": {
          "benign": 0.9701195219123506,
          "malware": 0.9698795180722891
        }
      },
      "test_macro_f1": 0.9699995199923199,
      "classification_report": "              precision    recall  f1-score   support\n\n      benign     0.9663    0.9740    0.9701      1000\n     malware     0.9738    0.9660    0.9699      1000\n\n    accuracy                         0.9700      2000\n   macro avg     0.9700    0.9700    0.9700      2000\nweighted avg     0.9700    0.9700    0.9700      2000\n",
      "confusion_matrix": [
        [
          974,
          26
        ],
        [
          34,
          966
        ]
      ],
      "class_to_idx": {
        "benign": 0,
        "malware": 1
      },
      "label_order": {
        "benign": 0,
        "malware": 1
      }
    }
  ],
  "summary": {
    "test_acc_mean": 0.97,
    "test_acc_std": 0.0,
    "macro_f1_mean": 0.9699995199923199,
    "macro_f1_std": 0.0,
    "micro_f1_mean": 0.97,
    "micro_f1_std": 0.0,
    "weighted_f1_mean": 0.9699995199923198,
    "weighted_f1_std": 0.0,
    "binary_malware_f1_mean": 0.9698795180722891,
    "binary_malware_f1_std": 0.0,
    "binary_benign_f1_mean": 0.9701195219123506,
    "binary_benign_f1_std": 0.0,
    "per_class_f1_mean": [
      0.9701195219123506,
      0.9698795180722891
    ],
    "per_class_f1_std": [
      0.0,
      0.0
    ],
    "per_class_f1_order": [
      "benign",
      "malware"
    ]
  }
}