{
  "timestamp": "20260511-060410",
  "args": {
    "data_root": "apk2img-ml-datasets/data/sdhash/image_rgb_vb",
    "model": "resnet101",
    "pretrained": true,
    "epochs": 100,
    "batch": 16,
    "lr": 0.0004633829845233002,
    "optimizer": "adamw",
    "weight_decay": 1e-06,
    "lr_scheduler": "none",
    "scheduler_step_size": 5,
    "scheduler_milestones": [
      10,
      20
    ],
    "scheduler_gamma": 0.1,
    "scheduler_exp_gamma": 0.95,
    "scheduler_patience": 2,
    "scheduler_t_max": null,
    "scheduler_eta_min": 0.0,
    "scheduler_t_0": null,
    "scheduler_t_mult": 1,
    "scheduler_pct_start": 0.3,
    "scheduler_div_factor": 25.0,
    "scheduler_final_div_factor": 10000.0,
    "workers": 4,
    "in_ch": 1,
    "resize": "256,256",
    "seed": 3407,
    "runs": 1,
    "log_dir": "/home/IM25D009/git_workspace/results/rgb_vb/cnn_optuna_pre/20260511-000126/best_eval",
    "early_stopping_patience": 3,
    "early_stopping_min_delta": 0.0,
    "restore_best": true
  },
  "device": "cuda",
  "runs": [
    {
      "run": 1,
      "seed": 3407,
      "epochs": 100,
      "train_loss_per_epoch": [
        0.4169442157894373,
        0.2610302567817271,
        0.18253741609863938,
        0.14261272111348808,
        0.12287038114794996,
        0.11214140533306637,
        0.09456540624913759,
        0.060484668213059194,
        0.05158907391369576,
        0.03846574522723677,
        0.05213755572140508,
        0.033820628295106875
      ],
      "val_acc_per_epoch": [
        0.8045,
        0.9135,
        0.924,
        0.925,
        0.922,
        0.9245,
        0.9375,
        0.9345,
        0.9495,
        0.9175,
        0.9475,
        0.937
      ],
      "lr_per_epoch": [
        0.0004633829845233002,
        0.0004633829845233002,
        0.0004633829845233002,
        0.0004633829845233002,
        0.0004633829845233002,
        0.0004633829845233002,
        0.0004633829845233002,
        0.0004633829845233002,
        0.0004633829845233002,
        0.0004633829845233002,
        0.0004633829845233002,
        0.0004633829845233002
      ],
      "best_val_acc": 0.9495,
      "best_epoch": 9,
      "epochs_completed": 12,
      "early_stopped": true,
      "stopped_epoch": 12,
      "test_acc": 0.957,
      "test_f1": {
        "macro": 0.9569965167178541,
        "micro": 0.957,
        "weighted": 0.9569965167178541,
        "binary_malware": 0.9573835480673935,
        "binary_benign": 0.9566094853683148,
        "per_class": {
          "benign": 0.9566094853683148,
          "malware": 0.9573835480673935
        }
      },
      "test_macro_f1": 0.9569965167178541,
      "classification_report": "              precision    recall  f1-score   support\n\n      benign     0.9654    0.9480    0.9566      1000\n     malware     0.9489    0.9660    0.9574      1000\n\n    accuracy                         0.9570      2000\n   macro avg     0.9571    0.9570    0.9570      2000\nweighted avg     0.9571    0.9570    0.9570      2000\n",
      "confusion_matrix": [
        [
          948,
          52
        ],
        [
          34,
          966
        ]
      ],
      "class_to_idx": {
        "benign": 0,
        "malware": 1
      },
      "label_order": {
        "benign": 0,
        "malware": 1
      }
    }
  ],
  "summary": {
    "test_acc_mean": 0.957,
    "test_acc_std": 0.0,
    "macro_f1_mean": 0.9569965167178541,
    "macro_f1_std": 0.0,
    "micro_f1_mean": 0.957,
    "micro_f1_std": 0.0,
    "weighted_f1_mean": 0.9569965167178541,
    "weighted_f1_std": 0.0,
    "binary_malware_f1_mean": 0.9573835480673935,
    "binary_malware_f1_std": 0.0,
    "binary_benign_f1_mean": 0.9566094853683148,
    "binary_benign_f1_std": 0.0,
    "per_class_f1_mean": [
      0.9566094853683148,
      0.9573835480673935
    ],
    "per_class_f1_std": [
      0.0,
      0.0
    ],
    "per_class_f1_order": [
      "benign",
      "malware"
    ]
  }
}