{
  "timestamp": "20260509-213449",
  "args": {
    "data_root": "apk2img-ml-datasets/data/sdhash/image_rgb_hb",
    "model": "resnet152",
    "pretrained": true,
    "epochs": 100,
    "batch": 8,
    "lr": 0.0002859828308247437,
    "optimizer": "adamw",
    "weight_decay": 0.0,
    "lr_scheduler": "none",
    "scheduler_step_size": 5,
    "scheduler_milestones": [
      10,
      20
    ],
    "scheduler_gamma": 0.1,
    "scheduler_exp_gamma": 0.95,
    "scheduler_patience": 2,
    "scheduler_t_max": null,
    "scheduler_eta_min": 0.0,
    "scheduler_t_0": null,
    "scheduler_t_mult": 1,
    "scheduler_pct_start": 0.3,
    "scheduler_div_factor": 25.0,
    "scheduler_final_div_factor": 10000.0,
    "workers": 4,
    "in_ch": 1,
    "resize": "256,256",
    "seed": 3407,
    "runs": 1,
    "log_dir": "/home/IM25D009/git_workspace/results/rgb_hb/cnn_optuna_pre/20260509-111139/best_eval",
    "early_stopping_patience": 3,
    "early_stopping_min_delta": 0.0,
    "restore_best": true
  },
  "device": "cuda",
  "runs": [
    {
      "run": 1,
      "seed": 3407,
      "epochs": 100,
      "train_loss_per_epoch": [
        0.40857208157144487,
        0.19978873470216058,
        0.1416502957737539,
        0.10979265646485147,
        0.09441168653120985,
        0.0718728958495194,
        0.06971009306296037,
        0.05055265628006964
      ],
      "val_acc_per_epoch": [
        0.894,
        0.9365,
        0.9295,
        0.9275,
        0.96,
        0.9315,
        0.936,
        0.946
      ],
      "lr_per_epoch": [
        0.0002859828308247437,
        0.0002859828308247437,
        0.0002859828308247437,
        0.0002859828308247437,
        0.0002859828308247437,
        0.0002859828308247437,
        0.0002859828308247437,
        0.0002859828308247437
      ],
      "best_val_acc": 0.96,
      "best_epoch": 5,
      "epochs_completed": 8,
      "early_stopped": true,
      "stopped_epoch": 8,
      "test_acc": 0.9545,
      "test_f1": {
        "macro": 0.95448442229353,
        "micro": 0.9545,
        "weighted": 0.9544844222935299,
        "binary_malware": 0.9536423841059603,
        "binary_benign": 0.9553264604810997,
        "per_class": {
          "benign": 0.9553264604810997,
          "malware": 0.9536423841059603
        }
      },
      "test_macro_f1": 0.95448442229353,
      "classification_report": "              precision    recall  f1-score   support\n\n      benign     0.9383    0.9730    0.9553      1000\n     malware     0.9720    0.9360    0.9536      1000\n\n    accuracy                         0.9545      2000\n   macro avg     0.9551    0.9545    0.9545      2000\nweighted avg     0.9551    0.9545    0.9545      2000\n",
      "confusion_matrix": [
        [
          973,
          27
        ],
        [
          64,
          936
        ]
      ],
      "class_to_idx": {
        "benign": 0,
        "malware": 1
      },
      "label_order": {
        "benign": 0,
        "malware": 1
      }
    }
  ],
  "summary": {
    "test_acc_mean": 0.9545,
    "test_acc_std": 0.0,
    "macro_f1_mean": 0.95448442229353,
    "macro_f1_std": 0.0,
    "micro_f1_mean": 0.9545,
    "micro_f1_std": 0.0,
    "weighted_f1_mean": 0.9544844222935299,
    "weighted_f1_std": 0.0,
    "binary_malware_f1_mean": 0.9536423841059603,
    "binary_malware_f1_std": 0.0,
    "binary_benign_f1_mean": 0.9553264604810997,
    "binary_benign_f1_std": 0.0,
    "per_class_f1_mean": [
      0.9553264604810997,
      0.9536423841059603
    ],
    "per_class_f1_std": [
      0.0,
      0.0
    ],
    "per_class_f1_order": [
      "benign",
      "malware"
    ]
  }
}