{
  "timestamp": "20260511-005806",
  "args": {
    "data_root": "apk2img-ml-datasets/data/sdhash/image_rgb_vb",
    "model": "resnet34",
    "pretrained": true,
    "epochs": 100,
    "batch": 8,
    "lr": 0.0001460308725141395,
    "optimizer": "adam",
    "weight_decay": 0.0001,
    "lr_scheduler": "none",
    "scheduler_step_size": 5,
    "scheduler_milestones": [
      10,
      20
    ],
    "scheduler_gamma": 0.1,
    "scheduler_exp_gamma": 0.95,
    "scheduler_patience": 2,
    "scheduler_t_max": null,
    "scheduler_eta_min": 0.0,
    "scheduler_t_0": null,
    "scheduler_t_mult": 1,
    "scheduler_pct_start": 0.3,
    "scheduler_div_factor": 25.0,
    "scheduler_final_div_factor": 10000.0,
    "workers": 4,
    "in_ch": 1,
    "resize": "256,256",
    "seed": 3407,
    "runs": 1,
    "log_dir": "/home/IM25D009/git_workspace/results/rgb_vb/cnn_optuna_pre/20260510-221519/best_eval",
    "early_stopping_patience": 3,
    "early_stopping_min_delta": 0.0,
    "restore_best": true
  },
  "device": "cuda",
  "runs": [
    {
      "run": 1,
      "seed": 3407,
      "epochs": 100,
      "train_loss_per_epoch": [
        0.41112081554718316,
        0.21617621094873174,
        0.1582814719027374,
        0.1302437935359776,
        0.10414401870092843,
        0.07862798530759756,
        0.05828945195187407,
        0.046218486826255685,
        0.0355295264221786
      ],
      "val_acc_per_epoch": [
        0.843,
        0.9235,
        0.9385,
        0.9285,
        0.937,
        0.9515,
        0.9275,
        0.9345,
        0.9325
      ],
      "lr_per_epoch": [
        0.0001460308725141395,
        0.0001460308725141395,
        0.0001460308725141395,
        0.0001460308725141395,
        0.0001460308725141395,
        0.0001460308725141395,
        0.0001460308725141395,
        0.0001460308725141395,
        0.0001460308725141395
      ],
      "best_val_acc": 0.9515,
      "best_epoch": 6,
      "epochs_completed": 9,
      "early_stopped": true,
      "stopped_epoch": 9,
      "test_acc": 0.955,
      "test_f1": {
        "macro": 0.954999954999955,
        "micro": 0.955,
        "weighted": 0.9549999549999549,
        "binary_malware": 0.954954954954955,
        "binary_benign": 0.955044955044955,
        "per_class": {
          "benign": 0.955044955044955,
          "malware": 0.954954954954955
        }
      },
      "test_macro_f1": 0.954999954999955,
      "classification_report": "              precision    recall  f1-score   support\n\n      benign     0.9541    0.9560    0.9550      1000\n     malware     0.9559    0.9540    0.9550      1000\n\n    accuracy                         0.9550      2000\n   macro avg     0.9550    0.9550    0.9550      2000\nweighted avg     0.9550    0.9550    0.9550      2000\n",
      "confusion_matrix": [
        [
          956,
          44
        ],
        [
          46,
          954
        ]
      ],
      "class_to_idx": {
        "benign": 0,
        "malware": 1
      },
      "label_order": {
        "benign": 0,
        "malware": 1
      }
    }
  ],
  "summary": {
    "test_acc_mean": 0.955,
    "test_acc_std": 0.0,
    "macro_f1_mean": 0.954999954999955,
    "macro_f1_std": 0.0,
    "micro_f1_mean": 0.955,
    "micro_f1_std": 0.0,
    "weighted_f1_mean": 0.9549999549999549,
    "weighted_f1_std": 0.0,
    "binary_malware_f1_mean": 0.954954954954955,
    "binary_malware_f1_std": 0.0,
    "binary_benign_f1_mean": 0.955044955044955,
    "binary_benign_f1_std": 0.0,
    "per_class_f1_mean": [
      0.955044955044955,
      0.954954954954955
    ],
    "per_class_f1_std": [
      0.0,
      0.0
    ],
    "per_class_f1_order": [
      "benign",
      "malware"
    ]
  }
}