{
  "timestamp": "20260414-092932",
  "args": {
    "data_root": "/mnt/nas/RB2023/image_gray",
    "model": "efficientnet_b0",
    "epochs": 15,
    "batch": 32,
    "workers": 4,
    "in_ch": 1,
    "resize": "256,256",
    "seed": 3407,
    "runs": 5,
    "log_dir": "../new_result/img_gray"
  },
  "device": "cuda",
  "runs": [
    {
      "run": 1,
      "seed": 3407,
      "epochs": 15,
      "train_loss_per_epoch": [
        0.3450351186394692,
        0.19898681603372098,
        0.15084328580647707,
        0.11738103241100907,
        0.09856538941711188,
        0.07190370625630021,
        0.06363727587461472,
        0.049557680489495395,
        0.03920568203181028,
        0.03594859122799244,
        0.026970115497126242,
        0.03172575899376534,
        0.025868923964444547,
        0.02276888162503019,
        0.019554279388510624
      ],
      "val_acc_per_epoch": [
        0.9025,
        0.9205,
        0.929,
        0.9225,
        0.943,
        0.936,
        0.928,
        0.9395,
        0.9385,
        0.9295,
        0.937,
        0.9345,
        0.9435,
        0.9325,
        0.9475
      ],
      "lr_per_epoch": [
        0.0001,
        0.0001,
        0.0001,
        0.0001,
        0.0001,
        0.0001,
        0.0001,
        0.0001,
        0.0001,
        0.0001,
        0.0001,
        0.0001,
        0.0001,
        0.0001,
        0.0001
      ],
      "best_val_acc": 0.9475,
      "test_acc": 0.9595,
      "test_f1": {
        "macro": 0.9594991798583921,
        "micro": 0.9595,
        "weighted": 0.9594991798583922,
        "binary_malware": 0.9593169261677549,
        "binary_benign": 0.9596814335490294,
        "per_class": {
          "benign": 0.9596814335490294,
          "malware": 0.9593169261677549
        }
      },
      "test_macro_f1": 0.9594991798583921,
      "classification_report": "              precision    recall  f1-score   support\n\n      benign     0.9554    0.9640    0.9597      1000\n     malware     0.9637    0.9550    0.9593      1000\n\n    accuracy                         0.9595      2000\n   macro avg     0.9595    0.9595    0.9595      2000\nweighted avg     0.9595    0.9595    0.9595      2000\n",
      "confusion_matrix": [
        [
          964,
          36
        ],
        [
          45,
          955
        ]
      ],
      "class_to_idx": {
        "benign": 0,
        "malware": 1
      },
      "label_order": {
        "benign": 0,
        "malware": 1
      }
    },
    {
      "run": 2,
      "seed": 3408,
      "epochs": 15,
      "train_loss_per_epoch": [
        0.3470500641167164,
        0.20708727045357228,
        0.15421196150779723,
        0.1183021489456296,
        0.09652055506035685,
        0.06876820741780103,
        0.06330323717184365,
        0.051794203995727005,
        0.035916656104382126,
        0.03568528020801023,
        0.02526564105250873,
        0.02804018029035069,
        0.02099862425355241,
        0.02348458632006077,
        0.025448155673395378
      ],
      "val_acc_per_epoch": [
        0.9175,
        0.92,
        0.9395,
        0.9495,
        0.947,
        0.9465,
        0.9475,
        0.9145,
        0.9525,
        0.952,
        0.9495,
        0.9525,
        0.953,
        0.949,
        0.9585
      ],
      "lr_per_epoch": [
        0.0001,
        0.0001,
        0.0001,
        0.0001,
        0.0001,
        0.0001,
        0.0001,
        0.0001,
        0.0001,
        0.0001,
        0.0001,
        0.0001,
        0.0001,
        0.0001,
        0.0001
      ],
      "best_val_acc": 0.9585,
      "test_acc": 0.9595,
      "test_f1": {
        "macro": 0.9594982888027019,
        "micro": 0.9595,
        "weighted": 0.9594982888027019,
        "binary_malware": 0.9592350276799195,
        "binary_benign": 0.9597615499254843,
        "per_class": {
          "benign": 0.9597615499254843,
          "malware": 0.9592350276799195
        }
      },
      "test_macro_f1": 0.9594982888027019,
      "classification_report": "              precision    recall  f1-score   support\n\n      benign     0.9536    0.9660    0.9598      1000\n     malware     0.9656    0.9530    0.9592      1000\n\n    accuracy                         0.9595      2000\n   macro avg     0.9596    0.9595    0.9595      2000\nweighted avg     0.9596    0.9595    0.9595      2000\n",
      "confusion_matrix": [
        [
          966,
          34
        ],
        [
          47,
          953
        ]
      ],
      "class_to_idx": {
        "benign": 0,
        "malware": 1
      },
      "label_order": {
        "benign": 0,
        "malware": 1
      }
    },
    {
      "run": 3,
      "seed": 3409,
      "epochs": 15,
      "train_loss_per_epoch": [
        0.34810847958922386,
        0.19956770038604738,
        0.1407963067367673,
        0.11057294245064259,
        0.07886120080575347,
        0.06787921478226781,
        0.05295690483879298,
        0.04288606257876381,
        0.039831664135446775,
        0.028776036257506347,
        0.03624875894701109,
        0.019384586859785485,
        0.022258773654466494,
        0.03195760606334079,
        0.01724877639929764
      ],
      "val_acc_per_epoch": [
        0.9115,
        0.93,
        0.9405,
        0.947,
        0.9435,
        0.944,
        0.946,
        0.9485,
        0.9505,
        0.9535,
        0.947,
        0.948,
        0.9505,
        0.948,
        0.9555
      ],
      "lr_per_epoch": [
        0.0001,
        0.0001,
        0.0001,
        0.0001,
        0.0001,
        0.0001,
        0.0001,
        0.0001,
        0.0001,
        0.0001,
        0.0001,
        0.0001,
        0.0001,
        0.0001,
        0.0001
      ],
      "best_val_acc": 0.9555,
      "test_acc": 0.9575,
      "test_f1": {
        "macro": 0.9574987143361087,
        "micro": 0.9575,
        "weighted": 0.9574987143361086,
        "binary_malware": 0.95773247140726,
        "binary_benign": 0.9572649572649573,
        "per_class": {
          "benign": 0.9572649572649573,
          "malware": 0.95773247140726
        }
      },
      "test_macro_f1": 0.9574987143361087,
      "classification_report": "              precision    recall  f1-score   support\n\n      benign     0.9626    0.9520    0.9573      1000\n     malware     0.9525    0.9630    0.9577      1000\n\n    accuracy                         0.9575      2000\n   macro avg     0.9576    0.9575    0.9575      2000\nweighted avg     0.9576    0.9575    0.9575      2000\n",
      "confusion_matrix": [
        [
          952,
          48
        ],
        [
          37,
          963
        ]
      ],
      "class_to_idx": {
        "benign": 0,
        "malware": 1
      },
      "label_order": {
        "benign": 0,
        "malware": 1
      }
    },
    {
      "run": 4,
      "seed": 3410,
      "epochs": 15,
      "train_loss_per_epoch": [
        0.342907961666584,
        0.20232822281122206,
        0.15456467629224063,
        0.11560764434188604,
        0.0901458580121398,
        0.07606362171657384,
        0.054781446513254194,
        0.04835051546152681,
        0.04188197706872597,
        0.031221994002815338,
        0.028410960663633886,
        0.022843722123652696,
        0.025062223367218393,
        0.024759702107170597,
        0.018532055339310318
      ],
      "val_acc_per_epoch": [
        0.898,
        0.9315,
        0.94,
        0.944,
        0.944,
        0.9455,
        0.9475,
        0.9385,
        0.938,
        0.951,
        0.942,
        0.9535,
        0.952,
        0.9495,
        0.9535
      ],
      "lr_per_epoch": [
        0.0001,
        0.0001,
        0.0001,
        0.0001,
        0.0001,
        0.0001,
        0.0001,
        0.0001,
        0.0001,
        0.0001,
        0.0001,
        0.0001,
        0.0001,
        0.0001,
        0.0001
      ],
      "best_val_acc": 0.9535,
      "test_acc": 0.959,