{
  "timestamp": "20260511-032351",
  "args": {
    "data_root": "apk2img-ml-datasets/data/sdhash/image_rgb_vb",
    "model": "resnet50",
    "pretrained": true,
    "epochs": 100,
    "batch": 8,
    "lr": 0.0001728556352503566,
    "optimizer": "adam",
    "weight_decay": 0.0,
    "lr_scheduler": "none",
    "scheduler_step_size": 5,
    "scheduler_milestones": [
      10,
      20
    ],
    "scheduler_gamma": 0.1,
    "scheduler_exp_gamma": 0.95,
    "scheduler_patience": 2,
    "scheduler_t_max": null,
    "scheduler_eta_min": 0.0,
    "scheduler_t_0": null,
    "scheduler_t_mult": 1,
    "scheduler_pct_start": 0.3,
    "scheduler_div_factor": 25.0,
    "scheduler_final_div_factor": 10000.0,
    "workers": 4,
    "in_ch": 1,
    "resize": "256,256",
    "seed": 3407,
    "runs": 1,
    "log_dir": "/home/IM25D009/git_workspace/results/rgb_vb/cnn_optuna_pre/20260510-225825/best_eval",
    "early_stopping_patience": 3,
    "early_stopping_min_delta": 0.0,
    "restore_best": true
  },
  "device": "cuda",
  "runs": [
    {
      "run": 1,
      "seed": 3407,
      "epochs": 100,
      "train_loss_per_epoch": [
        0.4219538890086114,
        0.2449922230700031,
        0.16804444882110692,
        0.1206581260537787,
        0.09095977618964389,
        0.0737368587032397,
        0.04540101066502757,
        0.04708578583968188,
        0.03375656281179545,
        0.029342018894792318,
        0.016926015403188246,
        0.032449263530966166,
        0.021016753497189143
      ],
      "val_acc_per_epoch": [
        0.8655,
        0.936,
        0.941,
        0.9135,
        0.9465,
        0.9475,
        0.937,
        0.9455,
        0.952,
        0.954,
        0.939,
        0.9415,
        0.9485
      ],
      "lr_per_epoch": [
        0.0001728556352503566,
        0.0001728556352503566,
        0.0001728556352503566,
        0.0001728556352503566,
        0.0001728556352503566,
        0.0001728556352503566,
        0.0001728556352503566,
        0.0001728556352503566,
        0.0001728556352503566,
        0.0001728556352503566,
        0.0001728556352503566,
        0.0001728556352503566,
        0.0001728556352503566
      ],
      "best_val_acc": 0.954,
      "best_epoch": 10,
      "epochs_completed": 13,
      "early_stopped": true,
      "stopped_epoch": 13,
      "test_acc": 0.959,
      "test_f1": {
        "macro": 0.9589950383996464,
        "micro": 0.959,
        "weighted": 0.9589950383996463,
        "binary_malware": 0.9594460929772503,
        "binary_benign": 0.9585439838220424,
        "per_class": {
          "benign": 0.9585439838220424,
          "malware": 0.9594460929772503
        }
      },
      "test_macro_f1": 0.9589950383996464,
      "classification_report": "              precision    recall  f1-score   support\n\n      benign     0.9693    0.9480    0.9585      1000\n     malware     0.9491    0.9700    0.9594      1000\n\n    accuracy                         0.9590      2000\n   macro avg     0.9592    0.9590    0.9590      2000\nweighted avg     0.9592    0.9590    0.9590      2000\n",
      "confusion_matrix": [
        [
          948,
          52
        ],
        [
          30,
          970
        ]
      ],
      "class_to_idx": {
        "benign": 0,
        "malware": 1
      },
      "label_order": {
        "benign": 0,
        "malware": 1
      }
    }
  ],
  "summary": {
    "test_acc_mean": 0.959,
    "test_acc_std": 0.0,
    "macro_f1_mean": 0.9589950383996464,
    "macro_f1_std": 0.0,
    "micro_f1_mean": 0.959,
    "micro_f1_std": 0.0,
    "weighted_f1_mean": 0.9589950383996463,
    "weighted_f1_std": 0.0,
    "binary_malware_f1_mean": 0.9594460929772503,
    "binary_malware_f1_std": 0.0,
    "binary_benign_f1_mean": 0.9585439838220424,
    "binary_benign_f1_std": 0.0,
    "per_class_f1_mean": [
      0.9585439838220424,
      0.9594460929772503
    ],
    "per_class_f1_std": [
      0.0,
      0.0
    ],
    "per_class_f1_order": [
      "benign",
      "malware"
    ]
  }
}