{
  "timestamp": "20260413-194837",
  "args": {
    "data_root": "/mnt/nas/RB2023/image_rgb_hb",
    "model": "efficientnet_b2",
    "epochs": 15,
    "batch": 32,
    "workers": 4,
    "in_ch": 1,
    "resize": "256,256",
    "seed": 3407,
    "runs": 5,
    "log_dir": "../new_result/image_rgb_hb"
  },
  "device": "cuda",
  "runs": [
    {
      "run": 1,
      "seed": 3407,
      "epochs": 15,
      "train_loss_per_epoch": [
        0.36296709275245664,
        0.21542173883318902,
        0.15697650209069253,
        0.12454528053849935,
        0.0999794703181833,
        0.07066577762924135,
        0.0534467441206798,
        0.047159587708301844,
        0.03582184732635506,
        0.03490480105765164,
        0.028539998891646975,
        0.0211920208678348,
        0.021433057688933332,
        0.02365648358818726,
        0.022708432415616698
      ],
      "val_acc_per_epoch": [
        0.8965,
        0.913,
        0.931,
        0.93,
        0.937,
        0.9325,
        0.934,
        0.936,
        0.944,
        0.9395,
        0.9465,
        0.9405,
        0.9395,
        0.9205,
        0.9325
      ],
      "lr_per_epoch": [
        0.0001,
        0.0001,
        0.0001,
        0.0001,
        0.0001,
        0.0001,
        0.0001,
        0.0001,
        0.0001,
        0.0001,
        0.0001,
        0.0001,
        0.0001,
        0.0001,
        0.0001
      ],
      "best_val_acc": 0.9465,
      "test_acc": 0.938,
      "test_f1": {
        "macro": 0.9379195437286724,
        "micro": 0.938,
        "weighted": 0.9379195437286724,
        "binary_malware": 0.9356846473029046,
        "binary_benign": 0.9401544401544402,
        "per_class": {
          "benign": 0.9401544401544402,
          "malware": 0.9356846473029046
        }
      },
      "test_macro_f1": 0.9379195437286724,
      "classification_report": "              precision    recall  f1-score   support\n\n      benign     0.9086    0.9740    0.9402      1000\n     malware     0.9720    0.9020    0.9357      1000\n\n    accuracy                         0.9380      2000\n   macro avg     0.9403    0.9380    0.9379      2000\nweighted avg     0.9403    0.9380    0.9379      2000\n",
      "confusion_matrix": [
        [
          974,
          26
        ],
        [
          98,
          902
        ]
      ],
      "class_to_idx": {
        "benign": 0,
        "malware": 1
      },
      "label_order": {
        "benign": 0,
        "malware": 1
      }
    },
    {
      "run": 2,
      "seed": 3408,
      "epochs": 15,
      "train_loss_per_epoch": [
        0.3711532762646675,
        0.22738174459338187,
        0.17347909639775752,
        0.1374316556751728,
        0.10161045945808292,
        0.0735831251796335,
        0.05827620717696846,
        0.046491353305056694,
        0.04315183661854826,
        0.03621141166088637,
        0.026906366558163426,
        0.027922648788895457,
        0.018845638757687994,
        0.018495132660755188,
        0.020724602831178343
      ],
      "val_acc_per_epoch": [
        0.906,
        0.9285,
        0.93,
        0.9445,
        0.942,
        0.9405,
        0.942,
        0.9465,
        0.952,
        0.953,
        0.942,
        0.945,
        0.954,
        0.952,
        0.9515
      ],
      "lr_per_epoch": [
        0.0001,
        0.0001,
        0.0001,
        0.0001,
        0.0001,
        0.0001,
        0.0001,
        0.0001,
        0.0001,
        0.0001,
        0.0001,
        0.0001,
        0.0001,
        0.0001,
        0.0001
      ],
      "best_val_acc": 0.954,
      "test_acc": 0.952,
      "test_f1": {
        "macro": 0.9519992319877117,
        "micro": 0.952,
        "weighted": 0.9519992319877117,
        "binary_malware": 0.952191235059761,
        "binary_benign": 0.9518072289156626,
        "per_class": {
          "benign": 0.9518072289156626,
          "malware": 0.952191235059761
        }
      },
      "test_macro_f1": 0.9519992319877117,
      "classification_report": "              precision    recall  f1-score   support\n\n      benign     0.9556    0.9480    0.9518      1000\n     malware     0.9484    0.9560    0.9522      1000\n\n    accuracy                         0.9520      2000\n   macro avg     0.9520    0.9520    0.9520      2000\nweighted avg     0.9520    0.9520    0.9520      2000\n",
      "confusion_matrix": [
        [
          948,
          52
        ],
        [
          44,
          956
        ]
      ],
      "class_to_idx": {
        "benign": 0,
        "malware": 1
      },
      "label_order": {
        "benign": 0,
        "malware": 1
      }
    },
    {
      "run": 3,
      "seed": 3409,
      "epochs": 15,
      "train_loss_per_epoch": [
        0.3605330843925476,
        0.22164653547108173,
        0.16142948078364133,
        0.12647502003237604,
        0.09154536702856421,
        0.06627404831722379,
        0.05282247526850552,
        0.04849560846807435,
        0.03569968404341489,
        0.033968139327596875,
        0.03249033948907163,
        0.024512050735997035,
        0.0220644010665128,
        0.01951289447804447,
        0.015594540815480286
      ],
      "val_acc_per_epoch": [
        0.906,
        0.919,
        0.9255,
        0.928,
        0.935,
        0.934,
        0.9335,
        0.9335,
        0.9405,
        0.936,
        0.9305,
        0.9445,
        0.9415,
        0.9385,
        0.9415
      ],
      "lr_per_epoch": [
        0.0001,
        0.0001,
        0.0001,
        0.0001,
        0.0001,
        0.0001,
        0.0001,
        0.0001,
        0.0001,
        0.0001,
        0.0001,
        0.0001,
        0.0001,
        0.0001,
        0.0001
      ],
      "best_val_acc": 0.9445,
      "test_acc": 0.9525,
      "test_f1": {
        "macro": 0.9524985630815332,
        "micro": 0.9525,
        "weighted": 0.9524985630815331,
        "binary_malware": 0.9527598209845848,
        "binary_benign": 0.9522373051784816,
        "per_class": {
          "benign": 0.9522373051784816,
          "malware": 0.9527598209845848
        }
      },
      "test_macro_f1": 0.9524985630815332,
      "classification_report": "              precision    recall  f1-score   support\n\n      benign     0.9575    0.9470    0.9522      1000\n     malware     0.9476    0.9580    0.9528      1000\n\n    accuracy                         0.9525      2000\n   macro avg     0.9526    0.9525    0.9525      2000\nweighted avg     0.9526    0.9525    0.9525      2000\n",
      "confusion_matrix": [
        [
          947,
          53
        ],
        [
          42,
          958
        ]
      ],
      "class_to_idx": {
        "benign": 0,
        "malware": 1
      },
      "label_order": {
        "benign": 0,
        "malware": 1
      }
    },
    {
      "run": 4,
      "seed": 3410,
      "epochs": 15,
      "train_loss_per_epoch": [
        0.3560965553224087,
        0.22498881310224533,
        0.17287457886338234,
        0.13162535201013087,
        0.09968015681952239,
        0.07658300557360052,
        0.06023989128367975,
        0.05284535929095,
        0.03826846648706123,
        0.03245952615235001,
        0.032036874414421615,
        0.025061327724717558,
        0.022837009218492313,
        0.017463695246740827,
        0.018539753911842125
      ],
      "val_acc_per_epoch": [
        0.9005,
        0.9195,
        0.9255,
        0.939,
        0.9285,
        0.9375,
        0.9335,
        0.9345,
        0.931,
        0.9345,
        0.941,
        0.94,
        0.938,
        0.9445,
        0.944
      ],
      "lr_per_epoch": [
        0.0001,
        0.0001,
        0.0001,
        0.0001,
        0.0001,
        0.0001,
        0.0001,
        0.0001,
        0.0001,
        0.0001,
        0.0001,
        0.0001,
        0.0001,
        0.0001,
        0.0001
      ],
      "best_val_acc": 0.9445,
      "test_acc": 0.953,