{
  "timestamp": "20260510-080339",
  "args": {
    "data_root": "apk2img-ml-datasets/data/sdhash/image_rgb_hi",
    "model": "resnet50",
    "pretrained": true,
    "epochs": 100,
    "batch": 16,
    "lr": 0.0002648226404903819,
    "optimizer": "adamw",
    "weight_decay": 0.0,
    "lr_scheduler": "none",
    "scheduler_step_size": 5,
    "scheduler_milestones": [
      10,
      20
    ],
    "scheduler_gamma": 0.1,
    "scheduler_exp_gamma": 0.95,
    "scheduler_patience": 2,
    "scheduler_t_max": null,
    "scheduler_eta_min": 0.0,
    "scheduler_t_0": null,
    "scheduler_t_mult": 1,
    "scheduler_pct_start": 0.3,
    "scheduler_div_factor": 25.0,
    "scheduler_final_div_factor": 10000.0,
    "workers": 4,
    "in_ch": 1,
    "resize": "256,256",
    "seed": 3407,
    "runs": 1,
    "log_dir": "/home/IM25D009/git_workspace/results/rgb_hi/cnn_optuna_pre/20260510-032101/best_eval",
    "early_stopping_patience": 3,
    "early_stopping_min_delta": 0.0,
    "restore_best": true
  },
  "device": "cuda",
  "runs": [
    {
      "run": 1,
      "seed": 3407,
      "epochs": 100,
      "train_loss_per_epoch": [
        0.32848477007448673,
        0.18378584747761487,
        0.1336684377025813,
        0.10385964833223262,
        0.08001466264226474,
        0.06555266047560145,
        0.05002359921968309,
        0.03868733793223146,
        0.03703886140715622,
        0.024313175043134835
      ],
      "val_acc_per_epoch": [
        0.9195,
        0.9345,
        0.94,
        0.932,
        0.945,
        0.94,
        0.9605,
        0.807,
        0.942,
        0.9305
      ],
      "lr_per_epoch": [
        0.0002648226404903819,
        0.0002648226404903819,
        0.0002648226404903819,
        0.0002648226404903819,
        0.0002648226404903819,
        0.0002648226404903819,
        0.0002648226404903819,
        0.0002648226404903819,
        0.0002648226404903819,
        0.0002648226404903819
      ],
      "best_val_acc": 0.9605,
      "best_epoch": 7,
      "epochs_completed": 10,
      "early_stopped": true,
      "stopped_epoch": 10,
      "test_acc": 0.956,
      "test_f1": {
        "macro": 0.955999823999296,
        "micro": 0.956,
        "weighted": 0.9559998239992961,
        "binary_malware": 0.9559118236472945,
        "binary_benign": 0.9560878243512974,
        "per_class": {
          "benign": 0.9560878243512974,
          "malware": 0.9559118236472945
        }
      },
      "test_macro_f1": 0.955999823999296,
      "classification_report": "              precision    recall  f1-score   support\n\n      benign     0.9542    0.9580    0.9561      1000\n     malware     0.9578    0.9540    0.9559      1000\n\n    accuracy                         0.9560      2000\n   macro avg     0.9560    0.9560    0.9560      2000\nweighted avg     0.9560    0.9560    0.9560      2000\n",
      "confusion_matrix": [
        [
          958,
          42
        ],
        [
          46,
          954
        ]
      ],
      "class_to_idx": {
        "benign": 0,
        "malware": 1
      },
      "label_order": {
        "benign": 0,
        "malware": 1
      }
    }
  ],
  "summary": {
    "test_acc_mean": 0.956,
    "test_acc_std": 0.0,
    "macro_f1_mean": 0.955999823999296,
    "macro_f1_std": 0.0,
    "micro_f1_mean": 0.956,
    "micro_f1_std": 0.0,
    "weighted_f1_mean": 0.9559998239992961,
    "weighted_f1_std": 0.0,
    "binary_malware_f1_mean": 0.9559118236472945,
    "binary_malware_f1_std": 0.0,
    "binary_benign_f1_mean": 0.9560878243512974,
    "binary_benign_f1_std": 0.0,
    "per_class_f1_mean": [
      0.9560878243512974,
      0.9559118236472945
    ],
    "per_class_f1_std": [
      0.0,
      0.0
    ],
    "per_class_f1_order": [
      "benign",
      "malware"
    ]
  }
}