{
  "timestamp": "20260409-105815",
  "args": {
    "data_root": "/mnt/nas/RB2023/image_rgb_vi",
    "model": "mobilenet",
    "epochs": 15,
    "batch": 32,
    "workers": 4,
    "in_ch": 1,
    "resize": "256,256",
    "seed": 3407,
    "runs": 5,
    "log_dir": "../new_result/image_rgb_vi"
  },
  "device": "cuda",
  "runs": [
    {
      "run": 1,
      "seed": 3407,
      "epochs": 15,
      "train_loss_per_epoch": [
        0.43161380940675736,
        0.24055505746603012,
        0.17551682177186012,
        0.1308437190502882,
        0.0991393196620047,
        0.06817037312313914,
        0.04793528092186898,
        0.03989026299491525,
        0.03299025429552421,
        0.030474612528691068,
        0.03388599251117557,
        0.029701684622326866,
        0.02386113464436494,
        0.02348956471728161,
        0.01795387330732774
      ],
      "val_acc_per_epoch": [
        0.882,
        0.8985,
        0.912,
        0.909,
        0.921,
        0.9215,
        0.9075,
        0.917,
        0.9175,
        0.913,
        0.9135,
        0.928,
        0.9105,
        0.9145,
        0.922
      ],
      "lr_per_epoch": [
        0.0001,
        0.0001,
        0.0001,
        0.0001,
        0.0001,
        0.0001,
        0.0001,
        0.0001,
        0.0001,
        0.0001,
        0.0001,
        0.0001,
        0.0001,
        0.0001,
        0.0001
      ],
      "best_val_acc": 0.928,
      "test_acc": 0.9305,
      "test_f1": {
        "macro": 0.9304970635009329,
        "micro": 0.9305,
        "weighted": 0.9304970635009329,
        "binary_malware": 0.930045294413689,
        "binary_benign": 0.9309488325881768,
        "per_class": {
          "benign": 0.9309488325881768,
          "malware": 0.930045294413689
        }
      },
      "test_macro_f1": 0.9304970635009329,
      "classification_report": "              precision    recall  f1-score   support\n\n      benign     0.9250    0.9370    0.9309      1000\n     malware     0.9362    0.9240    0.9300      1000\n\n    accuracy                         0.9305      2000\n   macro avg     0.9306    0.9305    0.9305      2000\nweighted avg     0.9306    0.9305    0.9305      2000\n",
      "confusion_matrix": [
        [
          937,
          63
        ],
        [
          76,
          924
        ]
      ],
      "class_to_idx": {
        "benign": 0,
        "malware": 1
      },
      "label_order": {
        "benign": 0,
        "malware": 1
      }
    },
    {
      "run": 2,
      "seed": 3408,
      "epochs": 15,
      "train_loss_per_epoch": [
        0.4347775938510895,
        0.2556580820977688,
        0.17968710580468178,
        0.14048018634319306,
        0.09786198039352893,
        0.066221375499852,
        0.053406366943381724,
        0.04862455391138792,
        0.03250615177047439,
        0.03363079278101213,
        0.025132597907679157,
        0.019438014177139848,
        0.01926886832373566,
        0.029508838238427416,
        0.013746469807985705
      ],
      "val_acc_per_epoch": [
        0.886,
        0.876,
        0.9105,
        0.919,
        0.925,
        0.9215,
        0.915,
        0.908,
        0.922,
        0.921,
        0.912,
        0.9145,
        0.914,
        0.9085,
        0.9105
      ],
      "lr_per_epoch": [
        0.0001,
        0.0001,
        0.0001,
        0.0001,
        0.0001,
        0.0001,
        0.0001,
        0.0001,
        0.0001,
        0.0001,
        0.0001,
        0.0001,
        0.0001,
        0.0001,
        0.0001
      ],
      "best_val_acc": 0.925,
      "test_acc": 0.9315,
      "test_f1": {
        "macro": 0.9314924470422864,
        "micro": 0.9315,
        "weighted": 0.9314924470422864,
        "binary_malware": 0.9322117763483424,
        "binary_benign": 0.9307731177362304,
        "per_class": {
          "benign": 0.9307731177362304,
          "malware": 0.9322117763483424
        }
      },
      "test_macro_f1": 0.9314924470422864,
      "classification_report": "              precision    recall  f1-score   support\n\n      benign     0.9408    0.9210    0.9308      1000\n     malware     0.9226    0.9420    0.9322      1000\n\n    accuracy                         0.9315      2000\n   macro avg     0.9317    0.9315    0.9315      2000\nweighted avg     0.9317    0.9315    0.9315      2000\n",
      "confusion_matrix": [
        [
          921,
          79
        ],
        [
          58,
          942
        ]
      ],
      "class_to_idx": {
        "benign": 0,
        "malware": 1
      },
      "label_order": {
        "benign": 0,
        "malware": 1
      }
    },
    {
      "run": 3,
      "seed": 3409,
      "epochs": 15,
      "train_loss_per_epoch": [
        0.42395559775829317,
        0.2494010743200779,
        0.17113026788830757,
        0.1284335174933076,
        0.08874302717112005,
        0.06521355747617781,
        0.052893810773268345,
        0.04099220894742757,
        0.044045068732462826,
        0.03252099428907968,
        0.02700362805405166,
        0.018058199870516545,
        0.023090450211137068,
        0.016803074825598743,
        0.01779209997842554
      ],
      "val_acc_per_epoch": [
        0.882,
        0.898,
        0.909,
        0.913,
        0.912,
        0.912,
        0.901,
        0.901,
        0.8905,
        0.9225,
        0.915,
        0.924,
        0.9205,
        0.925,
        0.9165
      ],
      "lr_per_epoch": [
        0.0001,
        0.0001,
        0.0001,
        0.0001,
        0.0001,
        0.0001,
        0.0001,
        0.0001,
        0.0001,
        0.0001,
        0.0001,
        0.0001,
        0.0001,
        0.0001,
        0.0001
      ],
      "best_val_acc": 0.925,
      "test_acc": 0.9265,
      "test_f1": {
        "macro": 0.926422283536986,
        "micro": 0.9265,
        "weighted": 0.926422283536986,
        "binary_malware": 0.9288135593220339,
        "binary_benign": 0.924031007751938,
        "per_class": {
          "benign": 0.924031007751938,
          "malware": 0.9288135593220339
        }
      },
      "test_macro_f1": 0.926422283536986,
      "classification_report": "              precision    recall  f1-score   support\n\n      benign     0.9561    0.8940    0.9240      1000\n     malware     0.9005    0.9590    0.9288      1000\n\n    accuracy                         0.9265      2000\n   macro avg     0.9283    0.9265    0.9264      2000\nweighted avg     0.9283    0.9265    0.9264      2000\n",
      "confusion_matrix": [
        [
          894,
          106
        ],
        [
          41,
          959
        ]
      ],
      "class_to_idx": {
        "benign": 0,
        "malware": 1
      },
      "label_order": {
        "benign": 0,
        "malware": 1
      }
    },
    {
      "run": 4,
      "seed": 3410,
      "epochs": 15,
      "train_loss_per_epoch": [
        0.41498462843894957,
        0.2445883166193962,
        0.17761671429127454,
        0.1264601280465722,
        0.0921365871913731,
        0.0750502582322806,
        0.046655633045360446,
        0.04160843621194363,
        0.03751179104018956,
        0.02511898014135659,
        0.031213524059276097,
        0.02177509504253976,
        0.018584736842603887,
        0.02588520462421002,
        0.02303807471552864
      ],
      "val_acc_per_epoch": [
        0.8475,
        0.9035,
        0.908,
        0.911,
        0.9165,
        0.9285,
        0.9245,
        0.9215,
        0.923,
        0.91,
        0.9295,
        0.9255,
        0.92,
        0.926,
        0.917
      ],
      "lr_per_epoch": [
        0.0001,
        0.0001,
        0.0001,
        0.0001,
        0.0001,
        0.0001,
        0.0001,
        0.0001,
        0.0001,
        0.0001,
        0.0001,
        0.0001,
        0.0001,
        0.0001,
        0.0001
      ],
      "best_val_acc": 0.9295,
      "test_acc": 0.9255,