{
  "timestamp": "20260509-075503",
  "args": {
    "data_root": "apk2img-ml-datasets/data/sdhash/image_gray",
    "model": "resnet101",
    "pretrained": true,
    "epochs": 100,
    "batch": 32,
    "lr": 0.00028762650933474406,
    "optimizer": "adam",
    "weight_decay": 0.0001,
    "lr_scheduler": "none",
    "scheduler_step_size": 5,
    "scheduler_milestones": [
      10,
      20
    ],
    "scheduler_gamma": 0.1,
    "scheduler_exp_gamma": 0.95,
    "scheduler_patience": 2,
    "scheduler_t_max": null,
    "scheduler_eta_min": 0.0,
    "scheduler_t_0": null,
    "scheduler_t_mult": 1,
    "scheduler_pct_start": 0.3,
    "scheduler_div_factor": 25.0,
    "scheduler_final_div_factor": 10000.0,
    "workers": 4,
    "in_ch": 1,
    "resize": "256,256",
    "seed": 3407,
    "runs": 1,
    "log_dir": "/home/IM25D009/git_workspace/results/gray/cnn_optuna_pre/20260509-003032/best_eval",
    "early_stopping_patience": 3,
    "early_stopping_min_delta": 0.0,
    "restore_best": true
  },
  "device": "cuda",
  "runs": [
    {
      "run": 1,
      "seed": 3407,
      "epochs": 100,
      "train_loss_per_epoch": [
        0.3323733124732971,
        0.18246387787163257,
        0.129442102111876,
        0.103311218470335,
        0.08468928577750921,
        0.05785724901407957,
        0.041601922885980455,
        0.044364431769121436,
        0.030169374558259732,
        0.022093765546625947,
        0.024568631465081127,
        0.03961517756059766,
        0.02874612237844849
      ],
      "val_acc_per_epoch": [
        0.896,
        0.941,
        0.9125,
        0.921,
        0.95,
        0.9215,
        0.9385,
        0.9555,
        0.9555,
        0.96,
        0.959,
        0.9465,
        0.9545
      ],
      "lr_per_epoch": [
        0.00028762650933474406,
        0.00028762650933474406,
        0.00028762650933474406,
        0.00028762650933474406,
        0.00028762650933474406,
        0.00028762650933474406,
        0.00028762650933474406,
        0.00028762650933474406,
        0.00028762650933474406,
        0.00028762650933474406,
        0.00028762650933474406,
        0.00028762650933474406,
        0.00028762650933474406
      ],
      "best_val_acc": 0.96,
      "best_epoch": 10,
      "epochs_completed": 13,
      "early_stopped": true,
      "stopped_epoch": 13,
      "test_acc": 0.9545,
      "test_f1": {
        "macro": 0.9544917061134391,
        "micro": 0.9545,
        "weighted": 0.9544917061134391,
        "binary_malware": 0.9551060680809077,
        "binary_benign": 0.9538773441459706,
        "per_class": {
          "benign": 0.9538773441459706,
          "malware": 0.9551060680809077
        }
      },
      "test_macro_f1": 0.9544917061134391,
      "classification_report": "              precision    recall  f1-score   support\n\n      benign     0.9671    0.9410    0.9539      1000\n     malware     0.9426    0.9680    0.9551      1000\n\n    accuracy                         0.9545      2000\n   macro avg     0.9548    0.9545    0.9545      2000\nweighted avg     0.9548    0.9545    0.9545      2000\n",
      "confusion_matrix": [
        [
          941,
          59
        ],
        [
          32,
          968
        ]
      ],
      "class_to_idx": {
        "benign": 0,
        "malware": 1
      },
      "label_order": {
        "benign": 0,
        "malware": 1
      }
    }
  ],
  "summary": {
    "test_acc_mean": 0.9545,
    "test_acc_std": 0.0,
    "macro_f1_mean": 0.9544917061134391,
    "macro_f1_std": 0.0,
    "micro_f1_mean": 0.9545,
    "micro_f1_std": 0.0,
    "weighted_f1_mean": 0.9544917061134391,
    "weighted_f1_std": 0.0,
    "binary_malware_f1_mean": 0.9551060680809077,
    "binary_malware_f1_std": 0.0,
    "binary_benign_f1_mean": 0.9538773441459706,
    "binary_benign_f1_std": 0.0,
    "per_class_f1_mean": [
      0.9538773441459706,
      0.9551060680809077
    ],
    "per_class_f1_std": [
      0.0,
      0.0
    ],
    "per_class_f1_order": [
      "benign",
      "malware"
    ]
  }
}