{
  "timestamp": "20260409-083949",
  "args": {
    "data_root": "/mnt/nas/RB2023/image_rgb_hb",
    "model": "mobilenet",
    "epochs": 15,
    "batch": 32,
    "workers": 4,
    "in_ch": 1,
    "resize": "256,256",
    "seed": 3407,
    "runs": 5,
    "log_dir": "../new_result/image_rgb_hb"
  },
  "device": "cuda",
  "runs": [
    {
      "run": 1,
      "seed": 3407,
      "epochs": 15,
      "train_loss_per_epoch": [
        0.38963519829511645,
        0.22891568145155908,
        0.17873637390136718,
        0.13666282452642917,
        0.09998473054170609,
        0.06973581696115434,
        0.053354810488875956,
        0.04656530910078436,
        0.03738137157633901,
        0.029547091801650823,
        0.028628379568806848,
        0.027827169377473183,
        0.02644471057015471,
        0.018885190991451965,
        0.01906660661479691
      ],
      "val_acc_per_epoch": [
        0.8845,
        0.91,
        0.911,
        0.92,
        0.9055,
        0.921,
        0.9245,
        0.914,
        0.9215,
        0.9265,
        0.9085,
        0.9335,
        0.918,
        0.9275,
        0.9265
      ],
      "lr_per_epoch": [
        0.0001,
        0.0001,
        0.0001,
        0.0001,
        0.0001,
        0.0001,
        0.0001,
        0.0001,
        0.0001,
        0.0001,
        0.0001,
        0.0001,
        0.0001,
        0.0001,
        0.0001
      ],
      "best_val_acc": 0.9335,
      "test_acc": 0.9255,
      "test_f1": {
        "macro": 0.9254990873638202,
        "micro": 0.9255,
        "weighted": 0.9254990873638202,
        "binary_malware": 0.9257598405580468,
        "binary_benign": 0.9252383341695936,
        "per_class": {
          "benign": 0.9252383341695936,
          "malware": 0.9257598405580468
        }
      },
      "test_macro_f1": 0.9254990873638202,
      "classification_report": "              precision    recall  f1-score   support\n\n      benign     0.9285    0.9220    0.9252      1000\n     malware     0.9225    0.9290    0.9258      1000\n\n    accuracy                         0.9255      2000\n   macro avg     0.9255    0.9255    0.9255      2000\nweighted avg     0.9255    0.9255    0.9255      2000\n",
      "confusion_matrix": [
        [
          922,
          78
        ],
        [
          71,
          929
        ]
      ],
      "class_to_idx": {
        "benign": 0,
        "malware": 1
      },
      "label_order": {
        "benign": 0,
        "malware": 1
      }
    },
    {
      "run": 2,
      "seed": 3408,
      "epochs": 15,
      "train_loss_per_epoch": [
        0.39074106615781784,
        0.23566950127482414,
        0.17649525913596154,
        0.13501365418732167,
        0.1031819390039891,
        0.07388938794285059,
        0.059112315548583864,
        0.047398339240811764,
        0.03354524489329196,
        0.029412997441599146,
        0.030072195872548037,
        0.026963199038931636,
        0.0256853031340288,
        0.02235213621810544,
        0.020625797472777777
      ],
      "val_acc_per_epoch": [
        0.8945,
        0.896,
        0.9125,
        0.9175,
        0.905,
        0.9255,
        0.913,
        0.907,
        0.9095,
        0.911,
        0.916,
        0.9145,
        0.916,
        0.9235,
        0.92
      ],
      "lr_per_epoch": [
        0.0001,
        0.0001,
        0.0001,
        0.0001,
        0.0001,
        0.0001,
        0.0001,
        0.0001,
        0.0001,
        0.0001,
        0.0001,
        0.0001,
        0.0001,
        0.0001,
        0.0001
      ],
      "best_val_acc": 0.9255,
      "test_acc": 0.9265,
      "test_f1": {
        "macro": 0.9264774837293921,
        "micro": 0.9265,
        "weighted": 0.9264774837293921,
        "binary_malware": 0.9277641277641278,
        "binary_benign": 0.9251908396946565,
        "per_class": {
          "benign": 0.9251908396946565,
          "malware": 0.9277641277641278
        }
      },
      "test_macro_f1": 0.9264774837293921,
      "classification_report": "              precision    recall  f1-score   support\n\n      benign     0.9420    0.9090    0.9252      1000\n     malware     0.9121    0.9440    0.9278      1000\n\n    accuracy                         0.9265      2000\n   macro avg     0.9270    0.9265    0.9265      2000\nweighted avg     0.9270    0.9265    0.9265      2000\n",
      "confusion_matrix": [
        [
          909,
          91
        ],
        [
          56,
          944
        ]
      ],
      "class_to_idx": {
        "benign": 0,
        "malware": 1
      },
      "label_order": {
        "benign": 0,
        "malware": 1
      }
    },
    {
      "run": 3,
      "seed": 3409,
      "epochs": 15,
      "train_loss_per_epoch": [
        0.39294249457120894,
        0.23816908213496207,
        0.16954641894996167,
        0.13132941345870494,
        0.09165828773379325,
        0.06924316802807153,
        0.05041423277556896,
        0.0445546609647572,
        0.032666411024751145,
        0.026086883970536292,
        0.027167315096827224,
        0.026749997993814757,
        0.023101771493675188,
        0.022494059326010757,
        0.01697868022165494
      ],
      "val_acc_per_epoch": [
        0.8865,
        0.901,
        0.913,
        0.9215,
        0.923,
        0.913,
        0.917,
        0.913,
        0.9245,
        0.9145,
        0.9285,
        0.9235,
        0.9285,
        0.9125,
        0.9205
      ],
      "lr_per_epoch": [
        0.0001,
        0.0001,
        0.0001,
        0.0001,
        0.0001,
        0.0001,
        0.0001,
        0.0001,
        0.0001,
        0.0001,
        0.0001,
        0.0001,
        0.0001,
        0.0001,
        0.0001
      ],
      "best_val_acc": 0.9285,
      "test_acc": 0.935,
      "test_f1": {
        "macro": 0.934993499349935,
        "micro": 0.935,
        "weighted": 0.934993499349935,
        "binary_malware": 0.9343434343434344,
        "binary_benign": 0.9356435643564357,
        "per_class": {
          "benign": 0.9356435643564357,
          "malware": 0.9343434343434344
        }
      },
      "test_macro_f1": 0.934993499349935,
      "classification_report": "              precision    recall  f1-score   support\n\n      benign     0.9265    0.9450    0.9356      1000\n     malware     0.9439    0.9250    0.9343      1000\n\n    accuracy                         0.9350      2000\n   macro avg     0.9352    0.9350    0.9350      2000\nweighted avg     0.9352    0.9350    0.9350      2000\n",
      "confusion_matrix": [
        [
          945,
          55
        ],
        [
          75,
          925
        ]
      ],
      "class_to_idx": {
        "benign": 0,
        "malware": 1
      },
      "label_order": {
        "benign": 0,
        "malware": 1
      }
    },
    {
      "run": 4,
      "seed": 3410,
      "epochs": 15,
      "train_loss_per_epoch": [
        0.375658397257328,
        0.241531043022871,
        0.18642746011912822,
        0.13834651981294155,
        0.1022458600923419,
        0.0846884497590363,
        0.06005386487208307,
        0.042884407984092834,
        0.03981669363635592,
        0.03187413250724785,
        0.02852029377850704,
        0.024523305914830415,
        0.019899577429518103,
        0.028479865861474538,
        0.027214083548286
      ],
      "val_acc_per_epoch": [
        0.878,
        0.909,
        0.9135,
        0.911,
        0.9265,
        0.9205,
        0.9335,
        0.9185,
        0.928,
        0.9275,
        0.9315,
        0.928,
        0.931,
        0.9205,
        0.932
      ],
      "lr_per_epoch": [
        0.0001,
        0.0001,
        0.0001,
        0.0001,
        0.0001,
        0.0001,
        0.0001,
        0.0001,
        0.0001,
        0.0001,
        0.0001,
        0.0001,
        0.0001,
        0.0001,
        0.0001
      ],
      "best_val_acc": 0.9335,
      "test_acc": 0.9355,