{
  "timestamp": "20260413-133145",
  "args": {
    "data_root": "/mnt/nas/RB2023/image_rgb_vi",
    "model": "efficientnet_b0",
    "epochs": 15,
    "batch": 32,
    "workers": 4,
    "in_ch": 1,
    "resize": "256,256",
    "seed": 3407,
    "runs": 5,
    "log_dir": "../new_result/image_rgb_vi"
  },
  "device": "cuda",
  "runs": [
    {
      "run": 1,
      "seed": 3407,
      "epochs": 15,
      "train_loss_per_epoch": [
        0.3775046238899231,
        0.22067408549785614,
        0.1662480789795518,
        0.1278564491160214,
        0.1040426140576601,
        0.07820637357328088,
        0.06518045966234058,
        0.05888822214771062,
        0.04750523580797016,
        0.04101224407646805,
        0.035202614671783525,
        0.03530158972553909,
        0.029768529386725275,
        0.022798650049371646,
        0.026506179462245198
      ],
      "val_acc_per_epoch": [
        0.881,
        0.891,
        0.914,
        0.912,
        0.931,
        0.924,
        0.9205,
        0.8935,
        0.9175,
        0.932,
        0.934,
        0.9345,
        0.9315,
        0.9355,
        0.9195
      ],
      "lr_per_epoch": [
        0.0001,
        0.0001,
        0.0001,
        0.0001,
        0.0001,
        0.0001,
        0.0001,
        0.0001,
        0.0001,
        0.0001,
        0.0001,
        0.0001,
        0.0001,
        0.0001,
        0.0001
      ],
      "best_val_acc": 0.9355,
      "test_acc": 0.937,
      "test_f1": {
        "macro": 0.9369182460468768,
        "micro": 0.937,
        "weighted": 0.9369182460468767,
        "binary_malware": 0.9346473029045643,
        "binary_benign": 0.9391891891891891,
        "per_class": {
          "benign": 0.9391891891891891,
          "malware": 0.9346473029045643
        }
      },
      "test_macro_f1": 0.9369182460468768,
      "classification_report": "              precision    recall  f1-score   support\n\n      benign     0.9076    0.9730    0.9392      1000\n     malware     0.9709    0.9010    0.9346      1000\n\n    accuracy                         0.9370      2000\n   macro avg     0.9393    0.9370    0.9369      2000\nweighted avg     0.9393    0.9370    0.9369      2000\n",
      "confusion_matrix": [
        [
          973,
          27
        ],
        [
          99,
          901
        ]
      ],
      "class_to_idx": {
        "benign": 0,
        "malware": 1
      },
      "label_order": {
        "benign": 0,
        "malware": 1
      }
    },
    {
      "run": 2,
      "seed": 3408,
      "epochs": 15,
      "train_loss_per_epoch": [
        0.3919456808567047,
        0.23228281784057617,
        0.16965948209166526,
        0.14190110156685115,
        0.11363898099213839,
        0.08267168813385069,
        0.07464902480319142,
        0.058965838437899945,
        0.052382365938276054,
        0.03631707370886579,
        0.03539319103304297,
        0.03246835826896131,
        0.033200317440205254,
        0.029592942567775025,
        0.02179012687021168
      ],
      "val_acc_per_epoch": [
        0.901,
        0.8715,
        0.9295,
        0.9365,
        0.9325,
        0.9355,
        0.94,
        0.945,
        0.938,
        0.9405,
        0.9245,
        0.934,
        0.9495,
        0.935,
        0.9355
      ],
      "lr_per_epoch": [
        0.0001,
        0.0001,
        0.0001,
        0.0001,
        0.0001,
        0.0001,
        0.0001,
        0.0001,
        0.0001,
        0.0001,
        0.0001,
        0.0001,
        0.0001,
        0.0001,
        0.0001
      ],
      "best_val_acc": 0.9495,
      "test_acc": 0.9345,
      "test_f1": {
        "macro": 0.9343869980073181,
        "micro": 0.9345,
        "weighted": 0.9343869980073182,
        "binary_malware": 0.9371099375900144,
        "binary_benign": 0.9316640584246219,
        "per_class": {
          "benign": 0.9316640584246219,
          "malware": 0.9371099375900144
        }
      },
      "test_macro_f1": 0.9343869980073181,
      "classification_report": "              precision    recall  f1-score   support\n\n      benign     0.9738    0.8930    0.9317      1000\n     malware     0.9012    0.9760    0.9371      1000\n\n    accuracy                         0.9345      2000\n   macro avg     0.9375    0.9345    0.9344      2000\nweighted avg     0.9375    0.9345    0.9344      2000\n",
      "confusion_matrix": [
        [
          893,
          107
        ],
        [
          24,
          976
        ]
      ],
      "class_to_idx": {
        "benign": 0,
        "malware": 1
      },
      "label_order": {
        "benign": 0,
        "malware": 1
      }
    },
    {
      "run": 3,
      "seed": 3409,
      "epochs": 15,
      "train_loss_per_epoch": [
        0.3786256192326546,
        0.22757967802882195,
        0.16462584562599658,
        0.12751994062215088,
        0.09792647567391395,
        0.08073489141277969,
        0.06548547678813338,
        0.05265524608781561,
        0.04662562197865918,
        0.03474889763444662,
        0.03714801880693994,
        0.028754166650702247,
        0.032467233709292484,
        0.02937130849994719,
        0.0292017387826927
      ],
      "val_acc_per_epoch": [
        0.8965,
        0.9105,
        0.9225,
        0.9295,
        0.9265,
        0.9285,
        0.9375,
        0.9225,
        0.9185,
        0.9435,
        0.94,
        0.939,
        0.942,
        0.942,
        0.923
      ],
      "lr_per_epoch": [
        0.0001,
        0.0001,
        0.0001,
        0.0001,
        0.0001,
        0.0001,
        0.0001,
        0.0001,
        0.0001,
        0.0001,
        0.0001,
        0.0001,
        0.0001,
        0.0001,
        0.0001
      ],
      "best_val_acc": 0.9435,
      "test_acc": 0.9325,
      "test_f1": {
        "macro": 0.9324286277380482,
        "micro": 0.9325,
        "weighted": 0.9324286277380484,
        "binary_malware": 0.9302325581395349,
        "binary_benign": 0.9346246973365617,
        "per_class": {
          "benign": 0.9346246973365617,
          "malware": 0.9302325581395349
        }
      },
      "test_macro_f1": 0.9324286277380482,
      "classification_report": "              precision    recall  f1-score   support\n\n      benign     0.9061    0.9650    0.9346      1000\n     malware     0.9626    0.9000    0.9302      1000\n\n    accuracy                         0.9325      2000\n   macro avg     0.9343    0.9325    0.9324      2000\nweighted avg     0.9343    0.9325    0.9324      2000\n",
      "confusion_matrix": [
        [
          965,
          35
        ],
        [
          100,
          900
        ]
      ],
      "class_to_idx": {
        "benign": 0,
        "malware": 1
      },
      "label_order": {
        "benign": 0,
        "malware": 1
      }
    },
    {
      "run": 4,
      "seed": 3410,
      "epochs": 15,
      "train_loss_per_epoch": [
        0.38345784002542493,
        0.23471919883787631,
        0.1742216838002205,
        0.13245497305691242,
        0.10271282011084258,
        0.08939630699902773,
        0.062027546350844204,
        0.051600948572158814,
        0.046293942218646404,
        0.03791132729081437,
        0.03417449047463015,
        0.03549674109881744,
        0.02391362191661028,
        0.02817384494130965,
        0.023281956054095644
      ],
      "val_acc_per_epoch": [
        0.863,
        0.9285,
        0.9355,
        0.9375,
        0.9395,
        0.9355,
        0.931,
        0.9365,
        0.926,
        0.932,
        0.9365,
        0.9405,
        0.9425,
        0.935,
        0.9455
      ],
      "lr_per_epoch": [
        0.0001,
        0.0001,
        0.0001,
        0.0001,
        0.0001,
        0.0001,
        0.0001,
        0.0001,
        0.0001,
        0.0001,
        0.0001,
        0.0001,
        0.0001,
        0.0001,
        0.0001
      ],
      "best_val_acc": 0.9455,
      "test_acc": 0.947,