{
  "timestamp": "20260511-083941",
  "args": {
    "data_root": "apk2img-ml-datasets/data/sdhash/image_rgb_vb",
    "model": "resnet101",
    "pretrained": false,
    "epochs": 100,
    "batch": 8,
    "lr": 0.0003784955483495219,
    "optimizer": "adamw",
    "weight_decay": 0.0,
    "lr_scheduler": "none",
    "scheduler_step_size": 5,
    "scheduler_milestones": [
      10,
      20
    ],
    "scheduler_gamma": 0.1,
    "scheduler_exp_gamma": 0.95,
    "scheduler_patience": 2,
    "scheduler_t_max": null,
    "scheduler_eta_min": 0.0,
    "scheduler_t_0": null,
    "scheduler_t_mult": 1,
    "scheduler_pct_start": 0.3,
    "scheduler_div_factor": 25.0,
    "scheduler_final_div_factor": 10000.0,
    "workers": 4,
    "in_ch": 1,
    "resize": "256,256",
    "seed": 3407,
    "runs": 1,
    "log_dir": "/home/IM25D009/git_workspace/results/rgb_vb/cnn_optuna_no/20260510-231500/best_eval",
    "early_stopping_patience": 3,
    "early_stopping_min_delta": 0.0,
    "restore_best": true
  },
  "device": "cuda",
  "runs": [
    {
      "run": 1,
      "seed": 3407,
      "epochs": 100,
      "train_loss_per_epoch": [
        0.4813218176960945,
        0.2906254756506532,
        0.23583031708188354,
        0.19738438278064133,
        0.17981562211085111,
        0.16776935599301943,
        0.15111407696129756,
        0.17534381361259146,
        0.12834196269477252,
        0.12488075381476665,
        0.12276107255299576,
        0.11917653948313091,
        0.09039545837449259,
        0.09796434776927344
      ],
      "val_acc_per_epoch": [
        0.867,
        0.866,
        0.901,
        0.9045,
        0.828,
        0.914,
        0.904,
        0.928,
        0.925,
        0.878,
        0.944,
        0.94,
        0.9055,
        0.9205
      ],
      "lr_per_epoch": [
        0.0003784955483495219,
        0.0003784955483495219,
        0.0003784955483495219,
        0.0003784955483495219,
        0.0003784955483495219,
        0.0003784955483495219,
        0.0003784955483495219,
        0.0003784955483495219,
        0.0003784955483495219,
        0.0003784955483495219,
        0.0003784955483495219,
        0.0003784955483495219,
        0.0003784955483495219,
        0.0003784955483495219
      ],
      "best_val_acc": 0.944,
      "best_epoch": 11,
      "epochs_completed": 14,
      "early_stopped": true,
      "stopped_epoch": 14,
      "test_acc": 0.95,
      "test_f1": {
        "macro": 0.9499959496719235,
        "micro": 0.95,
        "weighted": 0.9499959496719235,
        "binary_malware": 0.9504459861248761,
        "binary_benign": 0.9495459132189707,
        "per_class": {
          "benign": 0.9495459132189707,
          "malware": 0.9504459861248761
        }
      },
      "test_macro_f1": 0.9499959496719235,
      "classification_report": "              precision    recall  f1-score   support\n\n      benign     0.9582    0.9410    0.9495      1000\n     malware     0.9420    0.9590    0.9504      1000\n\n    accuracy                         0.9500      2000\n   macro avg     0.9501    0.9500    0.9500      2000\nweighted avg     0.9501    0.9500    0.9500      2000\n",
      "confusion_matrix": [
        [
          941,
          59
        ],
        [
          41,
          959
        ]
      ],
      "class_to_idx": {
        "benign": 0,
        "malware": 1
      },
      "label_order": {
        "benign": 0,
        "malware": 1
      }
    }
  ],
  "summary": {
    "test_acc_mean": 0.95,
    "test_acc_std": 0.0,
    "macro_f1_mean": 0.9499959496719235,
    "macro_f1_std": 0.0,
    "micro_f1_mean": 0.95,
    "micro_f1_std": 0.0,
    "weighted_f1_mean": 0.9499959496719235,
    "weighted_f1_std": 0.0,
    "binary_malware_f1_mean": 0.9504459861248761,
    "binary_malware_f1_std": 0.0,
    "binary_benign_f1_mean": 0.9495459132189707,
    "binary_benign_f1_std": 0.0,
    "per_class_f1_mean": [
      0.9495459132189707,
      0.9504459861248761
    ],
    "per_class_f1_std": [
      0.0,
      0.0
    ],
    "per_class_f1_order": [
      "benign",
      "malware"
    ]
  }
}