{
  "timestamp": "20260414-000702",
  "args": {
    "data_root": "/mnt/nas/RB2023/image_rgb_vi",
    "model": "efficientnet_b2",
    "epochs": 15,
    "batch": 32,
    "workers": 4,
    "in_ch": 1,
    "resize": "256,256",
    "seed": 3407,
    "runs": 5,
    "log_dir": "../new_result/image_rgb_vi"
  },
  "device": "cuda",
  "runs": [
    {
      "run": 1,
      "seed": 3407,
      "epochs": 15,
      "train_loss_per_epoch": [
        0.37860814756155015,
        0.2277585142403841,
        0.17500483414530754,
        0.1388149151802063,
        0.10855338773503899,
        0.08252832912560552,
        0.066483926220797,
        0.05108188972203061,
        0.042670910985209046,
        0.039930028072092685,
        0.03037004377366975,
        0.02262721206707647,
        0.0289994609253481,
        0.02115066927910084,
        0.018511035182746126
      ],
      "val_acc_per_epoch": [
        0.8895,
        0.907,
        0.919,
        0.912,
        0.925,
        0.918,
        0.9245,
        0.929,
        0.9315,
        0.9305,
        0.9375,
        0.9305,
        0.9325,
        0.932,
        0.926
      ],
      "lr_per_epoch": [
        0.0001,
        0.0001,
        0.0001,
        0.0001,
        0.0001,
        0.0001,
        0.0001,
        0.0001,
        0.0001,
        0.0001,
        0.0001,
        0.0001,
        0.0001,
        0.0001,
        0.0001
      ],
      "best_val_acc": 0.9375,
      "test_acc": 0.9375,
      "test_f1": {
        "macro": 0.9374998593746836,
        "micro": 0.9375,
        "weighted": 0.9374998593746836,
        "binary_malware": 0.9374061091637457,
        "binary_benign": 0.9375936095856215,
        "per_class": {
          "benign": 0.9375936095856215,
          "malware": 0.9374061091637457
        }
      },
      "test_macro_f1": 0.9374998593746836,
      "classification_report": "              precision    recall  f1-score   support\n\n      benign     0.9362    0.9390    0.9376      1000\n     malware     0.9388    0.9360    0.9374      1000\n\n    accuracy                         0.9375      2000\n   macro avg     0.9375    0.9375    0.9375      2000\nweighted avg     0.9375    0.9375    0.9375      2000\n",
      "confusion_matrix": [
        [
          939,
          61
        ],
        [
          64,
          936
        ]
      ],
      "class_to_idx": {
        "benign": 0,
        "malware": 1
      },
      "label_order": {
        "benign": 0,
        "malware": 1
      }
    },
    {
      "run": 2,
      "seed": 3408,
      "epochs": 15,
      "train_loss_per_epoch": [
        0.3916683411598206,
        0.243759031906724,
        0.18320004028081893,
        0.14328215377032757,
        0.1216037501618266,
        0.08282899668067693,
        0.07240409627743065,
        0.05507545542297885,
        0.042180665200110525,
        0.0376193023720989,
        0.03242861466866452,
        0.023851625693845562,
        0.022578682312916497,
        0.023517206039628945,
        0.021353103241766803
      ],
      "val_acc_per_epoch": [
        0.901,
        0.889,
        0.9185,
        0.9345,
        0.93,
        0.9235,
        0.9335,
        0.9275,
        0.947,
        0.943,
        0.9365,
        0.929,
        0.9405,
        0.938,
        0.9455
      ],
      "lr_per_epoch": [
        0.0001,
        0.0001,
        0.0001,
        0.0001,
        0.0001,
        0.0001,
        0.0001,
        0.0001,
        0.0001,
        0.0001,
        0.0001,
        0.0001,
        0.0001,
        0.0001,
        0.0001
      ],
      "best_val_acc": 0.947,
      "test_acc": 0.948,
      "test_f1": {
        "macro": 0.947999791999168,
        "micro": 0.948,
        "weighted": 0.947999791999168,
        "binary_malware": 0.9478957915831663,
        "binary_benign": 0.9481037924151696,
        "per_class": {
          "benign": 0.9481037924151696,
          "malware": 0.9478957915831663
        }
      },
      "test_macro_f1": 0.947999791999168,
      "classification_report": "              precision    recall  f1-score   support\n\n      benign     0.9462    0.9500    0.9481      1000\n     malware     0.9498    0.9460    0.9479      1000\n\n    accuracy                         0.9480      2000\n   macro avg     0.9480    0.9480    0.9480      2000\nweighted avg     0.9480    0.9480    0.9480      2000\n",
      "confusion_matrix": [
        [
          950,
          50
        ],
        [
          54,
          946
        ]
      ],
      "class_to_idx": {
        "benign": 0,
        "malware": 1
      },
      "label_order": {
        "benign": 0,
        "malware": 1
      }
    },
    {
      "run": 3,
      "seed": 3409,
      "epochs": 15,
      "train_loss_per_epoch": [
        0.3833865483403206,
        0.23879132449626922,
        0.17652137945592403,
        0.13679415600001812,
        0.09808118243515491,
        0.07912810132466257,
        0.06316187804378569,
        0.054945856704376635,
        0.045576921408064665,
        0.03194126193900593,
        0.027905915332376026,
        0.030952132316771894,
        0.02318137557862792,
        0.021175542270939332,
        0.018567151123424993
      ],
      "val_acc_per_epoch": [
        0.891,
        0.902,
        0.912,
        0.911,
        0.9185,
        0.9225,
        0.924,
        0.9175,
        0.9185,
        0.9285,
        0.9305,
        0.936,
        0.939,
        0.931,
        0.907
      ],
      "lr_per_epoch": [
        0.0001,
        0.0001,
        0.0001,
        0.0001,
        0.0001,
        0.0001,
        0.0001,
        0.0001,
        0.0001,
        0.0001,
        0.0001,
        0.0001,
        0.0001,
        0.0001,
        0.0001
      ],
      "best_val_acc": 0.939,
      "test_acc": 0.916,
      "test_f1": {
        "macro": 0.9157164702057723,
        "micro": 0.916,
        "weighted": 0.9157164702057722,
        "binary_malware": 0.910828025477707,
        "binary_benign": 0.9206049149338374,
        "per_class": {
          "benign": 0.9206049149338374,
          "malware": 0.910828025477707
        }
      },
      "test_macro_f1": 0.9157164702057723,
      "classification_report": "              precision    recall  f1-score   support\n\n      benign     0.8728    0.9740    0.9206      1000\n     malware     0.9706    0.8580    0.9108      1000\n\n    accuracy                         0.9160      2000\n   macro avg     0.9217    0.9160    0.9157      2000\nweighted avg     0.9217    0.9160    0.9157      2000\n",
      "confusion_matrix": [
        [
          974,
          26
        ],
        [
          142,
          858
        ]
      ],
      "class_to_idx": {
        "benign": 0,
        "malware": 1
      },
      "label_order": {
        "benign": 0,
        "malware": 1
      }
    },
    {
      "run": 4,
      "seed": 3410,
      "epochs": 15,
      "train_loss_per_epoch": [
        0.3700586435198784,
        0.2327704676389694,
        0.1802124330252409,
        0.12579799908399583,
        0.10545282624289394,
        0.08322654245793819,
        0.05994820371642709,
        0.049162364360876384,
        0.04200657885498367,
        0.038058814465766776,
        0.031212670985492876,
        0.03204127953806892,
        0.023527193203102797,
        0.03141437071259134,
        0.019934694341092837
      ],
      "val_acc_per_epoch": [
        0.8805,
        0.904,
        0.9055,
        0.914,
        0.919,
        0.9245,
        0.914,
        0.9305,
        0.923,
        0.9275,
        0.9255,
        0.934,
        0.9325,
        0.914,
        0.9355
      ],
      "lr_per_epoch": [
        0.0001,
        0.0001,
        0.0001,
        0.0001,
        0.0001,
        0.0001,
        0.0001,
        0.0001,
        0.0001,
        0.0001,
        0.0001,
        0.0001,
        0.0001,
        0.0001,
        0.0001
      ],
      "best_val_acc": 0.9355,
      "test_acc": 0.9485,