{
  "timestamp": "20260513-153854",
  "args": {
    "data_root": "apk2img-ml-datasets/data/sdhash/image_rgba_hi",
    "model": "resnet101",
    "pretrained": true,
    "epochs": 100,
    "batch": 8,
    "lr": 0.0002462084374714394,
    "optimizer": "adam",
    "weight_decay": 0.0,
    "lr_scheduler": "none",
    "scheduler_step_size": 5,
    "scheduler_milestones": [
      10,
      20
    ],
    "scheduler_gamma": 0.1,
    "scheduler_exp_gamma": 0.95,
    "scheduler_patience": 2,
    "scheduler_t_max": null,
    "scheduler_eta_min": 0.0,
    "scheduler_t_0": null,
    "scheduler_t_mult": 1,
    "scheduler_pct_start": 0.3,
    "scheduler_div_factor": 25.0,
    "scheduler_final_div_factor": 10000.0,
    "workers": 4,
    "in_ch": 1,
    "resize": "256,256",
    "seed": 3407,
    "runs": 1,
    "log_dir": "/home/IM25D009/git_workspace/results/rgba_hi/cnn_optuna_pre/20260513-100742/best_eval",
    "early_stopping_patience": 3,
    "early_stopping_min_delta": 0.0,
    "restore_best": true
  },
  "device": "cuda",
  "runs": [
    {
      "run": 1,
      "seed": 3407,
      "epochs": 100,
      "train_loss_per_epoch": [
        0.35981817296426744,
        0.2109918630667962,
        0.15477720925107133,
        0.1285582644032547,
        0.1049293125650147,
        0.08148438077706668,
        0.06671815218069606,
        0.05475279692300682,
        0.03682316777953815,
        0.04007462358345992,
        0.0272610954499321,
        0.022115722394666363,
        0.03198091080000791
      ],
      "val_acc_per_epoch": [
        0.909,
        0.928,
        0.9275,
        0.924,
        0.943,
        0.9435,
        0.943,
        0.946,
        0.9495,
        0.955,
        0.945,
        0.9475,
        0.953
      ],
      "lr_per_epoch": [
        0.0002462084374714394,
        0.0002462084374714394,
        0.0002462084374714394,
        0.0002462084374714394,
        0.0002462084374714394,
        0.0002462084374714394,
        0.0002462084374714394,
        0.0002462084374714394,
        0.0002462084374714394,
        0.0002462084374714394,
        0.0002462084374714394,
        0.0002462084374714394,
        0.0002462084374714394
      ],
      "best_val_acc": 0.955,
      "best_epoch": 10,
      "epochs_completed": 13,
      "early_stopped": true,
      "stopped_epoch": 13,
      "test_acc": 0.958,
      "test_f1": {
        "macro": 0.9579989499737493,
        "micro": 0.958,
        "weighted": 0.9579989499737495,
        "binary_malware": 0.9582089552238806,
        "binary_benign": 0.9577889447236181,
        "per_class": {
          "benign": 0.9577889447236181,
          "malware": 0.9582089552238806
        }
      },
      "test_macro_f1": 0.9579989499737493,
      "classification_report": "              precision    recall  f1-score   support\n\n      benign     0.9626    0.9530    0.9578      1000\n     malware     0.9535    0.9630    0.9582      1000\n\n    accuracy                         0.9580      2000\n   macro avg     0.9580    0.9580    0.9580      2000\nweighted avg     0.9580    0.9580    0.9580      2000\n",
      "confusion_matrix": [
        [
          953,
          47
        ],
        [
          37,
          963
        ]
      ],
      "class_to_idx": {
        "benign": 0,
        "malware": 1
      },
      "label_order": {
        "benign": 0,
        "malware": 1
      }
    }
  ],
  "summary": {
    "test_acc_mean": 0.958,
    "test_acc_std": 0.0,
    "macro_f1_mean": 0.9579989499737493,
    "macro_f1_std": 0.0,
    "micro_f1_mean": 0.958,
    "micro_f1_std": 0.0,
    "weighted_f1_mean": 0.9579989499737495,
    "weighted_f1_std": 0.0,
    "binary_malware_f1_mean": 0.9582089552238806,
    "binary_malware_f1_std": 0.0,
    "binary_benign_f1_mean": 0.9577889447236181,
    "binary_benign_f1_std": 0.0,
    "per_class_f1_mean": [
      0.9577889447236181,
      0.9582089552238806
    ],
    "per_class_f1_std": [
      0.0,
      0.0
    ],
    "per_class_f1_order": [
      "benign",
      "malware"
    ]
  }
}