{
  "timestamp": "20260510-043329",
  "args": {
    "data_root": "apk2img-ml-datasets/data/sdhash/image_rgb_hi",
    "model": "resnet18",
    "pretrained": true,
    "epochs": 100,
    "batch": 8,
    "lr": 0.0002462084374714394,
    "optimizer": "adam",
    "weight_decay": 0.0,
    "lr_scheduler": "none",
    "scheduler_step_size": 5,
    "scheduler_milestones": [
      10,
      20
    ],
    "scheduler_gamma": 0.1,
    "scheduler_exp_gamma": 0.95,
    "scheduler_patience": 2,
    "scheduler_t_max": null,
    "scheduler_eta_min": 0.0,
    "scheduler_t_0": null,
    "scheduler_t_mult": 1,
    "scheduler_pct_start": 0.3,
    "scheduler_div_factor": 25.0,
    "scheduler_final_div_factor": 10000.0,
    "workers": 4,
    "in_ch": 1,
    "resize": "256,256",
    "seed": 3407,
    "runs": 1,
    "log_dir": "/home/IM25D009/git_workspace/results/rgb_hi/cnn_optuna_pre/20260510-013347/best_eval",
    "early_stopping_patience": 3,
    "early_stopping_min_delta": 0.0,
    "restore_best": true
  },
  "device": "cuda",
  "runs": [
    {
      "run": 1,
      "seed": 3407,
      "epochs": 100,
      "train_loss_per_epoch": [
        0.3477604550952092,
        0.20309935617540031,
        0.1581364075827878,
        0.13113286210107616,
        0.10360247164336032,
        0.08613477561448235,
        0.06777209148422117,
        0.04463012377537598,
        0.04150329242720909,
        0.035132996429951165,
        0.02580881750177946,
        0.03151347143962647,
        0.01478412068440366,
        0.021183228429936234,
        0.022114770746398334
      ],
      "val_acc_per_epoch": [
        0.9145,
        0.9325,
        0.942,
        0.911,
        0.9505,
        0.9555,
        0.9555,
        0.943,
        0.959,
        0.939,
        0.9495,
        0.963,
        0.959,
        0.9585,
        0.9595
      ],
      "lr_per_epoch": [
        0.0002462084374714394,
        0.0002462084374714394,
        0.0002462084374714394,
        0.0002462084374714394,
        0.0002462084374714394,
        0.0002462084374714394,
        0.0002462084374714394,
        0.0002462084374714394,
        0.0002462084374714394,
        0.0002462084374714394,
        0.0002462084374714394,
        0.0002462084374714394,
        0.0002462084374714394,
        0.0002462084374714394,
        0.0002462084374714394
      ],
      "best_val_acc": 0.963,
      "best_epoch": 12,
      "epochs_completed": 15,
      "early_stopped": true,
      "stopped_epoch": 15,
      "test_acc": 0.968,
      "test_f1": {
        "macro": 0.967996799679968,
        "micro": 0.968,
        "weighted": 0.967996799679968,
        "binary_malware": 0.9683168316831683,
        "binary_benign": 0.9676767676767677,
        "per_class": {
          "benign": 0.9676767676767677,
          "malware": 0.9683168316831683
        }
      },
      "test_macro_f1": 0.967996799679968,
      "classification_report": "              precision    recall  f1-score   support\n\n      benign     0.9776    0.9580    0.9677      1000\n     malware     0.9588    0.9780    0.9683      1000\n\n    accuracy                         0.9680      2000\n   macro avg     0.9682    0.9680    0.9680      2000\nweighted avg     0.9682    0.9680    0.9680      2000\n",
      "confusion_matrix": [
        [
          958,
          42
        ],
        [
          22,
          978
        ]
      ],
      "class_to_idx": {
        "benign": 0,
        "malware": 1
      },
      "label_order": {
        "benign": 0,
        "malware": 1
      }
    }
  ],
  "summary": {
    "test_acc_mean": 0.968,
    "test_acc_std": 0.0,
    "macro_f1_mean": 0.967996799679968,
    "macro_f1_std": 0.0,
    "micro_f1_mean": 0.968,
    "micro_f1_std": 0.0,
    "weighted_f1_mean": 0.967996799679968,
    "weighted_f1_std": 0.0,
    "binary_malware_f1_mean": 0.9683168316831683,
    "binary_malware_f1_std": 0.0,
    "binary_benign_f1_mean": 0.9676767676767677,
    "binary_benign_f1_std": 0.0,
    "per_class_f1_mean": [
      0.9676767676767677,
      0.9683168316831683
    ],
    "per_class_f1_std": [
      0.0,
      0.0
    ],
    "per_class_f1_order": [
      "benign",
      "malware"
    ]
  }
}