{
  "timestamp": "20260409-101159",
  "args": {
    "data_root": "/mnt/nas/RB2023/image_rgb_vb",
    "model": "mobilenet",
    "epochs": 15,
    "batch": 32,
    "workers": 4,
    "in_ch": 1,
    "resize": "256,256",
    "seed": 3407,
    "runs": 5,
    "log_dir": "../new_result/image_rgb_vb"
  },
  "device": "cuda",
  "runs": [
    {
      "run": 1,
      "seed": 3407,
      "epochs": 15,
      "train_loss_per_epoch": [
        0.45431899547576904,
        0.2674361035525799,
        0.20035179790854454,
        0.15366741828620434,
        0.1182747358456254,
        0.08449403422698379,
        0.07118328929785639,
        0.05475957430433482,
        0.041677897785790265,
        0.039629862881731245,
        0.031089812880381942,
        0.02797138367849402,
        0.02893144445348298,
        0.019412518143071794,
        0.024091645631124266
      ],
      "val_acc_per_epoch": [
        0.877,
        0.885,
        0.8955,
        0.8835,
        0.9115,
        0.888,
        0.891,
        0.8945,
        0.9055,
        0.901,
        0.912,
        0.9135,
        0.9175,
        0.915,
        0.902
      ],
      "lr_per_epoch": [
        0.0001,
        0.0001,
        0.0001,
        0.0001,
        0.0001,
        0.0001,
        0.0001,
        0.0001,
        0.0001,
        0.0001,
        0.0001,
        0.0001,
        0.0001,
        0.0001,
        0.0001
      ],
      "best_val_acc": 0.9175,
      "test_acc": 0.9095,
      "test_f1": {
        "macro": 0.9092101761849263,
        "micro": 0.9095,
        "weighted": 0.9092101761849264,
        "binary_malware": 0.9040805511393747,
        "binary_benign": 0.914339801230478,
        "per_class": {
          "benign": 0.914339801230478,
          "malware": 0.9040805511393747
        }
      },
      "test_macro_f1": 0.9092101761849263,
      "classification_report": "              precision    recall  f1-score   support\n\n      benign     0.8679    0.9660    0.9143      1000\n     malware     0.9617    0.8530    0.9041      1000\n\n    accuracy                         0.9095      2000\n   macro avg     0.9148    0.9095    0.9092      2000\nweighted avg     0.9148    0.9095    0.9092      2000\n",
      "confusion_matrix": [
        [
          966,
          34
        ],
        [
          147,
          853
        ]
      ],
      "class_to_idx": {
        "benign": 0,
        "malware": 1
      },
      "label_order": {
        "benign": 0,
        "malware": 1
      }
    },
    {
      "run": 2,
      "seed": 3408,
      "epochs": 15,
      "train_loss_per_epoch": [
        0.45309661930799483,
        0.27327171617746354,
        0.19949930284917355,
        0.15416956162452697,
        0.11738394098728895,
        0.08187039792910218,
        0.07198809815198183,
        0.052954410078004,
        0.03877206626348197,
        0.03947235233918764,
        0.03342549354629591,
        0.026951936890836806,
        0.02903225466783624,
        0.02647744801605586,
        0.01792933059972711
      ],
      "val_acc_per_epoch": [
        0.8805,
        0.8855,
        0.8915,
        0.892,
        0.89,
        0.87,
        0.9075,
        0.8865,
        0.917,
        0.907,
        0.9145,
        0.875,
        0.909,
        0.914,
        0.904
      ],
      "lr_per_epoch": [
        0.0001,
        0.0001,
        0.0001,
        0.0001,
        0.0001,
        0.0001,
        0.0001,
        0.0001,
        0.0001,
        0.0001,
        0.0001,
        0.0001,
        0.0001,
        0.0001,
        0.0001
      ],
      "best_val_acc": 0.917,
      "test_acc": 0.917,
      "test_f1": {
        "macro": 0.916991699169917,
        "micro": 0.917,
        "weighted": 0.916991699169917,
        "binary_malware": 0.9161616161616162,
        "binary_benign": 0.9178217821782179,
        "per_class": {
          "benign": 0.9178217821782179,
          "malware": 0.9161616161616162
        }
      },
      "test_macro_f1": 0.916991699169917,
      "classification_report": "              precision    recall  f1-score   support\n\n      benign     0.9088    0.9270    0.9178      1000\n     malware     0.9255    0.9070    0.9162      1000\n\n    accuracy                         0.9170      2000\n   macro avg     0.9172    0.9170    0.9170      2000\nweighted avg     0.9172    0.9170    0.9170      2000\n",
      "confusion_matrix": [
        [
          927,
          73
        ],
        [
          93,
          907
        ]
      ],
      "class_to_idx": {
        "benign": 0,
        "malware": 1
      },
      "label_order": {
        "benign": 0,
        "malware": 1
      }
    },
    {
      "run": 3,
      "seed": 3409,
      "epochs": 15,
      "train_loss_per_epoch": [
        0.4464196283817291,
        0.2803291032910347,
        0.19733999875187874,
        0.14668373791128397,
        0.11160199335217476,
        0.08573924430459738,
        0.05774600227735937,
        0.04895646280329675,
        0.052608192323707045,
        0.034861798656638715,
        0.038370597924105826,
        0.038281619358342144,
        0.03126481352187693,
        0.016269553080550395,
        0.024206426084943816
      ],
      "val_acc_per_epoch": [
        0.8705,
        0.881,
        0.9055,
        0.8905,
        0.911,
        0.914,
        0.9135,
        0.922,
        0.8815,
        0.926,
        0.9265,
        0.915,
        0.921,
        0.92,
        0.9185
      ],
      "lr_per_epoch": [
        0.0001,
        0.0001,
        0.0001,
        0.0001,
        0.0001,
        0.0001,
        0.0001,
        0.0001,
        0.0001,
        0.0001,
        0.0001,
        0.0001,
        0.0001,
        0.0001,
        0.0001
      ],
      "best_val_acc": 0.9265,
      "test_acc": 0.927,
      "test_f1": {
        "macro": 0.9269973719053886,
        "micro": 0.927,
        "weighted": 0.9269973719053886,
        "binary_malware": 0.9265593561368209,
        "binary_benign": 0.9274353876739563,
        "per_class": {
          "benign": 0.9274353876739563,
          "malware": 0.9265593561368209
        }
      },
      "test_macro_f1": 0.9269973719053886,
      "classification_report": "              precision    recall  f1-score   support\n\n      benign     0.9219    0.9330    0.9274      1000\n     malware     0.9322    0.9210    0.9266      1000\n\n    accuracy                         0.9270      2000\n   macro avg     0.9271    0.9270    0.9270      2000\nweighted avg     0.9271    0.9270    0.9270      2000\n",
      "confusion_matrix": [
        [
          933,
          67
        ],
        [
          79,
          921
        ]
      ],
      "class_to_idx": {
        "benign": 0,
        "malware": 1
      },
      "label_order": {
        "benign": 0,
        "malware": 1
      }
    },
    {
      "run": 4,
      "seed": 3410,
      "epochs": 15,
      "train_loss_per_epoch": [
        0.43859107530117036,
        0.28208621641993525,
        0.2035157645493746,
        0.15033065290004016,
        0.10995065711811185,
        0.09110167213529348,
        0.06288164565525949,
        0.051687645971775054,
        0.04671831235103309,
        0.030963466297835113,
        0.045996134045533835,
        0.025366924792993815,
        0.023470914125209675,
        0.022785934238578193,
        0.034948085881536826
      ],
      "val_acc_per_epoch": [
        0.8255,
        0.884,
        0.902,
        0.8925,
        0.9165,
        0.878,
        0.914,
        0.911,
        0.901,
        0.9,
        0.916,
        0.914,
        0.909,
        0.8925,
        0.9155
      ],
      "lr_per_epoch": [
        0.0001,
        0.0001,
        0.0001,
        0.0001,
        0.0001,
        0.0001,
        0.0001,
        0.0001,
        0.0001,
        0.0001,
        0.0001,
        0.0001,
        0.0001,
        0.0001,
        0.0001
      ],
      "best_val_acc": 0.9165,
      "test_acc": 0.9225,