{
  "timestamp": "20260513-174742",
  "args": {
    "data_root": "apk2img-ml-datasets/data/sdhash/image_rgba_hi",
    "model": "resnet101",
    "pretrained": false,
    "epochs": 100,
    "batch": 16,
    "lr": 0.00031086674528534394,
    "optimizer": "adamw",
    "weight_decay": 1e-06,
    "lr_scheduler": "none",
    "scheduler_step_size": 5,
    "scheduler_milestones": [
      10,
      20
    ],
    "scheduler_gamma": 0.1,
    "scheduler_exp_gamma": 0.95,
    "scheduler_patience": 2,
    "scheduler_t_max": null,
    "scheduler_eta_min": 0.0,
    "scheduler_t_0": null,
    "scheduler_t_mult": 1,
    "scheduler_pct_start": 0.3,
    "scheduler_div_factor": 25.0,
    "scheduler_final_div_factor": 10000.0,
    "workers": 4,
    "in_ch": 1,
    "resize": "256,256",
    "seed": 3407,
    "runs": 1,
    "log_dir": "/home/IM25D009/git_workspace/results/rgba_hi/cnn_optuna_no/20260513-093849/best_eval",
    "early_stopping_patience": 3,
    "early_stopping_min_delta": 0.0,
    "restore_best": true
  },
  "device": "cuda",
  "runs": [
    {
      "run": 1,
      "seed": 3407,
      "epochs": 100,
      "train_loss_per_epoch": [
        0.4642565807700157,
        0.25557251131534575,
        0.19136343413218856,
        0.17770871373452246,
        0.14739281355310233,
        0.14214183942321687,
        0.14632840855419635,
        0.12383632800914347,
        0.11097846085159108,
        0.11729164281254634
      ],
      "val_acc_per_epoch": [
        0.878,
        0.868,
        0.8915,
        0.9255,
        0.9135,
        0.92,
        0.944,
        0.94,
        0.9395,
        0.929
      ],
      "lr_per_epoch": [
        0.00031086674528534394,
        0.00031086674528534394,
        0.00031086674528534394,
        0.00031086674528534394,
        0.00031086674528534394,
        0.00031086674528534394,
        0.00031086674528534394,
        0.00031086674528534394,
        0.00031086674528534394,
        0.00031086674528534394
      ],
      "best_val_acc": 0.944,
      "best_epoch": 7,
      "epochs_completed": 10,
      "early_stopped": true,
      "stopped_epoch": 10,
      "test_acc": 0.949,
      "test_f1": {
        "macro": 0.948999948999949,
        "micro": 0.949,
        "weighted": 0.9489999489999491,
        "binary_malware": 0.948948948948949,
        "binary_benign": 0.949050949050949,
        "per_class": {
          "benign": 0.949050949050949,
          "malware": 0.948948948948949
        }
      },
      "test_macro_f1": 0.948999948999949,
      "classification_report": "              precision    recall  f1-score   support\n\n      benign     0.9481    0.9500    0.9491      1000\n     malware     0.9499    0.9480    0.9489      1000\n\n    accuracy                         0.9490      2000\n   macro avg     0.9490    0.9490    0.9490      2000\nweighted avg     0.9490    0.9490    0.9490      2000\n",
      "confusion_matrix": [
        [
          950,
          50
        ],
        [
          52,
          948
        ]
      ],
      "class_to_idx": {
        "benign": 0,
        "malware": 1
      },
      "label_order": {
        "benign": 0,
        "malware": 1
      }
    }
  ],
  "summary": {
    "test_acc_mean": 0.949,
    "test_acc_std": 0.0,
    "macro_f1_mean": 0.948999948999949,
    "macro_f1_std": 0.0,
    "micro_f1_mean": 0.949,
    "micro_f1_std": 0.0,
    "weighted_f1_mean": 0.9489999489999491,
    "weighted_f1_std": 0.0,
    "binary_malware_f1_mean": 0.948948948948949,
    "binary_malware_f1_std": 0.0,
    "binary_benign_f1_mean": 0.949050949050949,
    "binary_benign_f1_std": 0.0,
    "per_class_f1_mean": [
      0.949050949050949,
      0.948948948948949
    ],
    "per_class_f1_std": [
      0.0,
      0.0
    ],
    "per_class_f1_order": [
      "benign",
      "malware"
    ]
  }
}