{
  "timestamp": "20260509-192851",
  "args": {
    "data_root": "apk2img-ml-datasets/data/sdhash/image_rgb_hb",
    "model": "resnet101",
    "pretrained": false,
    "epochs": 100,
    "batch": 8,
    "lr": 0.00031442800059864495,
    "optimizer": "adam",
    "weight_decay": 1e-05,
    "lr_scheduler": "none",
    "scheduler_step_size": 5,
    "scheduler_milestones": [
      10,
      20
    ],
    "scheduler_gamma": 0.1,
    "scheduler_exp_gamma": 0.95,
    "scheduler_patience": 2,
    "scheduler_t_max": null,
    "scheduler_eta_min": 0.0,
    "scheduler_t_0": null,
    "scheduler_t_mult": 1,
    "scheduler_pct_start": 0.3,
    "scheduler_div_factor": 25.0,
    "scheduler_final_div_factor": 10000.0,
    "workers": 4,
    "in_ch": 1,
    "resize": "256,256",
    "seed": 3407,
    "runs": 1,
    "log_dir": "/home/IM25D009/git_workspace/results/rgb_hb/cnn_optuna_no/20260509-111139/best_eval",
    "early_stopping_patience": 3,
    "early_stopping_min_delta": 0.0,
    "restore_best": true
  },
  "device": "cuda",
  "runs": [
    {
      "run": 1,
      "seed": 3407,
      "epochs": 100,
      "train_loss_per_epoch": [
        0.5440341762900353,
        0.2861298599513248,
        0.23332090982887893,
        0.2072427285388112,
        0.18024118288815952,
        0.16799198040564078,
        0.1589856862006709,
        0.15248966495983768,
        0.13305114864627832,
        0.13202263533277436,
        0.11983212174172513,
        0.12431564237200655,
        0.10313777836877852,
        0.094877919748571
      ],
      "val_acc_per_epoch": [
        0.8625,
        0.901,
        0.915,
        0.9015,
        0.9345,
        0.919,
        0.914,
        0.9415,
        0.929,
        0.8995,
        0.951,
        0.945,
        0.945,
        0.939
      ],
      "lr_per_epoch": [
        0.00031442800059864495,
        0.00031442800059864495,
        0.00031442800059864495,
        0.00031442800059864495,
        0.00031442800059864495,
        0.00031442800059864495,
        0.00031442800059864495,
        0.00031442800059864495,
        0.00031442800059864495,
        0.00031442800059864495,
        0.00031442800059864495,
        0.00031442800059864495,
        0.00031442800059864495,
        0.00031442800059864495
      ],
      "best_val_acc": 0.951,
      "best_epoch": 11,
      "epochs_completed": 14,
      "early_stopped": true,
      "stopped_epoch": 14,
      "test_acc": 0.95,
      "test_f1": {
        "macro": 0.9499901980788235,
        "micro": 0.95,
        "weighted": 0.9499901980788235,
        "binary_malware": 0.949290060851927,
        "binary_benign": 0.9506903353057199,
        "per_class": {
          "benign": 0.9506903353057199,
          "malware": 0.949290060851927
        }
      },
      "test_macro_f1": 0.9499901980788235,
      "classification_report": "              precision    recall  f1-score   support\n\n      benign     0.9377    0.9640    0.9507      1000\n     malware     0.9630    0.9360    0.9493      1000\n\n    accuracy                         0.9500      2000\n   macro avg     0.9504    0.9500    0.9500      2000\nweighted avg     0.9504    0.9500    0.9500      2000\n",
      "confusion_matrix": [
        [
          964,
          36
        ],
        [
          64,
          936
        ]
      ],
      "class_to_idx": {
        "benign": 0,
        "malware": 1
      },
      "label_order": {
        "benign": 0,
        "malware": 1
      }
    }
  ],
  "summary": {
    "test_acc_mean": 0.95,
    "test_acc_std": 0.0,
    "macro_f1_mean": 0.9499901980788235,
    "macro_f1_std": 0.0,
    "micro_f1_mean": 0.95,
    "micro_f1_std": 0.0,
    "weighted_f1_mean": 0.9499901980788235,
    "weighted_f1_std": 0.0,
    "binary_malware_f1_mean": 0.949290060851927,
    "binary_malware_f1_std": 0.0,
    "binary_benign_f1_mean": 0.9506903353057199,
    "binary_benign_f1_std": 0.0,
    "per_class_f1_mean": [
      0.9506903353057199,
      0.949290060851927
    ],
    "per_class_f1_std": [
      0.0,
      0.0
    ],
    "per_class_f1_order": [
      "benign",
      "malware"
    ]
  }
}