{
  "timestamp": "20260411-093457",
  "args": {
    "data_root": "/mnt/nas/RB2023/image_rgb_vi",
    "model": "resnet101",
    "epochs": 15,
    "batch": 32,
    "workers": 4,
    "in_ch": 1,
    "resize": "256,256",
    "seed": 3407,
    "runs": 5,
    "log_dir": "../new_result/image_rgb_vi"
  },
  "device": "cuda",
  "runs": [
    {
      "run": 1,
      "seed": 3407,
      "epochs": 15,
      "train_loss_per_epoch": [
        0.3786040849387646,
        0.2295067181736231,
        0.15411499202251433,
        0.11090994637459517,
        0.06751641008630395,
        0.04325530574005097,
        0.04535687903454527,
        0.03278404794842936,
        0.02259205080149695,
        0.028086611097038257,
        0.024445526905270527,
        0.01592775275197346,
        0.022087763159623137,
        0.01339700946112862,
        0.014566133477172116
      ],
      "val_acc_per_epoch": [
        0.8785,
        0.8535,
        0.908,
        0.9135,
        0.8935,
        0.902,
        0.927,
        0.904,
        0.929,
        0.902,
        0.9315,
        0.929,
        0.9235,
        0.934,
        0.922
      ],
      "lr_per_epoch": [
        0.0001,
        0.0001,
        0.0001,
        0.0001,
        0.0001,
        0.0001,
        0.0001,
        0.0001,
        0.0001,
        0.0001,
        0.0001,
        0.0001,
        0.0001,
        0.0001,
        0.0001
      ],
      "best_val_acc": 0.934,
      "test_acc": 0.9355,
      "test_f1": {
        "macro": 0.9354399430069822,
        "micro": 0.9355,
        "weighted": 0.9354399430069823,
        "binary_malware": 0.9374090247452693,
        "binary_benign": 0.9334708612686952,
        "per_class": {
          "benign": 0.9334708612686952,
          "malware": 0.9374090247452693
        }
      },
      "test_macro_f1": 0.9354399430069822,
      "classification_report": "              precision    recall  f1-score   support\n\n      benign     0.9638    0.9050    0.9335      1000\n     malware     0.9105    0.9660    0.9374      1000\n\n    accuracy                         0.9355      2000\n   macro avg     0.9371    0.9355    0.9354      2000\nweighted avg     0.9371    0.9355    0.9354      2000\n",
      "confusion_matrix": [
        [
          905,
          95
        ],
        [
          34,
          966
        ]
      ],
      "class_to_idx": {
        "benign": 0,
        "malware": 1
      },
      "label_order": {
        "benign": 0,
        "malware": 1
      }
    },
    {
      "run": 2,
      "seed": 3408,
      "epochs": 15,
      "train_loss_per_epoch": [
        0.3704021842777729,
        0.2155808743238449,
        0.14260848764330147,
        0.09996353728696704,
        0.06664896858995781,
        0.03849700926733203,
        0.05526385576743632,
        0.03957207024947274,
        0.01635306596593,
        0.015003428721014643,
        0.02909368195582647,
        0.013832506180668133,
        0.015308926458266797,
        0.013945131636966835,
        0.014441295721233474
      ],
      "val_acc_per_epoch": [
        0.899,
        0.8595,
        0.933,
        0.918,
        0.925,
        0.8875,
        0.9295,
        0.934,
        0.9425,
        0.939,
        0.9405,
        0.944,
        0.949,
        0.94,
        0.936
      ],
      "lr_per_epoch": [
        0.0001,
        0.0001,
        0.0001,
        0.0001,
        0.0001,
        0.0001,
        0.0001,
        0.0001,
        0.0001,
        0.0001,
        0.0001,
        0.0001,
        0.0001,
        0.0001,
        0.0001
      ],
      "best_val_acc": 0.949,
      "test_acc": 0.9305,
      "test_f1": {
        "macro": 0.9304707803454402,
        "micro": 0.9305,
        "weighted": 0.9304707803454402,
        "binary_malware": 0.9318961293483586,
        "binary_benign": 0.9290454313425217,
        "per_class": {
          "benign": 0.9290454313425217,
          "malware": 0.9318961293483586
        }
      },
      "test_macro_f1": 0.9304707803454402,
      "classification_report": "              precision    recall  f1-score   support\n\n      benign     0.9489    0.9100    0.9290      1000\n     malware     0.9135    0.9510    0.9319      1000\n\n    accuracy                         0.9305      2000\n   macro avg     0.9312    0.9305    0.9305      2000\nweighted avg     0.9312    0.9305    0.9305      2000\n",
      "confusion_matrix": [
        [
          910,
          90
        ],
        [
          49,
          951
        ]
      ],
      "class_to_idx": {
        "benign": 0,
        "malware": 1
      },
      "label_order": {
        "benign": 0,
        "malware": 1
      }
    },
    {
      "run": 3,
      "seed": 3409,
      "epochs": 15,
      "train_loss_per_epoch": [
        0.3599298128783703,
        0.21661633971333505,
        0.1406282371878624,
        0.09330022268369793,
        0.06462111714016647,
        0.048144290348049255,
        0.02960898133739829,
        0.023152061814325862,
        0.027348758997308324,
        0.019132558409764897,
        0.022311876906984253,
        0.016540208721940872,
        0.018430955331976293,
        0.01740545193926664,
        0.010261068205945776
      ],
      "val_acc_per_epoch": [
        0.869,
        0.9185,
        0.91,
        0.922,
        0.923,
        0.933,
        0.9255,
        0.9315,
        0.9305,
        0.931,
        0.938,
        0.9395,
        0.9325,
        0.939,
        0.932
      ],
      "lr_per_epoch": [
        0.0001,
        0.0001,
        0.0001,
        0.0001,
        0.0001,
        0.0001,
        0.0001,
        0.0001,
        0.0001,
        0.0001,
        0.0001,
        0.0001,
        0.0001,
        0.0001,
        0.0001
      ],
      "best_val_acc": 0.9395,
      "test_acc": 0.9345,
      "test_f1": {
        "macro": 0.9344219457208942,
        "micro": 0.9345,
        "weighted": 0.9344219457208942,
        "binary_malware": 0.9366843885935234,
        "binary_benign": 0.9321595028482651,
        "per_class": {
          "benign": 0.9321595028482651,
          "malware": 0.9366843885935234
        }
      },
      "test_macro_f1": 0.9344219457208942,
      "classification_report": "              precision    recall  f1-score   support\n\n      benign     0.9667    0.9000    0.9322      1000\n     malware     0.9065    0.9690    0.9367      1000\n\n    accuracy                         0.9345      2000\n   macro avg     0.9366    0.9345    0.9344      2000\nweighted avg     0.9366    0.9345    0.9344      2000\n",
      "confusion_matrix": [
        [
          900,
          100
        ],
        [
          31,
          969
        ]
      ],
      "class_to_idx": {
        "benign": 0,
        "malware": 1
      },
      "label_order": {
        "benign": 0,
        "malware": 1
      }
    },
    {
      "run": 4,
      "seed": 3410,
      "epochs": 15,
      "train_loss_per_epoch": [
        0.3742833243608475,
        0.23010286885499953,
        0.15977856189757586,
        0.10131812764331699,
        0.06825402818620205,
        0.05077638244652189,
        0.04462731454148888,
        0.02891685835260432,
        0.022629501562914812,
        0.01850464174587978,
        0.02325583955622278,
        0.02255321792484028,
        0.015185753703073715,
        0.013109811912610894,
        0.010561026993149427
      ],
      "val_acc_per_epoch": [
        0.8945,
        0.8805,
        0.9095,
        0.9075,
        0.8705,
        0.936,
        0.9235,
        0.8855,
        0.921,
        0.937,
        0.941,
        0.9135,
        0.9295,
        0.932,
        0.9385
      ],
      "lr_per_epoch": [
        0.0001,
        0.0001,
        0.0001,
        0.0001,
        0.0001,
        0.0001,
        0.0001,
        0.0001,
        0.0001,
        0.0001,
        0.0001,
        0.0001,
        0.0001,
        0.0001,
        0.0001
      ],
      "best_val_acc": 0.941,
      "test_acc": 0.943,