{
  "timestamp": "20260413-114307",
  "args": {
    "data_root": "/mnt/nas/RB2023/image_rgb_hi",
    "model": "efficientnet_b0",
    "epochs": 15,
    "batch": 32,
    "workers": 4,
    "in_ch": 1,
    "resize": "256,256",
    "seed": 3407,
    "runs": 5,
    "log_dir": "../new_result/image_rgb_hi"
  },
  "device": "cuda",
  "runs": [
    {
      "run": 1,
      "seed": 3407,
      "epochs": 15,
      "train_loss_per_epoch": [
        0.34829110619425774,
        0.19574914257228374,
        0.14759384378790855,
        0.11408352672308683,
        0.09040179789625108,
        0.06911670961789787,
        0.057576103871688246,
        0.04952376280212775,
        0.035106790422461925,
        0.03339165617688559,
        0.02667877635441255,
        0.024576053492724896,
        0.02109152975480538,
        0.022660160938918126,
        0.016828093992342474
      ],
      "val_acc_per_epoch": [
        0.908,
        0.9205,
        0.9255,
        0.9205,
        0.938,
        0.937,
        0.945,
        0.933,
        0.9425,
        0.938,
        0.939,
        0.942,
        0.948,
        0.9425,
        0.9415
      ],
      "lr_per_epoch": [
        0.0001,
        0.0001,
        0.0001,
        0.0001,
        0.0001,
        0.0001,
        0.0001,
        0.0001,
        0.0001,
        0.0001,
        0.0001,
        0.0001,
        0.0001,
        0.0001,
        0.0001
      ],
      "best_val_acc": 0.948,
      "test_acc": 0.951,
      "test_f1": {
        "macro": 0.95095875631406,
        "micro": 0.951,
        "weighted": 0.9509587563140601,
        "binary_malware": 0.9495365602471678,
        "binary_benign": 0.9523809523809523,
        "per_class": {
          "benign": 0.9523809523809523,
          "malware": 0.9495365602471678
        }
      },
      "test_macro_f1": 0.95095875631406,
      "classification_report": "              precision    recall  f1-score   support\n\n      benign     0.9263    0.9800    0.9524      1000\n     malware     0.9788    0.9220    0.9495      1000\n\n    accuracy                         0.9510      2000\n   macro avg     0.9525    0.9510    0.9510      2000\nweighted avg     0.9525    0.9510    0.9510      2000\n",
      "confusion_matrix": [
        [
          980,
          20
        ],
        [
          78,
          922
        ]
      ],
      "class_to_idx": {
        "benign": 0,
        "malware": 1
      },
      "label_order": {
        "benign": 0,
        "malware": 1
      }
    },
    {
      "run": 2,
      "seed": 3408,
      "epochs": 15,
      "train_loss_per_epoch": [
        0.354762777864933,
        0.20521084426343442,
        0.15895008508861064,
        0.12218431359529495,
        0.09868268825486302,
        0.07411904338374734,
        0.06298630003165454,
        0.05216823324840516,
        0.03366578346118331,
        0.03826775565673597,
        0.028437282827217133,
        0.028025870500016026,
        0.021479238396394068,
        0.025664184767287223,
        0.017263566577079472
      ],
      "val_acc_per_epoch": [
        0.921,
        0.895,
        0.9485,
        0.9495,
        0.9515,
        0.953,
        0.951,
        0.955,
        0.9535,
        0.957,
        0.9545,
        0.9545,
        0.9605,
        0.941,
        0.96
      ],
      "lr_per_epoch": [
        0.0001,
        0.0001,
        0.0001,
        0.0001,
        0.0001,
        0.0001,
        0.0001,
        0.0001,
        0.0001,
        0.0001,
        0.0001,
        0.0001,
        0.0001,
        0.0001,
        0.0001
      ],
      "best_val_acc": 0.9605,
      "test_acc": 0.9565,
      "test_f1": {
        "macro": 0.9564932020628223,
        "micro": 0.9565,
        "weighted": 0.9564932020628223,
        "binary_malware": 0.9559493670886076,
        "binary_benign": 0.957037037037037,
        "per_class": {
          "benign": 0.957037037037037,
          "malware": 0.9559493670886076
        }
      },
      "test_macro_f1": 0.9564932020628223,
      "classification_report": "              precision    recall  f1-score   support\n\n      benign     0.9454    0.9690    0.9570      1000\n     malware     0.9682    0.9440    0.9559      1000\n\n    accuracy                         0.9565      2000\n   macro avg     0.9568    0.9565    0.9565      2000\nweighted avg     0.9568    0.9565    0.9565      2000\n",
      "confusion_matrix": [
        [
          969,
          31
        ],
        [
          56,
          944
        ]
      ],
      "class_to_idx": {
        "benign": 0,
        "malware": 1
      },
      "label_order": {
        "benign": 0,
        "malware": 1
      }
    },
    {
      "run": 3,
      "seed": 3409,
      "epochs": 15,
      "train_loss_per_epoch": [
        0.34859977808594705,
        0.20543186211585998,
        0.1465077998712659,
        0.11553247735276818,
        0.08084056955203414,
        0.06701022222824395,
        0.04914885440841317,
        0.040132135705556723,
        0.03678088100103196,
        0.030966843966802115,
        0.026203558659763076,
        0.028160723886452615,
        0.02215170001878869,
        0.02237251414358616,
        0.015764282795193138
      ],
      "val_acc_per_epoch": [
        0.9005,
        0.9355,
        0.9345,
        0.941,
        0.9435,
        0.9435,
        0.947,
        0.94,
        0.929,
        0.9485,
        0.9375,
        0.948,
        0.9435,
        0.9445,
        0.9535
      ],
      "lr_per_epoch": [
        0.0001,
        0.0001,
        0.0001,
        0.0001,
        0.0001,
        0.0001,
        0.0001,
        0.0001,
        0.0001,
        0.0001,
        0.0001,
        0.0001,
        0.0001,
        0.0001,
        0.0001
      ],
      "best_val_acc": 0.9535,
      "test_acc": 0.9625,
      "test_f1": {
        "macro": 0.9624999156248102,
        "micro": 0.9625,
        "weighted": 0.9624999156248101,
        "binary_malware": 0.9624436654982473,
        "binary_benign": 0.9625561657513729,
        "per_class": {
          "benign": 0.9625561657513729,
          "malware": 0.9624436654982473
        }
      },
      "test_macro_f1": 0.9624999156248102,
      "classification_report": "              precision    recall  f1-score   support\n\n      benign     0.9611    0.9640    0.9626      1000\n     malware     0.9639    0.9610    0.9624      1000\n\n    accuracy                         0.9625      2000\n   macro avg     0.9625    0.9625    0.9625      2000\nweighted avg     0.9625    0.9625    0.9625      2000\n",
      "confusion_matrix": [
        [
          964,
          36
        ],
        [
          39,
          961
        ]
      ],
      "class_to_idx": {
        "benign": 0,
        "malware": 1
      },
      "label_order": {
        "benign": 0,
        "malware": 1
      }
    },
    {
      "run": 4,
      "seed": 3410,
      "epochs": 15,
      "train_loss_per_epoch": [
        0.3457018616199493,
        0.20397915652394294,
        0.1537358697503805,
        0.11233232009410858,
        0.08400603464618325,
        0.07167774472851306,
        0.053899838611017915,
        0.03977087932825089,
        0.03593941928981803,
        0.03009782745176926,
        0.02613689637114294,
        0.02776304519874975,
        0.02739404992084019,
        0.019966990118497053,
        0.024043344459321814
      ],
      "val_acc_per_epoch": [
        0.9065,
        0.9285,
        0.933,
        0.942,
        0.936,
        0.9405,
        0.946,
        0.9355,
        0.943,
        0.948,
        0.945,
        0.942,
        0.944,
        0.939,
        0.941
      ],
      "lr_per_epoch": [
        0.0001,
        0.0001,
        0.0001,
        0.0001,
        0.0001,
        0.0001,
        0.0001,
        0.0001,
        0.0001,
        0.0001,
        0.0001,
        0.0001,
        0.0001,
        0.0001,
        0.0001
      ],
      "best_val_acc": 0.948,
      "test_acc": 0.957,