{
  "timestamp": "20260510-224721",
  "args": {
    "data_root": "apk2img-ml-datasets/data/sdhash/image_rgb_vb",
    "model": "resnet18",
    "pretrained": false,
    "epochs": 100,
    "batch": 8,
    "lr": 0.0002462084374714394,
    "optimizer": "adam",
    "weight_decay": 0.0,
    "lr_scheduler": "none",
    "scheduler_step_size": 5,
    "scheduler_milestones": [
      10,
      20
    ],
    "scheduler_gamma": 0.1,
    "scheduler_exp_gamma": 0.95,
    "scheduler_patience": 2,
    "scheduler_t_max": null,
    "scheduler_eta_min": 0.0,
    "scheduler_t_0": null,
    "scheduler_t_mult": 1,
    "scheduler_pct_start": 0.3,
    "scheduler_div_factor": 25.0,
    "scheduler_final_div_factor": 10000.0,
    "workers": 4,
    "in_ch": 1,
    "resize": "256,256",
    "seed": 3407,
    "runs": 1,
    "log_dir": "/home/IM25D009/git_workspace/results/rgb_vb/cnn_optuna_no/20260510-202814/best_eval",
    "early_stopping_patience": 3,
    "early_stopping_min_delta": 0.0,
    "restore_best": true
  },
  "device": "cuda",
  "runs": [
    {
      "run": 1,
      "seed": 3407,
      "epochs": 100,
      "train_loss_per_epoch": [
        0.33844064582698047,
        0.16817291209753601,
        0.12830352431884967,
        0.11099790796288289,
        0.10267428586111055,
        0.08639084695611382,
        0.07343565468350426,
        0.07271393703270587,
        0.05074925845036341,
        0.047567034335013886,
        0.04187005675616092,
        0.0351439715817105
      ],
      "val_acc_per_epoch": [
        0.883,
        0.89,
        0.9325,
        0.917,
        0.939,
        0.946,
        0.9485,
        0.951,
        0.9575,
        0.9455,
        0.947,
        0.944
      ],
      "lr_per_epoch": [
        0.0002462084374714394,
        0.0002462084374714394,
        0.0002462084374714394,
        0.0002462084374714394,
        0.0002462084374714394,
        0.0002462084374714394,
        0.0002462084374714394,
        0.0002462084374714394,
        0.0002462084374714394,
        0.0002462084374714394,
        0.0002462084374714394,
        0.0002462084374714394
      ],
      "best_val_acc": 0.9575,
      "best_epoch": 9,
      "epochs_completed": 12,
      "early_stopped": true,
      "stopped_epoch": 12,
      "test_acc": 0.9585,
      "test_f1": {
        "macro": 0.9584994916187723,
        "micro": 0.9585,
        "weighted": 0.9584994916187723,
        "binary_malware": 0.958354239839438,
        "binary_benign": 0.9586447433981067,
        "per_class": {
          "benign": 0.9586447433981067,
          "malware": 0.958354239839438
        }
      },
      "test_macro_f1": 0.9584994916187723,
      "classification_report": "              precision    recall  f1-score   support\n\n      benign     0.9553    0.9620    0.9586      1000\n     malware     0.9617    0.9550    0.9584      1000\n\n    accuracy                         0.9585      2000\n   macro avg     0.9585    0.9585    0.9585      2000\nweighted avg     0.9585    0.9585    0.9585      2000\n",
      "confusion_matrix": [
        [
          962,
          38
        ],
        [
          45,
          955
        ]
      ],
      "class_to_idx": {
        "benign": 0,
        "malware": 1
      },
      "label_order": {
        "benign": 0,
        "malware": 1
      }
    }
  ],
  "summary": {
    "test_acc_mean": 0.9585,
    "test_acc_std": 0.0,
    "macro_f1_mean": 0.9584994916187723,
    "macro_f1_std": 0.0,
    "micro_f1_mean": 0.9585,
    "micro_f1_std": 0.0,
    "weighted_f1_mean": 0.9584994916187723,
    "weighted_f1_std": 0.0,
    "binary_malware_f1_mean": 0.958354239839438,
    "binary_malware_f1_std": 0.0,
    "binary_benign_f1_mean": 0.9586447433981067,
    "binary_benign_f1_std": 0.0,
    "per_class_f1_mean": [
      0.9586447433981067,
      0.958354239839438
    ],
    "per_class_f1_std": [
      0.0,
      0.0
    ],
    "per_class_f1_order": [
      "benign",
      "malware"
    ]
  }
}