{
  "phase": "completed",
  "mode": "tune_cnn",
  "completed_at": "2026-05-18T08:18:16",
  "total_wall_seconds": 17723.24754839018,
  "completed": 22,
  "pruned": 78,
  "failed": 0,
  "best_trial": 1,
  "best_value": 0.9634817408704353
}