{
  "timestamp": "20260409-175548",
  "args": {
    "data_root": "/mnt/nas/RB2023/image_rgb_vb",
    "model": "resnet18",
    "epochs": 15,
    "batch": 32,
    "workers": 4,
    "in_ch": 1,
    "resize": "256,256",
    "seed": 3407,
    "runs": 5,
    "log_dir": "../new_result/image_rgb_vb"
  },
  "device": "cuda",
  "runs": [
    {
      "run": 1,
      "seed": 3407,
      "epochs": 15,
      "train_loss_per_epoch": [
        0.3323618786036968,
        0.1961810317337513,
        0.14201076248288155,
        0.11289576917141676,
        0.06781619653664529,
        0.04408294834103435,
        0.039099515822250394,
        0.02384839906077832,
        0.020677778354322073,
        0.027893298047129065,
        0.020959908011311198,
        0.016743631185323467,
        0.018008181640907422,
        0.00969571751388139,
        0.015193171782506397
      ],
      "val_acc_per_epoch": [
        0.8955,
        0.9135,
        0.9195,
        0.922,
        0.9065,
        0.9275,
        0.9345,
        0.92,
        0.9355,
        0.9315,
        0.9355,
        0.9385,
        0.94,
        0.91,
        0.9325
      ],
      "lr_per_epoch": [
        0.0001,
        0.0001,
        0.0001,
        0.0001,
        0.0001,
        0.0001,
        0.0001,
        0.0001,
        0.0001,
        0.0001,
        0.0001,
        0.0001,
        0.0001,
        0.0001,
        0.0001
      ],
      "best_val_acc": 0.94,
      "test_acc": 0.931,
      "test_f1": {
        "macro": 0.9309002199175609,
        "micro": 0.931,
        "weighted": 0.9309002199175609,
        "binary_malware": 0.9282744282744283,
        "binary_benign": 0.9335260115606936,
        "per_class": {
          "benign": 0.9335260115606936,
          "malware": 0.9282744282744283
        }
      },
      "test_macro_f1": 0.9309002199175609,
      "classification_report": "              precision    recall  f1-score   support\n\n      benign     0.9006    0.9690    0.9335      1000\n     malware     0.9665    0.8930    0.9283      1000\n\n    accuracy                         0.9310      2000\n   macro avg     0.9335    0.9310    0.9309      2000\nweighted avg     0.9335    0.9310    0.9309      2000\n",
      "confusion_matrix": [
        [
          969,
          31
        ],
        [
          107,
          893
        ]
      ],
      "class_to_idx": {
        "benign": 0,
        "malware": 1
      },
      "label_order": {
        "benign": 0,
        "malware": 1
      }
    },
    {
      "run": 2,
      "seed": 3408,
      "epochs": 15,
      "train_loss_per_epoch": [
        0.34748867070674894,
        0.20479756993055342,
        0.14286060601472855,
        0.11239078280702233,
        0.07595949332788586,
        0.044611038504634055,
        0.04431637515267357,
        0.028107736067613586,
        0.032221484345383945,
        0.029617133659659886,
        0.012249996384198311,
        0.012355815746181179,
        0.01792512312688632,
        0.02118553447345039,
        0.011224900054890895
      ],
      "val_acc_per_epoch": [
        0.9145,
        0.9025,
        0.9295,
        0.9195,
        0.9405,
        0.861,
        0.9355,
        0.9345,
        0.9375,
        0.9315,
        0.949,
        0.9385,
        0.9485,
        0.938,
        0.9485
      ],
      "lr_per_epoch": [
        0.0001,
        0.0001,
        0.0001,
        0.0001,
        0.0001,
        0.0001,
        0.0001,
        0.0001,
        0.0001,
        0.0001,
        0.0001,
        0.0001,
        0.0001,
        0.0001,
        0.0001
      ],
      "best_val_acc": 0.949,
      "test_acc": 0.958,
      "test_f1": {
        "macro": 0.9579998319993279,
        "micro": 0.958,
        "weighted": 0.9579998319993279,
        "binary_malware": 0.9580838323353293,
        "binary_benign": 0.9579158316633266,
        "per_class": {
          "benign": 0.9579158316633266,
          "malware": 0.9580838323353293
        }
      },
      "test_macro_f1": 0.9579998319993279,
      "classification_report": "              precision    recall  f1-score   support\n\n      benign     0.9598    0.9560    0.9579      1000\n     malware     0.9562    0.9600    0.9581      1000\n\n    accuracy                         0.9580      2000\n   macro avg     0.9580    0.9580    0.9580      2000\nweighted avg     0.9580    0.9580    0.9580      2000\n",
      "confusion_matrix": [
        [
          956,
          44
        ],
        [
          40,
          960
        ]
      ],
      "class_to_idx": {
        "benign": 0,
        "malware": 1
      },
      "label_order": {
        "benign": 0,
        "malware": 1
      }
    },
    {
      "run": 3,
      "seed": 3409,
      "epochs": 15,
      "train_loss_per_epoch": [
        0.34769813683629036,
        0.21017931087315084,
        0.14485306426882744,
        0.10755139386840165,
        0.06907636626344174,
        0.049924502608831973,
        0.042097991888411346,
        0.027501143316738308,
        0.02199517153418856,
        0.022119490049837622,
        0.02594655176193919,
        0.01453259446407901,
        0.022871030489215627,
        0.011696390658529707,
        0.019337192475657503
      ],
      "val_acc_per_epoch": [
        0.879,
        0.9205,
        0.9275,
        0.9215,
        0.9275,
        0.912,
        0.925,
        0.9325,
        0.93,
        0.939,
        0.903,
        0.9435,
        0.929,
        0.9425,
        0.945
      ],
      "lr_per_epoch": [
        0.0001,
        0.0001,
        0.0001,
        0.0001,
        0.0001,
        0.0001,
        0.0001,
        0.0001,
        0.0001,
        0.0001,
        0.0001,
        0.0001,
        0.0001,
        0.0001,
        0.0001
      ],
      "best_val_acc": 0.945,
      "test_acc": 0.942,
      "test_f1": {
        "macro": 0.9419665727459017,
        "micro": 0.942,
        "weighted": 0.9419665727459017,
        "binary_malware": 0.9405737704918032,
        "binary_benign": 0.943359375,
        "per_class": {
          "benign": 0.943359375,
          "malware": 0.9405737704918032
        }
      },
      "test_macro_f1": 0.9419665727459017,
      "classification_report": "              precision    recall  f1-score   support\n\n      benign     0.9218    0.9660    0.9434      1000\n     malware     0.9643    0.9180    0.9406      1000\n\n    accuracy                         0.9420      2000\n   macro avg     0.9430    0.9420    0.9420      2000\nweighted avg     0.9430    0.9420    0.9420      2000\n",
      "confusion_matrix": [
        [
          966,
          34
        ],
        [
          82,
          918
        ]
      ],
      "class_to_idx": {
        "benign": 0,
        "malware": 1
      },
      "label_order": {
        "benign": 0,
        "malware": 1
      }
    },
    {
      "run": 4,
      "seed": 3410,
      "epochs": 15,
      "train_loss_per_epoch": [
        0.3423721986711025,
        0.2032316931337118,
        0.14109826137870551,
        0.09160271290875971,
        0.05738935651350766,
        0.0548406566712074,
        0.03828522913716734,
        0.028688886135118084,
        0.024107678099884653,
        0.0250859315067064,
        0.019819883935968393,
        0.020002417200885247,
        0.01684999660938047,
        0.019915174836496588,
        0.029713916162319946
      ],
      "val_acc_per_epoch": [
        0.8885,
        0.838,
        0.9195,
        0.918,
        0.914,
        0.935,
        0.934,
        0.8965,
        0.937,
        0.938,
        0.937,
        0.94,
        0.944,
        0.947,
        0.9405
      ],
      "lr_per_epoch": [
        0.0001,
        0.0001,
        0.0001,
        0.0001,
        0.0001,
        0.0001,
        0.0001,
        0.0001,
        0.0001,
        0.0001,
        0.0001,
        0.0001,
        0.0001,
        0.0001,
        0.0001
      ],
      "best_val_acc": 0.947,
      "test_acc": 0.95,