{
  "timestamp": "20260509-220936",
  "args": {
    "data_root": "apk2img-ml-datasets/data/sdhash/image_rgb_hb",
    "model": "resnet101",
    "pretrained": true,
    "epochs": 100,
    "batch": 8,
    "lr": 0.00030007040676570477,
    "optimizer": "adam",
    "weight_decay": 0.0001,
    "lr_scheduler": "none",
    "scheduler_step_size": 5,
    "scheduler_milestones": [
      10,
      20
    ],
    "scheduler_gamma": 0.1,
    "scheduler_exp_gamma": 0.95,
    "scheduler_patience": 2,
    "scheduler_t_max": null,
    "scheduler_eta_min": 0.0,
    "scheduler_t_0": null,
    "scheduler_t_mult": 1,
    "scheduler_pct_start": 0.3,
    "scheduler_div_factor": 25.0,
    "scheduler_final_div_factor": 10000.0,
    "workers": 4,
    "in_ch": 1,
    "resize": "256,256",
    "seed": 3407,
    "runs": 1,
    "log_dir": "/home/IM25D009/git_workspace/results/rgb_hb/cnn_optuna_pre/20260509-133133/best_eval",
    "early_stopping_patience": 3,
    "early_stopping_min_delta": 0.0,
    "restore_best": true
  },
  "device": "cuda",
  "runs": [
    {
      "run": 1,
      "seed": 3407,
      "epochs": 100,
      "train_loss_per_epoch": [
        0.4150671315938234,
        0.23274760000919922,
        0.1700551140331663,
        0.13390938655415086,
        0.1265076054505771,
        0.10194512007475715,
        0.09043925857786962,
        0.08276845857978332
      ],
      "val_acc_per_epoch": [
        0.8475,
        0.9335,
        0.9265,
        0.9315,
        0.964,
        0.939,
        0.94,
        0.927
      ],
      "lr_per_epoch": [
        0.00030007040676570477,
        0.00030007040676570477,
        0.00030007040676570477,
        0.00030007040676570477,
        0.00030007040676570477,
        0.00030007040676570477,
        0.00030007040676570477,
        0.00030007040676570477
      ],
      "best_val_acc": 0.964,
      "best_epoch": 5,
      "epochs_completed": 8,
      "early_stopped": true,
      "stopped_epoch": 8,
      "test_acc": 0.9575,
      "test_f1": {
        "macro": 0.9574982042991316,
        "micro": 0.9575,
        "weighted": 0.9574982042991317,
        "binary_malware": 0.9572219426270759,
        "binary_benign": 0.9577744659711873,
        "per_class": {
          "benign": 0.9577744659711873,
          "malware": 0.9572219426270759
        }
      },
      "test_macro_f1": 0.9574982042991316,
      "classification_report": "              precision    recall  f1-score   support\n\n      benign     0.9516    0.9640    0.9578      1000\n     malware     0.9635    0.9510    0.9572      1000\n\n    accuracy                         0.9575      2000\n   macro avg     0.9576    0.9575    0.9575      2000\nweighted avg     0.9576    0.9575    0.9575      2000\n",
      "confusion_matrix": [
        [
          964,
          36
        ],
        [
          49,
          951
        ]
      ],
      "class_to_idx": {
        "benign": 0,
        "malware": 1
      },
      "label_order": {
        "benign": 0,
        "malware": 1
      }
    }
  ],
  "summary": {
    "test_acc_mean": 0.9575,
    "test_acc_std": 0.0,
    "macro_f1_mean": 0.9574982042991316,
    "macro_f1_std": 0.0,
    "micro_f1_mean": 0.9575,
    "micro_f1_std": 0.0,
    "weighted_f1_mean": 0.9574982042991317,
    "weighted_f1_std": 0.0,
    "binary_malware_f1_mean": 0.9572219426270759,
    "binary_malware_f1_std": 0.0,
    "binary_benign_f1_mean": 0.9577744659711873,
    "binary_benign_f1_std": 0.0,
    "per_class_f1_mean": [
      0.9577744659711873,
      0.9572219426270759
    ],
    "per_class_f1_std": [
      0.0,
      0.0
    ],
    "per_class_f1_order": [
      "benign",
      "malware"
    ]
  }
}