{
  "timestamp": "20260508-010541",
  "args": {
    "data_root": "apk2img-ml-datasets/data/sdhash/image_gray",
    "model": "resnet50",
    "pretrained": true,
    "epochs": 100,
    "batch": 16,
    "lr": 0.00043199293255750774,
    "optimizer": "adamw",
    "weight_decay": 1e-06,
    "lr_scheduler": "none",
    "scheduler_step_size": 5,
    "scheduler_milestones": [
      10,
      20
    ],
    "scheduler_gamma": 0.1,
    "scheduler_exp_gamma": 0.95,
    "scheduler_patience": 2,
    "scheduler_t_max": null,
    "scheduler_eta_min": 0.0,
    "scheduler_t_0": null,
    "scheduler_t_mult": 1,
    "scheduler_pct_start": 0.3,
    "scheduler_div_factor": 25.0,
    "scheduler_final_div_factor": 10000.0,
    "workers": 4,
    "in_ch": 1,
    "resize": "256,256",
    "seed": 3407,
    "runs": 1,
    "log_dir": "results/gray/optuna_cnn_resnet50_pre/20260507-184118/best_eval",
    "early_stopping_patience": 3,
    "early_stopping_min_delta": 0.0,
    "restore_best": true
  },
  "device": "cuda",
  "runs": [
    {
      "run": 1,
      "seed": 3407,
      "epochs": 100,
      "train_loss_per_epoch": [
        0.3504711113348603,
        0.21270161841996013,
        0.14214042909350247,
        0.11002845114422963,
        0.08941949997842312,
        0.08075181559263729,
        0.06540501591870998,
        0.06170699291076744,
        0.03995744897885015
      ],
      "val_acc_per_epoch": [
        0.9135,
        0.939,
        0.948,
        0.9365,
        0.933,
        0.9585,
        0.926,
        0.925,
        0.9475
      ],
      "lr_per_epoch": [
        0.00043199293255750774,
        0.00043199293255750774,
        0.00043199293255750774,
        0.00043199293255750774,
        0.00043199293255750774,
        0.00043199293255750774,
        0.00043199293255750774,
        0.00043199293255750774,
        0.00043199293255750774
      ],
      "best_val_acc": 0.9585,
      "best_epoch": 6,
      "epochs_completed": 9,
      "early_stopped": true,
      "stopped_epoch": 9,
      "test_acc": 0.9555,
      "test_f1": {
        "macro": 0.9554986538342785,
        "micro": 0.9555,
        "weighted": 0.9554986538342785,
        "binary_malware": 0.9552538964303671,
        "binary_benign": 0.95574341123819,
        "per_class": {
          "benign": 0.95574341123819,
          "malware": 0.9552538964303671
        }
      },
      "test_macro_f1": 0.9554986538342785,
      "classification_report": "              precision    recall  f1-score   support\n\n      benign     0.9505    0.9610    0.9557      1000\n     malware     0.9606    0.9500    0.9553      1000\n\n    accuracy                         0.9555      2000\n   macro avg     0.9556    0.9555    0.9555      2000\nweighted avg     0.9556    0.9555    0.9555      2000\n",
      "confusion_matrix": [
        [
          961,
          39
        ],
        [
          50,
          950
        ]
      ],
      "class_to_idx": {
        "benign": 0,
        "malware": 1
      },
      "label_order": {
        "benign": 0,
        "malware": 1
      }
    }
  ],
  "summary": {
    "test_acc_mean": 0.9555,
    "test_acc_std": 0.0,
    "macro_f1_mean": 0.9554986538342785,
    "macro_f1_std": 0.0,
    "micro_f1_mean": 0.9555,
    "micro_f1_std": 0.0,
    "weighted_f1_mean": 0.9554986538342785,
    "weighted_f1_std": 0.0,
    "binary_malware_f1_mean": 0.9552538964303671,
    "binary_malware_f1_std": 0.0,
    "binary_benign_f1_mean": 0.95574341123819,
    "binary_benign_f1_std": 0.0,
    "per_class_f1_mean": [
      0.95574341123819,
      0.9552538964303671
    ],
    "per_class_f1_std": [
      0.0,
      0.0
    ],
    "per_class_f1_order": [
      "benign",
      "malware"
    ]
  }
}