{
  "timestamp": "20260413-104801",
  "args": {
    "data_root": "/mnt/nas/RB2023/image_rgb_hb",
    "model": "efficientnet_b0",
    "epochs": 15,
    "batch": 32,
    "workers": 4,
    "in_ch": 1,
    "resize": "256,256",
    "seed": 3407,
    "runs": 5,
    "log_dir": "../new_result/image_rgb_hb"
  },
  "device": "cuda",
  "runs": [
    {
      "run": 1,
      "seed": 3407,
      "epochs": 15,
      "train_loss_per_epoch": [
        0.3628491030931473,
        0.2205998781621456,
        0.1638717329800129,
        0.13260561855137348,
        0.10459523523040117,
        0.07277610211633145,
        0.062281298650428654,
        0.052434565612114965,
        0.047081802282482384,
        0.03542311633517966,
        0.03152949220128357,
        0.027380258360644803,
        0.024765304831962567,
        0.021068050356989262,
        0.02347735341457883
      ],
      "val_acc_per_epoch": [
        0.9025,
        0.907,
        0.929,
        0.92,
        0.927,
        0.9335,
        0.9335,
        0.9335,
        0.9395,
        0.941,
        0.9435,
        0.938,
        0.9435,
        0.9445,
        0.939
      ],
      "lr_per_epoch": [
        0.0001,
        0.0001,
        0.0001,
        0.0001,
        0.0001,
        0.0001,
        0.0001,
        0.0001,
        0.0001,
        0.0001,
        0.0001,
        0.0001,
        0.0001,
        0.0001,
        0.0001
      ],
      "best_val_acc": 0.9445,
      "test_acc": 0.951,
      "test_f1": {
        "macro": 0.9509762725158977,
        "micro": 0.951,
        "weighted": 0.9509762725158978,
        "binary_malware": 0.9498977505112475,
        "binary_benign": 0.952054794520548,
        "per_class": {
          "benign": 0.952054794520548,
          "malware": 0.9498977505112475
        }
      },
      "test_macro_f1": 0.9509762725158977,
      "classification_report": "              precision    recall  f1-score   support\n\n      benign     0.9320    0.9730    0.9521      1000\n     malware     0.9718    0.9290    0.9499      1000\n\n    accuracy                         0.9510      2000\n   macro avg     0.9519    0.9510    0.9510      2000\nweighted avg     0.9519    0.9510    0.9510      2000\n",
      "confusion_matrix": [
        [
          973,
          27
        ],
        [
          71,
          929
        ]
      ],
      "class_to_idx": {
        "benign": 0,
        "malware": 1
      },
      "label_order": {
        "benign": 0,
        "malware": 1
      }
    },
    {
      "run": 2,
      "seed": 3408,
      "epochs": 15,
      "train_loss_per_epoch": [
        0.3618648524284363,
        0.21924740427732467,
        0.16911408965289593,
        0.13620135855674745,
        0.10578948614746332,
        0.08435738979652524,
        0.06961275218985975,
        0.05198880330659449,
        0.042286128086503595,
        0.038789794553769755,
        0.03141268046293408,
        0.027483833690406755,
        0.02390885253273882,
        0.028851570133585483,
        0.019281338271917775
      ],
      "val_acc_per_epoch": [
        0.912,
        0.927,
        0.925,
        0.9465,
        0.934,
        0.942,
        0.9435,
        0.9485,
        0.9475,
        0.94,
        0.932,
        0.9505,
        0.9475,
        0.935,
        0.944
      ],
      "lr_per_epoch": [
        0.0001,
        0.0001,
        0.0001,
        0.0001,
        0.0001,
        0.0001,
        0.0001,
        0.0001,
        0.0001,
        0.0001,
        0.0001,
        0.0001,
        0.0001,
        0.0001,
        0.0001
      ],
      "best_val_acc": 0.9505,
      "test_acc": 0.9485,
      "test_f1": {
        "macro": 0.9484971029620416,
        "micro": 0.9485,
        "weighted": 0.9484971029620416,
        "binary_malware": 0.9488833746898263,
        "binary_benign": 0.9481108312342569,
        "per_class": {
          "benign": 0.9481108312342569,
          "malware": 0.9488833746898263
        }
      },
      "test_macro_f1": 0.9484971029620416,
      "classification_report": "              precision    recall  f1-score   support\n\n      benign     0.9553    0.9410    0.9481      1000\n     malware     0.9419    0.9560    0.9489      1000\n\n    accuracy                         0.9485      2000\n   macro avg     0.9486    0.9485    0.9485      2000\nweighted avg     0.9486    0.9485    0.9485      2000\n",
      "confusion_matrix": [
        [
          941,
          59
        ],
        [
          44,
          956
        ]
      ],
      "class_to_idx": {
        "benign": 0,
        "malware": 1
      },
      "label_order": {
        "benign": 0,
        "malware": 1
      }
    },
    {
      "run": 3,
      "seed": 3409,
      "epochs": 15,
      "train_loss_per_epoch": [
        0.3589848309755325,
        0.22882803562283516,
        0.16400539895892144,
        0.13507379925251006,
        0.10184867592155933,
        0.08110611307993532,
        0.06528969425708056,
        0.052408649182878436,
        0.045527719558915124,
        0.03711359818547499,
        0.039154400639119555,
        0.028985289682867007,
        0.025518559679272586,
        0.024207550172228365,
        0.02523152436676901
      ],
      "val_acc_per_epoch": [
        0.904,
        0.921,
        0.93,
        0.9315,
        0.921,
        0.942,
        0.932,
        0.9255,
        0.9325,
        0.9305,
        0.9315,
        0.9335,
        0.942,
        0.9395,
        0.942
      ],
      "lr_per_epoch": [
        0.0001,
        0.0001,
        0.0001,
        0.0001,
        0.0001,
        0.0001,
        0.0001,
        0.0001,
        0.0001,
        0.0001,
        0.0001,
        0.0001,
        0.0001,
        0.0001,
        0.0001
      ],
      "best_val_acc": 0.942,
      "test_acc": 0.9515,
      "test_f1": {
        "macro": 0.9514684423546411,
        "micro": 0.9515,
        "weighted": 0.9514684423546412,
        "binary_malware": 0.9502308876346844,
        "binary_benign": 0.9527059970745978,
        "per_class": {
          "benign": 0.9527059970745978,
          "malware": 0.9502308876346844
        }
      },
      "test_macro_f1": 0.9514684423546411,
      "classification_report": "              precision    recall  f1-score   support\n\n      benign     0.9296    0.9770    0.9527      1000\n     malware     0.9758    0.9260    0.9502      1000\n\n    accuracy                         0.9515      2000\n   macro avg     0.9527    0.9515    0.9515      2000\nweighted avg     0.9527    0.9515    0.9515      2000\n",
      "confusion_matrix": [
        [
          977,
          23
        ],
        [
          74,
          926
        ]
      ],
      "class_to_idx": {
        "benign": 0,
        "malware": 1
      },
      "label_order": {
        "benign": 0,
        "malware": 1
      }
    },
    {
      "run": 4,
      "seed": 3410,
      "epochs": 15,
      "train_loss_per_epoch": [
        0.3567773344516754,
        0.2202711862027645,
        0.17430785651504993,
        0.13026623728126288,
        0.10310570428147912,
        0.08184451221302151,
        0.05930090340785682,
        0.05033515649940819,
        0.04172332323063165,
        0.0321759116044268,
        0.03313088249502471,
        0.034587207882315854,
        0.034758561827708034,
        0.02258312450849917,
        0.01648504994722316
      ],
      "val_acc_per_epoch": [
        0.896,
        0.917,
        0.925,
        0.931,
        0.9285,
        0.9285,
        0.9375,
        0.941,
        0.936,
        0.934,
        0.943,
        0.944,
        0.945,
        0.946,
        0.9415
      ],
      "lr_per_epoch": [
        0.0001,
        0.0001,
        0.0001,
        0.0001,
        0.0001,
        0.0001,
        0.0001,
        0.0001,
        0.0001,
        0.0001,
        0.0001,
        0.0001,
        0.0001,
        0.0001,
        0.0001
      ],
      "best_val_acc": 0.946,
      "test_acc": 0.9515,