{
  "phase": "completed",
  "mode": "tune_cnn",
  "completed_at": "2026-05-18T02:37:05",
  "total_wall_seconds": 6633.447386275977,
  "completed": 21,
  "pruned": 79,
  "failed": 0,
  "best_trial": 76,
  "best_value": 0.9404702351175588
}