{
  "timestamp": "20260414-102417",
  "args": {
    "data_root": "/mnt/nas/RB2023/image_gray",
    "model": "efficientnet_b2",
    "epochs": 15,
    "batch": 32,
    "workers": 4,
    "in_ch": 1,
    "resize": "256,256",
    "seed": 3407,
    "runs": 5,
    "log_dir": "../new_result/img_gray"
  },
  "device": "cuda",
  "runs": [
    {
      "run": 1,
      "seed": 3407,
      "epochs": 15,
      "train_loss_per_epoch": [
        0.3535408999919891,
        0.20929897245764734,
        0.14834849713742734,
        0.12121830519661307,
        0.0903793257176876,
        0.06160935326758772,
        0.048130441125947984,
        0.037507205298403276,
        0.036935771679040046,
        0.02726684191962704,
        0.023378954248735682,
        0.028466133553709368,
        0.023570527150295676,
        0.01708173936320236,
        0.01419229110312881
      ],
      "val_acc_per_epoch": [
        0.904,
        0.912,
        0.9265,
        0.925,
        0.9385,
        0.9325,
        0.938,
        0.9425,
        0.9385,
        0.9415,
        0.9445,
        0.9485,
        0.9495,
        0.9475,
        0.943
      ],
      "lr_per_epoch": [
        0.0001,
        0.0001,
        0.0001,
        0.0001,
        0.0001,
        0.0001,
        0.0001,
        0.0001,
        0.0001,
        0.0001,
        0.0001,
        0.0001,
        0.0001,
        0.0001,
        0.0001
      ],
      "best_val_acc": 0.9495,
      "test_acc": 0.9575,
      "test_f1": {
        "macro": 0.9574838332275848,
        "micro": 0.9575,
        "weighted": 0.9574838332275848,
        "binary_malware": 0.9566547679755227,
        "binary_benign": 0.9583128984796468,
        "per_class": {
          "benign": 0.9583128984796468,
          "malware": 0.9566547679755227
        }
      },
      "test_macro_f1": 0.9574838332275848,
      "classification_report": "              precision    recall  f1-score   support\n\n      benign     0.9403    0.9770    0.9583      1000\n     malware     0.9761    0.9380    0.9567      1000\n\n    accuracy                         0.9575      2000\n   macro avg     0.9582    0.9575    0.9575      2000\nweighted avg     0.9582    0.9575    0.9575      2000\n",
      "confusion_matrix": [
        [
          977,
          23
        ],
        [
          62,
          938
        ]
      ],
      "class_to_idx": {
        "benign": 0,
        "malware": 1
      },
      "label_order": {
        "benign": 0,
        "malware": 1
      }
    },
    {
      "run": 2,
      "seed": 3408,
      "epochs": 15,
      "train_loss_per_epoch": [
        0.35729693615436553,
        0.20690855135023595,
        0.158521222949028,
        0.11740044478327036,
        0.09759955626726151,
        0.0682213613456115,
        0.05745972446911037,
        0.0403058643147815,
        0.03527454526629299,
        0.03465040722012054,
        0.021535511273890733,
        0.02361564441100927,
        0.013347610921482556,
        0.019662883425684414,
        0.022732577192946336
      ],
      "val_acc_per_epoch": [
        0.9085,
        0.914,
        0.934,
        0.936,
        0.9445,
        0.9475,
        0.9505,
        0.956,
        0.953,
        0.9565,
        0.942,
        0.9205,
        0.9585,
        0.946,
        0.9625
      ],
      "lr_per_epoch": [
        0.0001,
        0.0001,
        0.0001,
        0.0001,
        0.0001,
        0.0001,
        0.0001,
        0.0001,
        0.0001,
        0.0001,
        0.0001,
        0.0001,
        0.0001,
        0.0001,
        0.0001
      ],
      "best_val_acc": 0.9625,
      "test_acc": 0.959,
      "test_f1": {
        "macro": 0.9589996309966791,
        "micro": 0.959,
        "weighted": 0.958999630996679,
        "binary_malware": 0.958876629889669,
        "binary_benign": 0.959122632103689,
        "per_class": {
          "benign": 0.959122632103689,
          "malware": 0.958876629889669
        }
      },
      "test_macro_f1": 0.9589996309966791,
      "classification_report": "              precision    recall  f1-score   support\n\n      benign     0.9563    0.9620    0.9591      1000\n     malware     0.9618    0.9560    0.9589      1000\n\n    accuracy                         0.9590      2000\n   macro avg     0.9590    0.9590    0.9590      2000\nweighted avg     0.9590    0.9590    0.9590      2000\n",
      "confusion_matrix": [
        [
          962,
          38
        ],
        [
          44,
          956
        ]
      ],
      "class_to_idx": {
        "benign": 0,
        "malware": 1
      },
      "label_order": {
        "benign": 0,
        "malware": 1
      }
    },
    {
      "run": 3,
      "seed": 3409,
      "epochs": 15,
      "train_loss_per_epoch": [
        0.3526644422709942,
        0.21938822700083255,
        0.15119454236328603,
        0.1190807471871376,
        0.08560276475735008,
        0.06096836681943387,
        0.05403317941445857,
        0.03693772537424229,
        0.03963485938310623,
        0.030790706726256757,
        0.023120548446197063,
        0.026598170533892698,
        0.018665938825462945,
        0.01514903804421192,
        0.01904849499624106
      ],
      "val_acc_per_epoch": [
        0.9035,
        0.9265,
        0.923,
        0.931,
        0.945,
        0.9395,
        0.943,
        0.939,
        0.942,
        0.942,
        0.9485,
        0.9465,
        0.9465,
        0.943,
        0.9465
      ],
      "lr_per_epoch": [
        0.0001,
        0.0001,
        0.0001,
        0.0001,
        0.0001,
        0.0001,
        0.0001,
        0.0001,
        0.0001,
        0.0001,
        0.0001,
        0.0001,
        0.0001,
        0.0001,
        0.0001
      ],
      "best_val_acc": 0.9485,
      "test_acc": 0.956,
      "test_f1": {
        "macro": 0.955995599559956,
        "micro": 0.956,
        "weighted": 0.9559955995599559,
        "binary_malware": 0.9555555555555556,
        "binary_benign": 0.9564356435643564,
        "per_class": {
          "benign": 0.9564356435643564,
          "malware": 0.9555555555555556
        }
      },
      "test_macro_f1": 0.955995599559956,
      "classification_report": "              precision    recall  f1-score   support\n\n      benign     0.9471    0.9660    0.9564      1000\n     malware     0.9653    0.9460    0.9556      1000\n\n    accuracy                         0.9560      2000\n   macro avg     0.9562    0.9560    0.9560      2000\nweighted avg     0.9562    0.9560    0.9560      2000\n",
      "confusion_matrix": [
        [
          966,
          34
        ],
        [
          54,
          946
        ]
      ],
      "class_to_idx": {
        "benign": 0,
        "malware": 1
      },
      "label_order": {
        "benign": 0,
        "malware": 1
      }
    },
    {
      "run": 4,
      "seed": 3410,
      "epochs": 15,
      "train_loss_per_epoch": [
        0.3407905692458153,
        0.20343769074976445,
        0.15993371880054474,
        0.11975579292327165,
        0.0903678563348949,
        0.07032017712667585,
        0.04627102367952466,
        0.04752081459248438,
        0.035136201806366445,
        0.027953117359196766,
        0.02660046300012618,
        0.01865989320963854,
        0.01672044186393032,
        0.018751410031196427,
        0.016430606252411963
      ],
      "val_acc_per_epoch": [
        0.893,
        0.928,
        0.9335,
        0.9365,
        0.942,
        0.919,
        0.917,
        0.9455,
        0.9435,
        0.9465,
        0.9365,
        0.924,
        0.954,
        0.9455,
        0.9295
      ],
      "lr_per_epoch": [
        0.0001,
        0.0001,
        0.0001,
        0.0001,
        0.0001,
        0.0001,
        0.0001,
        0.0001,
        0.0001,
        0.0001,
        0.0001,
        0.0001,
        0.0001,
        0.0001,
        0.0001
      ],
      "best_val_acc": 0.954,
      "test_acc": 0.9495,