{
  "timestamp": "20260411-065159",
  "args": {
    "data_root": "/mnt/nas/RB2023/image_rgb_vb",
    "model": "resnet101",
    "epochs": 15,
    "batch": 32,
    "workers": 4,
    "in_ch": 1,
    "resize": "256,256",
    "seed": 3407,
    "runs": 5,
    "log_dir": "../new_result/image_rgb_vb"
  },
  "device": "cuda",
  "runs": [
    {
      "run": 1,
      "seed": 3407,
      "epochs": 15,
      "train_loss_per_epoch": [
        0.3909595836400986,
        0.23140224543213844,
        0.16408431394398212,
        0.1096992452852428,
        0.07074250935204326,
        0.060845731202047316,
        0.027188460140838287,
        0.03486792665498797,
        0.029466484780190514,
        0.02404483955085743,
        0.019303998902381863,
        0.01958263806538889,
        0.02043439601463615,
        0.013833846154884668,
        0.01683101537694165
      ],
      "val_acc_per_epoch": [
        0.8785,
        0.841,
        0.906,
        0.914,
        0.89,
        0.9205,
        0.9205,
        0.8695,
        0.899,
        0.9325,
        0.9045,
        0.929,
        0.9305,
        0.9365,
        0.908
      ],
      "lr_per_epoch": [
        0.0001,
        0.0001,
        0.0001,
        0.0001,
        0.0001,
        0.0001,
        0.0001,
        0.0001,
        0.0001,
        0.0001,
        0.0001,
        0.0001,
        0.0001,
        0.0001,
        0.0001
      ],
      "best_val_acc": 0.9365,
      "test_acc": 0.919,
      "test_f1": {
        "macro": 0.9187718300706685,
        "micro": 0.919,
        "weighted": 0.9187718300706685,
        "binary_malware": 0.914466737064414,
        "binary_benign": 0.9230769230769231,
        "per_class": {
          "benign": 0.9230769230769231,
          "malware": 0.914466737064414
        }
      },
      "test_macro_f1": 0.9187718300706685,
      "classification_report": "              precision    recall  f1-score   support\n\n      benign     0.8788    0.9720    0.9231      1000\n     malware     0.9687    0.8660    0.9145      1000\n\n    accuracy                         0.9190      2000\n   macro avg     0.9238    0.9190    0.9188      2000\nweighted avg     0.9238    0.9190    0.9188      2000\n",
      "confusion_matrix": [
        [
          972,
          28
        ],
        [
          134,
          866
        ]
      ],
      "class_to_idx": {
        "benign": 0,
        "malware": 1
      },
      "label_order": {
        "benign": 0,
        "malware": 1
      }
    },
    {
      "run": 2,
      "seed": 3408,
      "epochs": 15,
      "train_loss_per_epoch": [
        0.38914227145910263,
        0.22651136624813079,
        0.15671374410390854,
        0.10388073378428817,
        0.0750821687579155,
        0.04361843828763813,
        0.04040453380695544,
        0.03134299681510311,
        0.02321368485566927,
        0.022609128996904475,
        0.025251649666344748,
        0.012998809704658925,
        0.016803431946696947,
        0.02428183114249259,
        0.00780545952419925
      ],
      "val_acc_per_epoch": [
        0.894,
        0.894,
        0.9155,
        0.931,
        0.9205,
        0.892,
        0.928,
        0.9085,
        0.9235,
        0.9185,
        0.9355,
        0.921,
        0.9325,
        0.9385,
        0.939
      ],
      "lr_per_epoch": [
        0.0001,
        0.0001,
        0.0001,
        0.0001,
        0.0001,
        0.0001,
        0.0001,
        0.0001,
        0.0001,
        0.0001,
        0.0001,
        0.0001,
        0.0001,
        0.0001,
        0.0001
      ],
      "best_val_acc": 0.939,
      "test_acc": 0.943,
      "test_f1": {
        "macro": 0.9429815260144288,
        "micro": 0.943,
        "weighted": 0.9429815260144288,
        "binary_malware": 0.9419551934826884,
        "binary_benign": 0.944007858546169,
        "per_class": {
          "benign": 0.944007858546169,
          "malware": 0.9419551934826884
        }
      },
      "test_macro_f1": 0.9429815260144288,
      "classification_report": "              precision    recall  f1-score   support\n\n      benign     0.9276    0.9610    0.9440      1000\n     malware     0.9595    0.9250    0.9420      1000\n\n    accuracy                         0.9430      2000\n   macro avg     0.9436    0.9430    0.9430      2000\nweighted avg     0.9436    0.9430    0.9430      2000\n",
      "confusion_matrix": [
        [
          961,
          39
        ],
        [
          75,
          925
        ]
      ],
      "class_to_idx": {
        "benign": 0,
        "malware": 1
      },
      "label_order": {
        "benign": 0,
        "malware": 1
      }
    },
    {
      "run": 3,
      "seed": 3409,
      "epochs": 15,
      "train_loss_per_epoch": [
        0.40581377720832823,
        0.2534766365289688,
        0.1702324903011322,
        0.11183358796313406,
        0.06890096033830195,
        0.057426394645124675,
        0.04543012566817924,
        0.029227223919238897,
        0.025515242900815794,
        0.02558477653155569,
        0.03301367811986711,
        0.024157291718409395,
        0.020579613713547586,
        0.01165386555841542,
        0.013856710601743543
      ],
      "val_acc_per_epoch": [
        0.8785,
        0.9135,
        0.925,
        0.9255,
        0.877,
        0.9375,
        0.92,
        0.9315,
        0.9355,
        0.9395,
        0.9245,
        0.9385,
        0.9435,
        0.937,
        0.925
      ],
      "lr_per_epoch": [
        0.0001,
        0.0001,
        0.0001,
        0.0001,
        0.0001,
        0.0001,
        0.0001,
        0.0001,
        0.0001,
        0.0001,
        0.0001,
        0.0001,
        0.0001,
        0.0001,
        0.0001
      ],
      "best_val_acc": 0.9435,
      "test_acc": 0.9325,
      "test_f1": {
        "macro": 0.9323945185475638,
        "micro": 0.9325,
        "weighted": 0.9323945185475638,
        "binary_malware": 0.935064935064935,
        "binary_benign": 0.9297241020301926,
        "per_class": {
          "benign": 0.9297241020301926,
          "malware": 0.935064935064935
        }
      },
      "test_macro_f1": 0.9323945185475638,
      "classification_report": "              precision    recall  f1-score   support\n\n      benign     0.9696    0.8930    0.9297      1000\n     malware     0.9008    0.9720    0.9351      1000\n\n    accuracy                         0.9325      2000\n   macro avg     0.9352    0.9325    0.9324      2000\nweighted avg     0.9352    0.9325    0.9324      2000\n",
      "confusion_matrix": [
        [
          893,
          107
        ],
        [
          28,
          972
        ]
      ],
      "class_to_idx": {
        "benign": 0,
        "malware": 1
      },
      "label_order": {
        "benign": 0,
        "malware": 1
      }
    },
    {
      "run": 4,
      "seed": 3410,
      "epochs": 15,
      "train_loss_per_epoch": [
        0.3801162483692169,
        0.23201010808348654,
        0.16278800335526467,
        0.10158133906498551,
        0.07235287354700268,
        0.05061326477257535,
        0.0384727683274541,
        0.024757262939820068,
        0.028769766338402405,
        0.027327051702188326,
        0.01725948689779034,
        0.018550684209301834,
        0.010580365511006676,
        0.014676968036219477,
        0.012863297310002964
      ],
      "val_acc_per_epoch": [
        0.8775,
        0.871,
        0.9125,
        0.8815,
        0.9135,
        0.926,
        0.9125,
        0.929,
        0.918,
        0.9285,
        0.937,
        0.94,
        0.9345,
        0.939,
        0.93
      ],
      "lr_per_epoch": [
        0.0001,
        0.0001,
        0.0001,
        0.0001,
        0.0001,
        0.0001,
        0.0001,
        0.0001,
        0.0001,
        0.0001,
        0.0001,
        0.0001,
        0.0001,
        0.0001,
        0.0001
      ],
      "best_val_acc": 0.94,
      "test_acc": 0.9365,