{
  "phase": "completed",
  "mode": "tune_cnn",
  "completed_at": "2026-05-18T02:06:40",
  "total_wall_seconds": 6775.433141456917,
  "completed": 15,
  "pruned": 85,
  "failed": 0,
  "best_trial": 9,
  "best_value": 0.9659829914957478
}