{
  "timestamp": "20260409-152650",
  "args": {
    "data_root": "/mnt/nas/RB2023/image_rgb_hi",
    "model": "resnet18",
    "epochs": 15,
    "batch": 32,
    "workers": 4,
    "in_ch": 1,
    "resize": "256,256",
    "seed": 3407,
    "runs": 5,
    "log_dir": "../new_result/image_rgb_hb"
  },
  "device": "cuda",
  "runs": [
    {
      "run": 1,
      "seed": 3407,
      "epochs": 15,
      "train_loss_per_epoch": [
        0.25882912743091585,
        0.14529924133047462,
        0.10291684434562921,
        0.08055644300486893,
        0.05107986033009365,
        0.0461855889223516,
        0.023000881467130967,
        0.021742891244241037,
        0.02027983661246253,
        0.015217234138632194,
        0.014049541441927431,
        0.018270887218241116,
        0.013190508317304193,
        0.006092090902711789,
        0.008417052924400195
      ],
      "val_acc_per_epoch": [
        0.922,
        0.942,
        0.933,
        0.942,
        0.946,
        0.946,
        0.9385,
        0.938,
        0.9345,
        0.952,
        0.941,
        0.945,
        0.943,
        0.946,
        0.9535
      ],
      "lr_per_epoch": [
        0.0001,
        0.0001,
        0.0001,
        0.0001,
        0.0001,
        0.0001,
        0.0001,
        0.0001,
        0.0001,
        0.0001,
        0.0001,
        0.0001,
        0.0001,
        0.0001,
        0.0001
      ],
      "best_val_acc": 0.9535,
      "test_acc": 0.958,
      "test_f1": {
        "macro": 0.9579993279892478,
        "micro": 0.958,
        "weighted": 0.9579993279892478,
        "binary_malware": 0.9581673306772909,
        "binary_benign": 0.9578313253012049,
        "per_class": {
          "benign": 0.9578313253012049,
          "malware": 0.9581673306772909
        }
      },
      "test_macro_f1": 0.9579993279892478,
      "classification_report": "              precision    recall  f1-score   support\n\n      benign     0.9617    0.9540    0.9578      1000\n     malware     0.9544    0.9620    0.9582      1000\n\n    accuracy                         0.9580      2000\n   macro avg     0.9580    0.9580    0.9580      2000\nweighted avg     0.9580    0.9580    0.9580      2000\n",
      "confusion_matrix": [
        [
          954,
          46
        ],
        [
          38,
          962
        ]
      ],
      "class_to_idx": {
        "benign": 0,
        "malware": 1
      },
      "label_order": {
        "benign": 0,
        "malware": 1
      }
    },
    {
      "run": 2,
      "seed": 3408,
      "epochs": 15,
      "train_loss_per_epoch": [
        0.2742326790839434,
        0.15039422249048948,
        0.10168902721069753,
        0.06591162757761776,
        0.0464304061466828,
        0.02798626330890693,
        0.03609066387964412,
        0.01873919133929303,
        0.02055645590083441,
        0.014677339776419104,
        0.01067907982900215,
        0.00857565101934597,
        0.01233324914102559,
        0.025644259665627032,
        0.013607312565029133
      ],
      "val_acc_per_epoch": [
        0.9375,
        0.898,
        0.941,
        0.95,
        0.943,
        0.9465,
        0.947,
        0.9315,
        0.955,
        0.946,
        0.952,
        0.9465,
        0.9555,
        0.944,
        0.9535
      ],
      "lr_per_epoch": [
        0.0001,
        0.0001,
        0.0001,
        0.0001,
        0.0001,
        0.0001,
        0.0001,
        0.0001,
        0.0001,
        0.0001,
        0.0001,
        0.0001,
        0.0001,
        0.0001,
        0.0001
      ],
      "best_val_acc": 0.9555,
      "test_acc": 0.9575,
      "test_f1": {
        "macro": 0.9574997343733398,
        "micro": 0.9575,
        "weighted": 0.9574997343733398,
        "binary_malware": 0.9576059850374065,
        "binary_benign": 0.9573934837092731,
        "per_class": {
          "benign": 0.9573934837092731,
          "malware": 0.9576059850374065
        }
      },
      "test_macro_f1": 0.9574997343733398,
      "classification_report": "              precision    recall  f1-score   support\n\n      benign     0.9598    0.9550    0.9574      1000\n     malware     0.9552    0.9600    0.9576      1000\n\n    accuracy                         0.9575      2000\n   macro avg     0.9575    0.9575    0.9575      2000\nweighted avg     0.9575    0.9575    0.9575      2000\n",
      "confusion_matrix": [
        [
          955,
          45
        ],
        [
          40,
          960
        ]
      ],
      "class_to_idx": {
        "benign": 0,
        "malware": 1
      },
      "label_order": {
        "benign": 0,
        "malware": 1
      }
    },
    {
      "run": 3,
      "seed": 3409,
      "epochs": 15,
      "train_loss_per_epoch": [
        0.2781802693605423,
        0.1617331790179014,
        0.09788626285269857,
        0.07406566367857158,
        0.045831258352845905,
        0.027551127580925823,
        0.024232924622134305,
        0.022536783869261855,
        0.017550708926602966,
        0.014150638889084802,
        0.02418234971576021,
        0.013991904442358646,
        0.004909696081514994,
        0.008083066328035784,
        0.011032715191584429
      ],
      "val_acc_per_epoch": [
        0.9085,
        0.9445,
        0.9395,
        0.9515,
        0.9475,
        0.918,
        0.933,
        0.95,
        0.931,
        0.9525,
        0.949,
        0.9515,
        0.9475,
        0.953,
        0.9415
      ],
      "lr_per_epoch": [
        0.0001,
        0.0001,
        0.0001,
        0.0001,
        0.0001,
        0.0001,
        0.0001,
        0.0001,
        0.0001,
        0.0001,
        0.0001,
        0.0001,
        0.0001,
        0.0001,
        0.0001
      ],
      "best_val_acc": 0.953,
      "test_acc": 0.9465,
      "test_f1": {
        "macro": 0.9464246596776718,
        "micro": 0.9465,
        "weighted": 0.9464246596776716,
        "binary_malware": 0.948433734939759,
        "binary_benign": 0.9444155844155844,
        "per_class": {
          "benign": 0.9444155844155844,
          "malware": 0.948433734939759
        }
      },
      "test_macro_f1": 0.9464246596776718,
      "classification_report": "              precision    recall  f1-score   support\n\n      benign     0.9827    0.9090    0.9444      1000\n     malware     0.9153    0.9840    0.9484      1000\n\n    accuracy                         0.9465      2000\n   macro avg     0.9490    0.9465    0.9464      2000\nweighted avg     0.9490    0.9465    0.9464      2000\n",
      "confusion_matrix": [
        [
          909,
          91
        ],
        [
          16,
          984
        ]
      ],
      "class_to_idx": {
        "benign": 0,
        "malware": 1
      },
      "label_order": {
        "benign": 0,
        "malware": 1
      }
    },
    {
      "run": 4,
      "seed": 3410,
      "epochs": 15,
      "train_loss_per_epoch": [
        0.26883806367218493,
        0.15673383943736552,
        0.1145541387796402,
        0.07175853028520941,
        0.045168827367480846,
        0.04946995642222464,
        0.029012705472996458,
        0.01977983682230115,
        0.017315111517556943,
        0.01573196578680654,
        0.01698662855499424,
        0.008219042179916869,
        0.007940911391429837,
        0.014235677506163483,
        0.029626384716189932
      ],
      "val_acc_per_epoch": [
        0.929,
        0.9035,
        0.931,
        0.941,
        0.9295,
        0.934,
        0.943,
        0.9295,
        0.94,
        0.948,
        0.9535,
        0.945,
        0.936,
        0.9555,
        0.9365
      ],
      "lr_per_epoch": [
        0.0001,
        0.0001,
        0.0001,
        0.0001,
        0.0001,
        0.0001,
        0.0001,
        0.0001,
        0.0001,
        0.0001,
        0.0001,
        0.0001,
        0.0001,
        0.0001,
        0.0001
      ],
      "best_val_acc": 0.9555,
      "test_acc": 0.9535,