{
  "timestamp": "20260409-203333",
  "args": {
    "data_root": "/mnt/nas/RB2023/image_rgb_hi",
    "model": "resnet34",
    "epochs": 15,
    "batch": 32,
    "workers": 4,
    "in_ch": 1,
    "resize": "256,256",
    "seed": 3407,
    "runs": 5,
    "log_dir": "../new_result/image_rgb_hi"
  },
  "device": "cuda",
  "runs": [
    {
      "run": 1,
      "seed": 3407,
      "epochs": 15,
      "train_loss_per_epoch": [
        0.2610993818938732,
        0.14205842470377683,
        0.11087126487866045,
        0.07787451847828925,
        0.055404432997107504,
        0.04650448570493609,
        0.024316660035285168,
        0.029664853662718087,
        0.017292049993528052,
        0.006395909727609251,
        0.018977793340905918,
        0.026703403266496024,
        0.00917797213846643,
        0.011383922533525038,
        0.018184671992305085
      ],
      "val_acc_per_epoch": [
        0.935,
        0.9425,
        0.949,
        0.951,
        0.9295,
        0.9525,
        0.9495,
        0.9365,
        0.9545,
        0.948,
        0.9455,
        0.959,
        0.9585,
        0.955,
        0.9535
      ],
      "lr_per_epoch": [
        0.0001,
        0.0001,
        0.0001,
        0.0001,
        0.0001,
        0.0001,
        0.0001,
        0.0001,
        0.0001,
        0.0001,
        0.0001,
        0.0001,
        0.0001,
        0.0001,
        0.0001
      ],
      "best_val_acc": 0.959,
      "test_acc": 0.957,
      "test_f1": {
        "macro": 0.956995699569957,
        "micro": 0.957,
        "weighted": 0.956995699569957,
        "binary_malware": 0.9565656565656566,
        "binary_benign": 0.9574257425742574,
        "per_class": {
          "benign": 0.9574257425742574,
          "malware": 0.9565656565656566
        }
      },
      "test_macro_f1": 0.956995699569957,
      "classification_report": "              precision    recall  f1-score   support\n\n      benign     0.9480    0.9670    0.9574      1000\n     malware     0.9663    0.9470    0.9566      1000\n\n    accuracy                         0.9570      2000\n   macro avg     0.9572    0.9570    0.9570      2000\nweighted avg     0.9572    0.9570    0.9570      2000\n",
      "confusion_matrix": [
        [
          967,
          33
        ],
        [
          53,
          947
        ]
      ],
      "class_to_idx": {
        "benign": 0,
        "malware": 1
      },
      "label_order": {
        "benign": 0,
        "malware": 1
      }
    },
    {
      "run": 2,
      "seed": 3408,
      "epochs": 15,
      "train_loss_per_epoch": [
        0.2688801014274359,
        0.15268932110071182,
        0.11694131334871054,
        0.0919969093222171,
        0.05986507144570351,
        0.045664072108920664,
        0.0274198144080583,
        0.039760669792070984,
        0.023886917149764486,
        0.009625292066804831,
        0.013207260224211495,
        0.009804212565577473,
        0.019032555911879172,
        0.02315181894140551,
        0.016362423834310903
      ],
      "val_acc_per_epoch": [
        0.946,
        0.939,
        0.952,
        0.9585,
        0.9605,
        0.957,
        0.958,
        0.9525,
        0.963,
        0.9615,
        0.959,
        0.955,
        0.9585,
        0.963,
        0.9585
      ],
      "lr_per_epoch": [
        0.0001,
        0.0001,
        0.0001,
        0.0001,
        0.0001,
        0.0001,
        0.0001,
        0.0001,
        0.0001,
        0.0001,
        0.0001,
        0.0001,
        0.0001,
        0.0001,
        0.0001
      ],
      "best_val_acc": 0.963,
      "test_acc": 0.96,
      "test_f1": {
        "macro": 0.9599980399039553,
        "micro": 0.96,
        "weighted": 0.9599980399039553,
        "binary_malware": 0.959718026183283,
        "binary_benign": 0.9602780536246276,
        "per_class": {
          "benign": 0.9602780536246276,
          "malware": 0.959718026183283
        }
      },
      "test_macro_f1": 0.9599980399039553,
      "classification_report": "              precision    recall  f1-score   support\n\n      benign     0.9536    0.9670    0.9603      1000\n     malware     0.9665    0.9530    0.9597      1000\n\n    accuracy                         0.9600      2000\n   macro avg     0.9601    0.9600    0.9600      2000\nweighted avg     0.9601    0.9600    0.9600      2000\n",
      "confusion_matrix": [
        [
          967,
          33
        ],
        [
          47,
          953
        ]
      ],
      "class_to_idx": {
        "benign": 0,
        "malware": 1
      },
      "label_order": {
        "benign": 0,
        "malware": 1
      }
    },
    {
      "run": 3,
      "seed": 3409,
      "epochs": 15,
      "train_loss_per_epoch": [
        0.2746818764358759,
        0.1567462610080838,
        0.09741366122663021,
        0.08365781633369625,
        0.05418848095741123,
        0.04089686269802041,
        0.021756217434536665,
        0.02574430910788942,
        0.020911269633856137,
        0.019681170344614658,
        0.02502169293272891,
        0.015516997373313643,
        0.014975216586433816,
        0.015574905768211465,
        0.010008584919756687
      ],
      "val_acc_per_epoch": [
        0.929,
        0.9395,
        0.942,
        0.9385,
        0.9415,
        0.9465,
        0.949,
        0.9385,
        0.9425,
        0.939,
        0.9485,
        0.9515,
        0.956,
        0.959,
        0.942
      ],
      "lr_per_epoch": [
        0.0001,
        0.0001,
        0.0001,
        0.0001,
        0.0001,
        0.0001,
        0.0001,
        0.0001,
        0.0001,
        0.0001,
        0.0001,
        0.0001,
        0.0001,
        0.0001,
        0.0001
      ],
      "best_val_acc": 0.959,
      "test_acc": 0.9405,
      "test_f1": {
        "macro": 0.9404749846122833,
        "micro": 0.9405,
        "weighted": 0.9404749846122834,
        "binary_malware": 0.9392547217968351,
        "binary_benign": 0.9416952474277315,
        "per_class": {
          "benign": 0.9416952474277315,
          "malware": 0.9392547217968351
        }
      },
      "test_macro_f1": 0.9404749846122833,
      "classification_report": "              precision    recall  f1-score   support\n\n      benign     0.9232    0.9610    0.9417      1000\n     malware     0.9593    0.9200    0.9393      1000\n\n    accuracy                         0.9405      2000\n   macro avg     0.9412    0.9405    0.9405      2000\nweighted avg     0.9412    0.9405    0.9405      2000\n",
      "confusion_matrix": [
        [
          961,
          39
        ],
        [
          80,
          920
        ]
      ],
      "class_to_idx": {
        "benign": 0,
        "malware": 1
      },
      "label_order": {
        "benign": 0,
        "malware": 1
      }
    },
    {
      "run": 4,
      "seed": 3410,
      "epochs": 15,
      "train_loss_per_epoch": [
        0.2654088202118874,
        0.14797043540328741,
        0.10564815536886453,
        0.07769780971203,
        0.05736112090735696,
        0.03506457233242691,
        0.031093457648181357,
        0.0281035300277872,
        0.02612413986574393,
        0.01348712711292319,
        0.018945721926051193,
        0.015246118910494261,
        0.01317741392404423,
        0.016931920553775855,
        0.01983529493320384
      ],
      "val_acc_per_epoch": [
        0.9375,
        0.934,
        0.955,
        0.923,
        0.957,
        0.9495,
        0.9455,
        0.947,
        0.953,
        0.9525,
        0.9605,
        0.953,
        0.956,
        0.951,
        0.9565
      ],
      "lr_per_epoch": [
        0.0001,
        0.0001,
        0.0001,
        0.0001,
        0.0001,
        0.0001,
        0.0001,
        0.0001,
        0.0001,
        0.0001,
        0.0001,
        0.0001,
        0.0001,
        0.0001,
        0.0001
      ],
      "best_val_acc": 0.9605,
      "test_acc": 0.9645,