{
  "timestamp": "20260409-213809",
  "args": {
    "data_root": "/mnt/nas/RB2023/image_rgb_vb",
    "model": "resnet34",
    "epochs": 15,
    "batch": 32,
    "workers": 4,
    "in_ch": 1,
    "resize": "256,256",
    "seed": 3407,
    "runs": 5,
    "log_dir": "../new_result/image_rgb_vb"
  },
  "device": "cuda",
  "runs": [
    {
      "run": 1,
      "seed": 3407,
      "epochs": 15,
      "train_loss_per_epoch": [
        0.3453538220524788,
        0.19683352867513895,
        0.13810422905534506,
        0.10810843539237976,
        0.07231605302356184,
        0.049589414301794026,
        0.04827736970223486,
        0.025762074637576005,
        0.020135300994268617,
        0.017790946772263852,
        0.023859086078358814,
        0.01813934851391241,
        0.007842480495557538,
        0.024313221594522476,
        0.02085700704183546
      ],
      "val_acc_per_epoch": [
        0.881,
        0.89,
        0.923,
        0.92,
        0.9405,
        0.898,
        0.937,
        0.9425,
        0.9485,
        0.9215,
        0.9125,
        0.9475,
        0.9015,
        0.9385,
        0.945
      ],
      "lr_per_epoch": [
        0.0001,
        0.0001,
        0.0001,
        0.0001,
        0.0001,
        0.0001,
        0.0001,
        0.0001,
        0.0001,
        0.0001,
        0.0001,
        0.0001,
        0.0001,
        0.0001,
        0.0001
      ],
      "best_val_acc": 0.9485,
      "test_acc": 0.953,
      "test_f1": {
        "macro": 0.952999576996193,
        "micro": 0.953,
        "weighted": 0.9529995769961929,
        "binary_malware": 0.9531405782652044,
        "binary_benign": 0.9528585757271816,
        "per_class": {
          "benign": 0.9528585757271816,
          "malware": 0.9531405782652044
        }
      },
      "test_macro_f1": 0.952999576996193,
      "classification_report": "              precision    recall  f1-score   support\n\n      benign     0.9557    0.9500    0.9529      1000\n     malware     0.9503    0.9560    0.9531      1000\n\n    accuracy                         0.9530      2000\n   macro avg     0.9530    0.9530    0.9530      2000\nweighted avg     0.9530    0.9530    0.9530      2000\n",
      "confusion_matrix": [
        [
          950,
          50
        ],
        [
          44,
          956
        ]
      ],
      "class_to_idx": {
        "benign": 0,
        "malware": 1
      },
      "label_order": {
        "benign": 0,
        "malware": 1
      }
    },
    {
      "run": 2,
      "seed": 3408,
      "epochs": 15,
      "train_loss_per_epoch": [
        0.3462304288744926,
        0.20493619374930858,
        0.1458444167673588,
        0.12761501825973393,
        0.08899166647344828,
        0.049230375731829555,
        0.042531962096691134,
        0.034163913862546906,
        0.02418210962129524,
        0.025563263009418732,
        0.034345828775898556,
        0.021827768941526302,
        0.009339662185899215,
        0.0060605290278181205,
        0.003028425496100681
      ],
      "val_acc_per_epoch": [
        0.91,
        0.9195,
        0.899,
        0.9515,
        0.9095,
        0.899,
        0.945,
        0.9125,
        0.9395,
        0.9065,
        0.9575,
        0.948,
        0.9545,
        0.953,
        0.9515
      ],
      "lr_per_epoch": [
        0.0001,
        0.0001,
        0.0001,
        0.0001,
        0.0001,
        0.0001,
        0.0001,
        0.0001,
        0.0001,
        0.0001,
        0.0001,
        0.0001,
        0.0001,
        0.0001,
        0.0001
      ],
      "best_val_acc": 0.9575,
      "test_acc": 0.9425,
      "test_f1": {
        "macro": 0.9424992956163714,
        "micro": 0.9425,
        "weighted": 0.9424992956163714,
        "binary_malware": 0.9422980431510286,
        "binary_benign": 0.942700548081714,
        "per_class": {
          "benign": 0.942700548081714,
          "malware": 0.9422980431510286
        }
      },
      "test_macro_f1": 0.9424992956163714,
      "classification_report": "              precision    recall  f1-score   support\n\n      benign     0.9394    0.9460    0.9427      1000\n     malware     0.9456    0.9390    0.9423      1000\n\n    accuracy                         0.9425      2000\n   macro avg     0.9425    0.9425    0.9425      2000\nweighted avg     0.9425    0.9425    0.9425      2000\n",
      "confusion_matrix": [
        [
          946,
          54
        ],
        [
          61,
          939
        ]
      ],
      "class_to_idx": {
        "benign": 0,
        "malware": 1
      },
      "label_order": {
        "benign": 0,
        "malware": 1
      }
    },
    {
      "run": 3,
      "seed": 3409,
      "epochs": 15,
      "train_loss_per_epoch": [
        0.34702219876646995,
        0.21378325966000558,
        0.1400911131426692,
        0.10392634152248502,
        0.06606068728165701,
        0.05159513755841181,
        0.041190581317059695,
        0.034676549381460066,
        0.028023446497507393,
        0.01785157489986159,
        0.02688963759795297,
        0.020979243680805667,
        0.01871701839118032,
        0.016672429863596336,
        0.011582205498489201
      ],
      "val_acc_per_epoch": [
        0.8825,
        0.913,
        0.924,
        0.9305,
        0.945,
        0.9215,
        0.947,
        0.936,
        0.942,
        0.9335,
        0.898,
        0.9315,
        0.937,
        0.9365,
        0.945
      ],
      "lr_per_epoch": [
        0.0001,
        0.0001,
        0.0001,
        0.0001,
        0.0001,
        0.0001,
        0.0001,
        0.0001,
        0.0001,
        0.0001,
        0.0001,
        0.0001,
        0.0001,
        0.0001,
        0.0001
      ],
      "best_val_acc": 0.947,
      "test_acc": 0.9485,
      "test_f1": {
        "macro": 0.9484891698479605,
        "micro": 0.9485,
        "weighted": 0.9484891698479605,
        "binary_malware": 0.9492360768851651,
        "binary_benign": 0.9477422628107559,
        "per_class": {
          "benign": 0.9477422628107559,
          "malware": 0.9492360768851651
        }
      },
      "test_macro_f1": 0.9484891698479605,
      "classification_report": "              precision    recall  f1-score   support\n\n      benign     0.9619    0.9340    0.9477      1000\n     malware     0.9359    0.9630    0.9492      1000\n\n    accuracy                         0.9485      2000\n   macro avg     0.9489    0.9485    0.9485      2000\nweighted avg     0.9489    0.9485    0.9485      2000\n",
      "confusion_matrix": [
        [
          934,
          66
        ],
        [
          37,
          963
        ]
      ],
      "class_to_idx": {
        "benign": 0,
        "malware": 1
      },
      "label_order": {
        "benign": 0,
        "malware": 1
      }
    },
    {
      "run": 4,
      "seed": 3410,
      "epochs": 15,
      "train_loss_per_epoch": [
        0.3235815678834915,
        0.20990642654895783,
        0.1393043000549078,
        0.10198875736445188,
        0.06922878864873201,
        0.06629276839736849,
        0.03872582308761775,
        0.027493021295289508,
        0.026201408075285145,
        0.026386528912873474,
        0.03749550062115304,
        0.02282303518196568,
        0.015942489241308068,
        0.01791349146628636,
        0.015663537361338967
      ],
      "val_acc_per_epoch": [
        0.899,
        0.8585,
        0.899,
        0.934,
        0.935,
        0.9335,
        0.931,
        0.9385,
        0.9345,
        0.9175,
        0.942,
        0.9165,
        0.95,
        0.927,
        0.947
      ],
      "lr_per_epoch": [
        0.0001,
        0.0001,
        0.0001,
        0.0001,
        0.0001,
        0.0001,
        0.0001,
        0.0001,
        0.0001,
        0.0001,
        0.0001,
        0.0001,
        0.0001,
        0.0001,
        0.0001
      ],
      "best_val_acc": 0.95,
      "test_acc": 0.9495,