{
  "timestamp": "20260414-031731",
  "args": {
    "data_root": "/mnt/nas/RB2023/image_gray",
    "model": "resnet34",
    "epochs": 15,
    "batch": 32,
    "workers": 4,
    "in_ch": 1,
    "resize": "256,256",
    "seed": 3407,
    "runs": 5,
    "log_dir": "../new_result/img_gray"
  },
  "device": "cuda",
  "runs": [
    {
      "run": 1,
      "seed": 3407,
      "epochs": 15,
      "train_loss_per_epoch": [
        0.2705271834284067,
        0.148349721994251,
        0.11067880383133888,
        0.07595370956510306,
        0.05569981849659234,
        0.02833877270296216,
        0.023728092364617624,
        0.031159786941483615,
        0.02340319923358038,
        0.007142509377998067,
        0.02289684773987392,
        0.023087970193009823,
        0.01380982354551088,
        0.010726003759365995,
        0.00905843095725868
      ],
      "val_acc_per_epoch": [
        0.9125,
        0.941,
        0.941,
        0.9355,
        0.9425,
        0.943,
        0.9485,
        0.9205,
        0.952,
        0.9565,
        0.9495,
        0.9525,
        0.9125,
        0.949,
        0.949
      ],
      "lr_per_epoch": [
        0.0001,
        0.0001,
        0.0001,
        0.0001,
        0.0001,
        0.0001,
        0.0001,
        0.0001,
        0.0001,
        0.0001,
        0.0001,
        0.0001,
        0.0001,
        0.0001,
        0.0001
      ],
      "best_val_acc": 0.9565,
      "test_acc": 0.9565,
      "test_f1": {
        "macro": 0.9564986840851937,
        "micro": 0.9565,
        "weighted": 0.9564986840851937,
        "binary_malware": 0.9562594268476622,
        "binary_benign": 0.956737941322725,
        "per_class": {
          "benign": 0.956737941322725,
          "malware": 0.9562594268476622
        }
      },
      "test_macro_f1": 0.9564986840851937,
      "classification_report": "              precision    recall  f1-score   support\n\n      benign     0.9515    0.9620    0.9567      1000\n     malware     0.9616    0.9510    0.9563      1000\n\n    accuracy                         0.9565      2000\n   macro avg     0.9566    0.9565    0.9565      2000\nweighted avg     0.9566    0.9565    0.9565      2000\n",
      "confusion_matrix": [
        [
          962,
          38
        ],
        [
          49,
          951
        ]
      ],
      "class_to_idx": {
        "benign": 0,
        "malware": 1
      },
      "label_order": {
        "benign": 0,
        "malware": 1
      }
    },
    {
      "run": 2,
      "seed": 3408,
      "epochs": 15,
      "train_loss_per_epoch": [
        0.28243390418589115,
        0.15760375820100309,
        0.10994773352891207,
        0.09711755219474436,
        0.05750777748413384,
        0.035862204267643395,
        0.028930075704236516,
        0.023938977803103625,
        0.014961447240784765,
        0.016544330794684356,
        0.018415203579701483,
        0.013603203487000427,
        0.010587957721239945,
        0.018066318002034676,
        0.01572498758439906
      ],
      "val_acc_per_epoch": [
        0.933,
        0.91,
        0.932,
        0.928,
        0.958,
        0.948,
        0.9515,
        0.9545,
        0.956,
        0.957,
        0.9605,
        0.928,
        0.948,
        0.9565,
        0.9565
      ],
      "lr_per_epoch": [
        0.0001,
        0.0001,
        0.0001,
        0.0001,
        0.0001,
        0.0001,
        0.0001,
        0.0001,
        0.0001,
        0.0001,
        0.0001,
        0.0001,
        0.0001,
        0.0001,
        0.0001
      ],
      "best_val_acc": 0.9605,
      "test_acc": 0.952,
      "test_f1": {
        "macro": 0.9519976478847463,
        "micro": 0.952,
        "weighted": 0.9519976478847464,
        "binary_malware": 0.9523336643495531,
        "binary_benign": 0.9516616314199395,
        "per_class": {
          "benign": 0.9516616314199395,
          "malware": 0.9523336643495531
        }
      },
      "test_macro_f1": 0.9519976478847463,
      "classification_report": "              precision    recall  f1-score   support\n\n      benign     0.9584    0.9450    0.9517      1000\n     malware     0.9458    0.9590    0.9523      1000\n\n    accuracy                         0.9520      2000\n   macro avg     0.9521    0.9520    0.9520      2000\nweighted avg     0.9521    0.9520    0.9520      2000\n",
      "confusion_matrix": [
        [
          945,
          55
        ],
        [
          41,
          959
        ]
      ],
      "class_to_idx": {
        "benign": 0,
        "malware": 1
      },
      "label_order": {
        "benign": 0,
        "malware": 1
      }
    },
    {
      "run": 3,
      "seed": 3409,
      "epochs": 15,
      "train_loss_per_epoch": [
        0.2820523401647806,
        0.17163564958423377,
        0.10597882990911603,
        0.07712267283629626,
        0.04196963743772358,
        0.03207587165920995,
        0.03340565905009862,
        0.024832647803239523,
        0.015386282796796876,
        0.02213468053023098,
        0.016470782123447863,
        0.011999346873446485,
        0.009320883803491596,
        0.01046165459958138,
        0.010983929259178694
      ],
      "val_acc_per_epoch": [
        0.9165,
        0.9265,
        0.923,
        0.9505,
        0.9385,
        0.9475,
        0.9435,
        0.951,
        0.9365,
        0.951,
        0.941,
        0.949,
        0.949,
        0.9515,
        0.9485
      ],
      "lr_per_epoch": [
        0.0001,
        0.0001,
        0.0001,
        0.0001,
        0.0001,
        0.0001,
        0.0001,
        0.0001,
        0.0001,
        0.0001,
        0.0001,
        0.0001,
        0.0001,
        0.0001,
        0.0001
      ],
      "best_val_acc": 0.9515,
      "test_acc": 0.966,
      "test_f1": {
        "macro": 0.9659972457769079,
        "micro": 0.966,
        "weighted": 0.9659972457769079,
        "binary_malware": 0.9656912209889001,
        "binary_benign": 0.9663032705649157,
        "per_class": {
          "benign": 0.9663032705649157,
          "malware": 0.9656912209889001
        }
      },
      "test_macro_f1": 0.9659972457769079,
      "classification_report": "              precision    recall  f1-score   support\n\n      benign     0.9578    0.9750    0.9663      1000\n     malware     0.9745    0.9570    0.9657      1000\n\n    accuracy                         0.9660      2000\n   macro avg     0.9662    0.9660    0.9660      2000\nweighted avg     0.9662    0.9660    0.9660      2000\n",
      "confusion_matrix": [
        [
          975,
          25
        ],
        [
          43,
          957
        ]
      ],
      "class_to_idx": {
        "benign": 0,
        "malware": 1
      },
      "label_order": {
        "benign": 0,
        "malware": 1
      }
    },
    {
      "run": 4,
      "seed": 3410,
      "epochs": 15,
      "train_loss_per_epoch": [
        0.26544400307536126,
        0.15908218237757682,
        0.11037304029241204,
        0.07385725444741548,
        0.051784534816164525,
        0.046598205423681066,
        0.02935181274660863,
        0.02270457093010191,
        0.021151992779632565,
        0.015212544181151316,
        0.006749744000349892,
        0.02321601754530275,
        0.010540623790031532,
        0.008685494040211779,
        0.030076672257549945
      ],
      "val_acc_per_epoch": [
        0.921,
        0.907,
        0.946,
        0.9425,
        0.9395,
        0.944,
        0.9555,
        0.947,
        0.948,
        0.95,
        0.9485,
        0.95,
        0.9525,
        0.9545,
        0.944
      ],
      "lr_per_epoch": [
        0.0001,
        0.0001,
        0.0001,
        0.0001,
        0.0001,
        0.0001,
        0.0001,
        0.0001,
        0.0001,
        0.0001,
        0.0001,
        0.0001,
        0.0001,
        0.0001,
        0.0001
      ],
      "best_val_acc": 0.9555,
      "test_acc": 0.952,