{
  "phase": "completed",
  "mode": "tune_cnn",
  "completed_at": "2026-05-18T08:46:11",
  "total_wall_seconds": 24377.472620768473,
  "completed": 21,
  "pruned": 79,
  "failed": 0,
  "best_trial": 97,
  "best_value": 0.9684842421210605
}