{
  "timestamp": "20260512-063244",
  "args": {
    "data_root": "apk2img-ml-datasets/data/sdhash/image_rgb_hi",
    "model": "vgg16",
    "pretrained": false,
    "epochs": 100,
    "batch": 8,
    "lr": 4.869818930137165e-05,
    "optimizer": "adam",
    "weight_decay": 0.0001,
    "lr_scheduler": "none",
    "scheduler_step_size": 5,
    "scheduler_milestones": [
      10,
      20
    ],
    "scheduler_gamma": 0.1,
    "scheduler_exp_gamma": 0.95,
    "scheduler_patience": 2,
    "scheduler_t_max": null,
    "scheduler_eta_min": 0.0,
    "scheduler_t_0": null,
    "scheduler_t_mult": 1,
    "scheduler_pct_start": 0.3,
    "scheduler_div_factor": 25.0,
    "scheduler_final_div_factor": 10000.0,
    "workers": 4,
    "in_ch": 1,
    "resize": "256,256",
    "seed": 3407,
    "runs": 1,
    "log_dir": "/home/IM25D009/git_workspace/results/rgb_hi/cnn_optuna_no/20260511-193649/best_eval",
    "early_stopping_patience": 3,
    "early_stopping_min_delta": 0.0,
    "restore_best": true
  },
  "device": "cuda",
  "runs": [
    {
      "run": 1,
      "seed": 3407,
      "epochs": 100,
      "train_loss_per_epoch": [
        0.6047952676340937,
        0.37826963897934185,
        0.30287805761443454,
        0.27938998190783604,
        0.24660085550240457,
        0.23588427659941408,
        0.21810191495152684,
        0.21219941511135032,
        0.18846327002860994,
        0.17693335432794255,
        0.16798069359771137,
        0.13990515872873016,
        0.13567832113085979,
        0.12550161437115273,
        0.11129689176537208
      ],
      "val_acc_per_epoch": [
        0.859,
        0.8175,
        0.8915,
        0.8455,
        0.9015,
        0.914,
        0.8765,
        0.9065,
        0.929,
        0.932,
        0.9265,
        0.9375,
        0.936,
        0.9345,
        0.9315
      ],
      "lr_per_epoch": [
        4.869818930137165e-05,
        4.869818930137165e-05,
        4.869818930137165e-05,
        4.869818930137165e-05,
        4.869818930137165e-05,
        4.869818930137165e-05,
        4.869818930137165e-05,
        4.869818930137165e-05,
        4.869818930137165e-05,
        4.869818930137165e-05,
        4.869818930137165e-05,
        4.869818930137165e-05,
        4.869818930137165e-05,
        4.869818930137165e-05,
        4.869818930137165e-05
      ],
      "best_val_acc": 0.9375,
      "best_epoch": 12,
      "epochs_completed": 15,
      "early_stopped": true,
      "stopped_epoch": 15,
      "test_acc": 0.94,
      "test_f1": {
        "macro": 0.9399984999624991,
        "micro": 0.94,
        "weighted": 0.9399984999624991,
        "binary_malware": 0.9396984924623115,
        "binary_benign": 0.9402985074626866,
        "per_class": {
          "benign": 0.9402985074626866,
          "malware": 0.9396984924623115
        }
      },
      "test_macro_f1": 0.9399984999624991,
      "classification_report": "              precision    recall  f1-score   support\n\n      benign     0.9356    0.9450    0.9403      1000\n     malware     0.9444    0.9350    0.9397      1000\n\n    accuracy                         0.9400      2000\n   macro avg     0.9400    0.9400    0.9400      2000\nweighted avg     0.9400    0.9400    0.9400      2000\n",
      "confusion_matrix": [
        [
          945,
          55
        ],
        [
          65,
          935
        ]
      ],
      "class_to_idx": {
        "benign": 0,
        "malware": 1
      },
      "label_order": {
        "benign": 0,
        "malware": 1
      }
    }
  ],
  "summary": {
    "test_acc_mean": 0.94,
    "test_acc_std": 0.0,
    "macro_f1_mean": 0.9399984999624991,
    "macro_f1_std": 0.0,
    "micro_f1_mean": 0.94,
    "micro_f1_std": 0.0,
    "weighted_f1_mean": 0.9399984999624991,
    "weighted_f1_std": 0.0,
    "binary_malware_f1_mean": 0.9396984924623115,
    "binary_malware_f1_std": 0.0,
    "binary_benign_f1_mean": 0.9402985074626866,
    "binary_benign_f1_std": 0.0,
    "per_class_f1_mean": [
      0.9402985074626866,
      0.9396984924623115
    ],
    "per_class_f1_std": [
      0.0,
      0.0
    ],
    "per_class_f1_order": [
      "benign",
      "malware"
    ]
  }
}