{
  "timestamp": "20260511-115636",
  "args": {
    "data_root": "apk2img-ml-datasets/data/sdhash/image_rgb_hb",
    "model": "resnet50",
    "pretrained": true,
    "epochs": 100,
    "batch": 8,
    "lr": 0.0002462084374714394,
    "optimizer": "adam",
    "weight_decay": 0.0,
    "lr_scheduler": "none",
    "scheduler_step_size": 5,
    "scheduler_milestones": [
      10,
      20
    ],
    "scheduler_gamma": 0.1,
    "scheduler_exp_gamma": 0.95,
    "scheduler_patience": 2,
    "scheduler_t_max": null,
    "scheduler_eta_min": 0.0,
    "scheduler_t_0": null,
    "scheduler_t_mult": 1,
    "scheduler_pct_start": 0.3,
    "scheduler_div_factor": 25.0,
    "scheduler_final_div_factor": 10000.0,
    "workers": 4,
    "in_ch": 1,
    "resize": "256,256",
    "seed": 3407,
    "runs": 1,
    "log_dir": "/home/IM25D009/git_workspace/results/rgb_hb/cnn_optuna_pre/20260511-073528/best_eval",
    "early_stopping_patience": 3,
    "early_stopping_min_delta": 0.0,
    "restore_best": true
  },
  "device": "cuda",
  "runs": [
    {
      "run": 1,
      "seed": 3407,
      "epochs": 100,
      "train_loss_per_epoch": [
        0.3998146776519716,
        0.19974437755346297,
        0.15104235259187407,
        0.1071139829448075,
        0.08668482896027854,
        0.07338760681654821,
        0.06402691936632618,
        0.04846804745417649,
        0.031817471142384875,
        0.04591870298001504,
        0.03666520697698343
      ],
      "val_acc_per_epoch": [
        0.838,
        0.93,
        0.937,
        0.9355,
        0.956,
        0.9485,
        0.929,
        0.9615,
        0.943,
        0.952,
        0.953
      ],
      "lr_per_epoch": [
        0.0002462084374714394,
        0.0002462084374714394,
        0.0002462084374714394,
        0.0002462084374714394,
        0.0002462084374714394,
        0.0002462084374714394,
        0.0002462084374714394,
        0.0002462084374714394,
        0.0002462084374714394,
        0.0002462084374714394,
        0.0002462084374714394
      ],
      "best_val_acc": 0.9615,
      "best_epoch": 8,
      "epochs_completed": 11,
      "early_stopped": true,
      "stopped_epoch": 11,
      "test_acc": 0.9685,
      "test_f1": {
        "macro": 0.9684993621120828,
        "micro": 0.9685,
        "weighted": 0.9684993621120828,
        "binary_malware": 0.9686411149825784,
        "binary_benign": 0.9683576092415871,
        "per_class": {
          "benign": 0.9683576092415871,
          "malware": 0.9686411149825784
        }
      },
      "test_macro_f1": 0.9684993621120828,
      "classification_report": "              precision    recall  f1-score   support\n\n      benign     0.9728    0.9640    0.9684      1000\n     malware     0.9643    0.9730    0.9686      1000\n\n    accuracy                         0.9685      2000\n   macro avg     0.9685    0.9685    0.9685      2000\nweighted avg     0.9685    0.9685    0.9685      2000\n",
      "confusion_matrix": [
        [
          964,
          36
        ],
        [
          27,
          973
        ]
      ],
      "class_to_idx": {
        "benign": 0,
        "malware": 1
      },
      "label_order": {
        "benign": 0,
        "malware": 1
      }
    }
  ],
  "summary": {
    "test_acc_mean": 0.9685,
    "test_acc_std": 0.0,
    "macro_f1_mean": 0.9684993621120828,
    "macro_f1_std": 0.0,
    "micro_f1_mean": 0.9685,
    "micro_f1_std": 0.0,
    "weighted_f1_mean": 0.9684993621120828,
    "weighted_f1_std": 0.0,
    "binary_malware_f1_mean": 0.9686411149825784,
    "binary_malware_f1_std": 0.0,
    "binary_benign_f1_mean": 0.9683576092415871,
    "binary_benign_f1_std": 0.0,
    "per_class_f1_mean": [
      0.9683576092415871,
      0.9686411149825784
    ],
    "per_class_f1_std": [
      0.0,
      0.0
    ],
    "per_class_f1_order": [
      "benign",
      "malware"
    ]
  }
}