{
  "phase": "completed",
  "mode": "tune_cnn",
  "completed_at": "2026-05-18T03:18:52",
  "total_wall_seconds": 6084.396745620295,
  "completed": 14,
  "pruned": 86,
  "failed": 0,
  "best_trial": 4,
  "best_value": 0.9454727363681841
}