{
  "timestamp": "20260510-115921",
  "args": {
    "data_root": "apk2img-ml-datasets/data/sdhash/image_rgb_hi",
    "model": "resnet101",
    "pretrained": false,
    "epochs": 100,
    "batch": 16,
    "lr": 0.0003522511227300698,
    "optimizer": "adamw",
    "weight_decay": 1e-05,
    "lr_scheduler": "none",
    "scheduler_step_size": 5,
    "scheduler_milestones": [
      10,
      20
    ],
    "scheduler_gamma": 0.1,
    "scheduler_exp_gamma": 0.95,
    "scheduler_patience": 2,
    "scheduler_t_max": null,
    "scheduler_eta_min": 0.0,
    "scheduler_t_0": null,
    "scheduler_t_mult": 1,
    "scheduler_pct_start": 0.3,
    "scheduler_div_factor": 25.0,
    "scheduler_final_div_factor": 10000.0,
    "workers": 4,
    "in_ch": 1,
    "resize": "256,256",
    "seed": 3407,
    "runs": 1,
    "log_dir": "/home/IM25D009/git_workspace/results/rgb_hi/cnn_optuna_no/20260510-041740/best_eval",
    "early_stopping_patience": 3,
    "early_stopping_min_delta": 0.0,
    "restore_best": true
  },
  "device": "cuda",
  "runs": [
    {
      "run": 1,
      "seed": 3407,
      "epochs": 100,
      "train_loss_per_epoch": [
        0.4765932124108076,
        0.270601024389267,
        0.21273747998476028,
        0.18907833326235413,
        0.1645998432515189,
        0.15267464867793024,
        0.13840848730970173,
        0.13934863088373095,
        0.12483232233813032,
        0.11113869610335678,
        0.10672440146934241,
        0.10183247826434672
      ],
      "val_acc_per_epoch": [
        0.8555,
        0.897,
        0.8895,
        0.8955,
        0.9185,
        0.9335,
        0.93,
        0.88,
        0.948,
        0.929,
        0.933,
        0.9275
      ],
      "lr_per_epoch": [
        0.0003522511227300698,
        0.0003522511227300698,
        0.0003522511227300698,
        0.0003522511227300698,
        0.0003522511227300698,
        0.0003522511227300698,
        0.0003522511227300698,
        0.0003522511227300698,
        0.0003522511227300698,
        0.0003522511227300698,
        0.0003522511227300698,
        0.0003522511227300698
      ],
      "best_val_acc": 0.948,
      "best_epoch": 9,
      "epochs_completed": 12,
      "early_stopped": true,
      "stopped_epoch": 12,
      "test_acc": 0.941,
      "test_f1": {
        "macro": 0.9409659964139344,
        "micro": 0.941,
        "weighted": 0.9409659964139344,
        "binary_malware": 0.9423828125,
        "binary_benign": 0.9395491803278688,
        "per_class": {
          "benign": 0.9395491803278688,
          "malware": 0.9423828125
        }
      },
      "test_macro_f1": 0.9409659964139344,
      "classification_report": "              precision    recall  f1-score   support\n\n      benign     0.9632    0.9170    0.9395      1000\n     malware     0.9208    0.9650    0.9424      1000\n\n    accuracy                         0.9410      2000\n   macro avg     0.9420    0.9410    0.9410      2000\nweighted avg     0.9420    0.9410    0.9410      2000\n",
      "confusion_matrix": [
        [
          917,
          83
        ],
        [
          35,
          965
        ]
      ],
      "class_to_idx": {
        "benign": 0,
        "malware": 1
      },
      "label_order": {
        "benign": 0,
        "malware": 1
      }
    }
  ],
  "summary": {
    "test_acc_mean": 0.941,
    "test_acc_std": 0.0,
    "macro_f1_mean": 0.9409659964139344,
    "macro_f1_std": 0.0,
    "micro_f1_mean": 0.941,
    "micro_f1_std": 0.0,
    "weighted_f1_mean": 0.9409659964139344,
    "weighted_f1_std": 0.0,
    "binary_malware_f1_mean": 0.9423828125,
    "binary_malware_f1_std": 0.0,
    "binary_benign_f1_mean": 0.9395491803278688,
    "binary_benign_f1_std": 0.0,
    "per_class_f1_mean": [
      0.9395491803278688,
      0.9423828125
    ],
    "per_class_f1_std": [
      0.0,
      0.0
    ],
    "per_class_f1_order": [
      "benign",
      "malware"
    ]
  }
}