{
  "phase": "completed",
  "mode": "tune_cnn",
  "completed_at": "2026-05-18T05:16:08",
  "total_wall_seconds": 9061.439201876521,
  "completed": 24,
  "pruned": 76,
  "failed": 0,
  "best_trial": 9,
  "best_value": 0.9684842421210605
}