{
  "timestamp": "20260508-191421",
  "args": {
    "data_root": "apk2img-ml-datasets/data/sdhash/image_gray",
    "model": "resnet18",
    "pretrained": false,
    "epochs": 100,
    "batch": 8,
    "lr": 0.00012467791848284085,
    "optimizer": "adamw",
    "weight_decay": 1e-05,
    "lr_scheduler": "none",
    "scheduler_step_size": 5,
    "scheduler_milestones": [
      10,
      20
    ],
    "scheduler_gamma": 0.1,
    "scheduler_exp_gamma": 0.95,
    "scheduler_patience": 2,
    "scheduler_t_max": null,
    "scheduler_eta_min": 0.0,
    "scheduler_t_0": null,
    "scheduler_t_mult": 1,
    "scheduler_pct_start": 0.3,
    "scheduler_div_factor": 25.0,
    "scheduler_final_div_factor": 10000.0,
    "workers": 4,
    "in_ch": 1,
    "resize": "256,256",
    "seed": 3407,
    "runs": 1,
    "log_dir": "/home/IM25D009/git_workspace/results/gray/cnn_optuna_no/20260508-150846/best_eval",
    "early_stopping_patience": 3,
    "early_stopping_min_delta": 0.0,
    "restore_best": true
  },
  "device": "cuda",
  "runs": [
    {
      "run": 1,
      "seed": 3407,
      "epochs": 100,
      "train_loss_per_epoch": [
        0.3540150414267555,
        0.17437799180485308,
        0.1241388017446734,
        0.10466944559966214,
        0.08288199619037914,
        0.07205444132807315,
        0.05985253898368683,
        0.04374323341972922,
        0.04020048572993255,
        0.03332603270047548,
        0.03476990542023123,
        0.019329222061100153
      ],
      "val_acc_per_epoch": [
        0.912,
        0.939,
        0.9445,
        0.9435,
        0.936,
        0.9555,
        0.9445,
        0.9355,
        0.958,
        0.9485,
        0.9515,
        0.9555
      ],
      "lr_per_epoch": [
        0.00012467791848284085,
        0.00012467791848284085,
        0.00012467791848284085,
        0.00012467791848284085,
        0.00012467791848284085,
        0.00012467791848284085,
        0.00012467791848284085,
        0.00012467791848284085,
        0.00012467791848284085,
        0.00012467791848284085,
        0.00012467791848284085,
        0.00012467791848284085
      ],
      "best_val_acc": 0.958,
      "best_epoch": 9,
      "epochs_completed": 12,
      "early_stopped": true,
      "stopped_epoch": 12,
      "test_acc": 0.9605,
      "test_f1": {
        "macro": 0.9604999111248,
        "micro": 0.9605,
        "weighted": 0.9604999111248,
        "binary_malware": 0.9605591612581128,
        "binary_benign": 0.9604406609914873,
        "per_class": {
          "benign": 0.9604406609914873,
          "malware": 0.9605591612581128
        }
      },
      "test_macro_f1": 0.9604999111248,
      "classification_report": "              precision    recall  f1-score   support\n\n      benign     0.9619    0.9590    0.9604      1000\n     malware     0.9591    0.9620    0.9606      1000\n\n    accuracy                         0.9605      2000\n   macro avg     0.9605    0.9605    0.9605      2000\nweighted avg     0.9605    0.9605    0.9605      2000\n",
      "confusion_matrix": [
        [
          959,
          41
        ],
        [
          38,
          962
        ]
      ],
      "class_to_idx": {
        "benign": 0,
        "malware": 1
      },
      "label_order": {
        "benign": 0,
        "malware": 1
      }
    }
  ],
  "summary": {
    "test_acc_mean": 0.9605,
    "test_acc_std": 0.0,
    "macro_f1_mean": 0.9604999111248,
    "macro_f1_std": 0.0,
    "micro_f1_mean": 0.9605,
    "micro_f1_std": 0.0,
    "weighted_f1_mean": 0.9604999111248,
    "weighted_f1_std": 0.0,
    "binary_malware_f1_mean": 0.9605591612581128,
    "binary_malware_f1_std": 0.0,
    "binary_benign_f1_mean": 0.9604406609914873,
    "binary_benign_f1_std": 0.0,
    "per_class_f1_mean": [
      0.9604406609914873,
      0.9605591612581128
    ],
    "per_class_f1_std": [
      0.0,
      0.0
    ],
    "per_class_f1_order": [
      "benign",
      "malware"
    ]
  }
}