{
  "timestamp": "20260511-012952",
  "args": {
    "data_root": "apk2img-ml-datasets/data/sdhash/image_rgb_vi",
    "model": "resnet152",
    "pretrained": true,
    "epochs": 100,
    "batch": 8,
    "lr": 0.000272437169696251,
    "optimizer": "adamw",
    "weight_decay": 1e-05,
    "lr_scheduler": "none",
    "scheduler_step_size": 5,
    "scheduler_milestones": [
      10,
      20
    ],
    "scheduler_gamma": 0.1,
    "scheduler_exp_gamma": 0.95,
    "scheduler_patience": 2,
    "scheduler_t_max": null,
    "scheduler_eta_min": 0.0,
    "scheduler_t_0": null,
    "scheduler_t_mult": 1,
    "scheduler_pct_start": 0.3,
    "scheduler_div_factor": 25.0,
    "scheduler_final_div_factor": 10000.0,
    "workers": 4,
    "in_ch": 1,
    "resize": "256,256",
    "seed": 3407,
    "runs": 1,
    "log_dir": "/home/IM25D009/git_workspace/results/rgb_vi/cnn_optuna_pre/20260510-155825/best_eval",
    "early_stopping_patience": 3,
    "early_stopping_min_delta": 0.0,
    "restore_best": true
  },
  "device": "cuda",
  "runs": [
    {
      "run": 1,
      "seed": 3407,
      "epochs": 100,
      "train_loss_per_epoch": [
        0.4011519165635109,
        0.22551010769000276,
        0.16351430857070953,
        0.13127022431686056,
        0.09935769958538003,
        0.09233238316059578,
        0.07137141477268596,
        0.04611272072441716,
        0.033271431361696614,
        0.04349996531047509,
        0.024711845287624327,
        0.030090922604132913,
        0.032730472259276215,
        0.021813783601465332,
        0.020847122849707377
      ],
      "val_acc_per_epoch": [
        0.8745,
        0.9315,
        0.9315,
        0.934,
        0.933,
        0.9375,
        0.942,
        0.935,
        0.946,
        0.945,
        0.943,
        0.953,
        0.95,
        0.945,
        0.9405
      ],
      "lr_per_epoch": [
        0.000272437169696251,
        0.000272437169696251,
        0.000272437169696251,
        0.000272437169696251,
        0.000272437169696251,
        0.000272437169696251,
        0.000272437169696251,
        0.000272437169696251,
        0.000272437169696251,
        0.000272437169696251,
        0.000272437169696251,
        0.000272437169696251,
        0.000272437169696251,
        0.000272437169696251,
        0.000272437169696251
      ],
      "best_val_acc": 0.953,
      "best_epoch": 12,
      "epochs_completed": 15,
      "early_stopped": true,
      "stopped_epoch": 15,
      "test_acc": 0.9535,
      "test_f1": {
        "macro": 0.9534998953747646,
        "micro": 0.9535,
        "weighted": 0.9534998953747646,
        "binary_malware": 0.9534301452178268,
        "binary_benign": 0.9535696455317024,
        "per_class": {
          "benign": 0.9535696455317024,
          "malware": 0.9534301452178268
        }
      },
      "test_macro_f1": 0.9534998953747646,
      "classification_report": "              precision    recall  f1-score   support\n\n      benign     0.9521    0.9550    0.9536      1000\n     malware     0.9549    0.9520    0.9534      1000\n\n    accuracy                         0.9535      2000\n   macro avg     0.9535    0.9535    0.9535      2000\nweighted avg     0.9535    0.9535    0.9535      2000\n",
      "confusion_matrix": [
        [
          955,
          45
        ],
        [
          48,
          952
        ]
      ],
      "class_to_idx": {
        "benign": 0,
        "malware": 1
      },
      "label_order": {
        "benign": 0,
        "malware": 1
      }
    }
  ],
  "summary": {
    "test_acc_mean": 0.9535,
    "test_acc_std": 0.0,
    "macro_f1_mean": 0.9534998953747646,
    "macro_f1_std": 0.0,
    "micro_f1_mean": 0.9535,
    "micro_f1_std": 0.0,
    "weighted_f1_mean": 0.9534998953747646,
    "weighted_f1_std": 0.0,
    "binary_malware_f1_mean": 0.9534301452178268,
    "binary_malware_f1_std": 0.0,
    "binary_benign_f1_mean": 0.9535696455317024,
    "binary_benign_f1_std": 0.0,
    "per_class_f1_mean": [
      0.9535696455317024,
      0.9534301452178268
    ],
    "per_class_f1_std": [
      0.0,
      0.0
    ],
    "per_class_f1_order": [
      "benign",
      "malware"
    ]
  }
}