{
  "timestamp": "20260409-144228",
  "args": {
    "data_root": "/mnt/nas/RB2023/image_rgb_hb",
    "model": "resnet18",
    "epochs": 15,
    "batch": 32,
    "workers": 4,
    "in_ch": 1,
    "resize": "256,256",
    "seed": 3407,
    "runs": 5,
    "log_dir": "../new_result/image_rgb_hb"
  },
  "device": "cuda",
  "runs": [
    {
      "run": 1,
      "seed": 3407,
      "epochs": 15,
      "train_loss_per_epoch": [
        0.29300378254055975,
        0.15913398220390082,
        0.10898630942218006,
        0.07291002885438502,
        0.04961170467082411,
        0.0273310057988856,
        0.031696143385372126,
        0.019673574200598523,
        0.016473570021160414,
        0.016793954664695774,
        0.014969546303327662,
        0.02263826269074343,
        0.017546508443760104,
        0.010269600524217822,
        0.01412765893212054
      ],
      "val_acc_per_epoch": [
        0.886,
        0.9145,
        0.949,
        0.9405,
        0.937,
        0.9505,
        0.9535,
        0.9365,
        0.952,
        0.9355,
        0.9375,
        0.9415,
        0.948,
        0.9515,
        0.9535
      ],
      "lr_per_epoch": [
        0.0001,
        0.0001,
        0.0001,
        0.0001,
        0.0001,
        0.0001,
        0.0001,
        0.0001,
        0.0001,
        0.0001,
        0.0001,
        0.0001,
        0.0001,
        0.0001,
        0.0001
      ],
      "best_val_acc": 0.9535,
      "test_acc": 0.962,
      "test_f1": {
        "macro": 0.9619981379087575,
        "micro": 0.962,
        "weighted": 0.9619981379087575,
        "binary_malware": 0.9617321248741189,
        "binary_benign": 0.9622641509433962,
        "per_class": {
          "benign": 0.9622641509433962,
          "malware": 0.9617321248741189
        }
      },
      "test_macro_f1": 0.9619981379087575,
      "classification_report": "              precision    recall  f1-score   support\n\n      benign     0.9556    0.9690    0.9623      1000\n     malware     0.9686    0.9550    0.9617      1000\n\n    accuracy                         0.9620      2000\n   macro avg     0.9621    0.9620    0.9620      2000\nweighted avg     0.9621    0.9620    0.9620      2000\n",
      "confusion_matrix": [
        [
          969,
          31
        ],
        [
          45,
          955
        ]
      ],
      "class_to_idx": {
        "benign": 0,
        "malware": 1
      },
      "label_order": {
        "benign": 0,
        "malware": 1
      }
    },
    {
      "run": 2,
      "seed": 3408,
      "epochs": 15,
      "train_loss_per_epoch": [
        0.3066618939936161,
        0.17106584271788597,
        0.11450680362805724,
        0.07932292498461903,
        0.06153461747057736,
        0.030651796526275574,
        0.03234391942725051,
        0.012734114650986157,
        0.022140633519913536,
        0.019800773751805535,
        0.021188307661679572,
        0.025200744843430583,
        0.01858925014725537,
        0.007807704755279701,
        0.005684084511281981
      ],
      "val_acc_per_epoch": [
        0.9285,
        0.8975,
        0.912,
        0.944,
        0.9475,
        0.9465,
        0.95,
        0.961,
        0.9405,
        0.936,
        0.931,
        0.9445,
        0.9595,
        0.9565,
        0.9655
      ],
      "lr_per_epoch": [
        0.0001,
        0.0001,
        0.0001,
        0.0001,
        0.0001,
        0.0001,
        0.0001,
        0.0001,
        0.0001,
        0.0001,
        0.0001,
        0.0001,
        0.0001,
        0.0001,
        0.0001
      ],
      "best_val_acc": 0.9655,
      "test_acc": 0.9635,
      "test_f1": {
        "macro": 0.9634995528695227,
        "micro": 0.9635,
        "weighted": 0.9634995528695226,
        "binary_malware": 0.9636273044344793,
        "binary_benign": 0.963371801304566,
        "per_class": {
          "benign": 0.963371801304566,
          "malware": 0.9636273044344793
        }
      },
      "test_macro_f1": 0.9634995528695227,
      "classification_report": "              precision    recall  f1-score   support\n\n      benign     0.9668    0.9600    0.9634      1000\n     malware     0.9603    0.9670    0.9636      1000\n\n    accuracy                         0.9635      2000\n   macro avg     0.9635    0.9635    0.9635      2000\nweighted avg     0.9635    0.9635    0.9635      2000\n",
      "confusion_matrix": [
        [
          960,
          40
        ],
        [
          33,
          967
        ]
      ],
      "class_to_idx": {
        "benign": 0,
        "malware": 1
      },
      "label_order": {
        "benign": 0,
        "malware": 1
      }
    },
    {
      "run": 3,
      "seed": 3409,
      "epochs": 15,
      "train_loss_per_epoch": [
        0.30886872623860834,
        0.169546114385128,
        0.09694296734407544,
        0.06698022869881243,
        0.039651352754561234,
        0.030186528163496405,
        0.015289069034857675,
        0.02381050921790302,
        0.009375318504113238,
        0.01103848819344421,
        0.02323061501592747,
        0.00978615735929634,
        0.01796700002992293,
        0.011397053445209167,
        0.005575645021897799
      ],
      "val_acc_per_epoch": [
        0.8765,
        0.932,
        0.94,
        0.9505,
        0.9415,
        0.948,
        0.9615,
        0.955,
        0.9545,
        0.9485,
        0.955,
        0.9535,
        0.9425,
        0.963,
        0.952
      ],
      "lr_per_epoch": [
        0.0001,
        0.0001,
        0.0001,
        0.0001,
        0.0001,
        0.0001,
        0.0001,
        0.0001,
        0.0001,
        0.0001,
        0.0001,
        0.0001,
        0.0001,
        0.0001,
        0.0001
      ],
      "best_val_acc": 0.963,
      "test_acc": 0.955,
      "test_f1": {
        "macro": 0.9549869912404685,
        "micro": 0.955,
        "weighted": 0.9549869912404686,
        "binary_malware": 0.9542217700915565,
        "binary_benign": 0.9557522123893806,
        "per_class": {
          "benign": 0.9557522123893806,
          "malware": 0.9542217700915565
        }
      },
      "test_macro_f1": 0.9549869912404685,
      "classification_report": "              precision    recall  f1-score   support\n\n      benign     0.9400    0.9720    0.9558      1000\n     malware     0.9710    0.9380    0.9542      1000\n\n    accuracy                         0.9550      2000\n   macro avg     0.9555    0.9550    0.9550      2000\nweighted avg     0.9555    0.9550    0.9550      2000\n",
      "confusion_matrix": [
        [
          972,
          28
        ],
        [
          62,
          938
        ]
      ],
      "class_to_idx": {
        "benign": 0,
        "malware": 1
      },
      "label_order": {
        "benign": 0,
        "malware": 1
      }
    },
    {
      "run": 4,
      "seed": 3410,
      "epochs": 15,
      "train_loss_per_epoch": [
        0.29832611738145354,
        0.16285486905276775,
        0.10203696136549115,
        0.060108928160741926,
        0.032033730500377715,
        0.033157095590373505,
        0.0240745575914043,
        0.009743562046205625,
        0.009709084122398053,
        0.024306855566450396,
        0.016392670086584984,
        0.01939890048885718,
        0.004285078731678368,
        0.011291542526494596,
        0.01232005781744374
      ],
      "val_acc_per_epoch": [
        0.916,
        0.9,
        0.941,
        0.9505,
        0.949,
        0.9475,
        0.9515,
        0.946,
        0.9595,
        0.941,
        0.9525,
        0.9595,
        0.946,
        0.9535,
        0.94
      ],
      "lr_per_epoch": [
        0.0001,
        0.0001,
        0.0001,
        0.0001,
        0.0001,
        0.0001,
        0.0001,
        0.0001,
        0.0001,
        0.0001,
        0.0001,
        0.0001,
        0.0001,
        0.0001,
        0.0001
      ],
      "best_val_acc": 0.9595,
      "test_acc": 0.9485,