{
  "timestamp": "20260409-092556",
  "args": {
    "data_root": "/mnt/nas/RB2023/image_rgb_hi",
    "model": "mobilenet",
    "epochs": 15,
    "batch": 32,
    "workers": 4,
    "in_ch": 1,
    "resize": "256,256",
    "seed": 3407,
    "runs": 5,
    "log_dir": "../new_result/image_rgb_hi"
  },
  "device": "cuda",
  "runs": [
    {
      "run": 1,
      "seed": 3407,
      "epochs": 15,
      "train_loss_per_epoch": [
        0.3891105728149414,
        0.2272869466394186,
        0.16511854174733162,
        0.1217697054669261,
        0.08981469437107444,
        0.06093556950706989,
        0.04186489600781351,
        0.03927612182591111,
        0.02634430037275888,
        0.033410379495704544,
        0.022002026328234933,
        0.0279533985623857,
        0.018501952868537046,
        0.015846215414465407,
        0.020968202357238626
      ],
      "val_acc_per_epoch": [
        0.895,
        0.908,
        0.905,
        0.919,
        0.918,
        0.919,
        0.915,
        0.9295,
        0.9195,
        0.9255,
        0.9275,
        0.93,
        0.92,
        0.9075,
        0.9235
      ],
      "lr_per_epoch": [
        0.0001,
        0.0001,
        0.0001,
        0.0001,
        0.0001,
        0.0001,
        0.0001,
        0.0001,
        0.0001,
        0.0001,
        0.0001,
        0.0001,
        0.0001,
        0.0001,
        0.0001
      ],
      "best_val_acc": 0.93,
      "test_acc": 0.9355,
      "test_f1": {
        "macro": 0.9354980488159768,
        "micro": 0.9355,
        "weighted": 0.9354980488159768,
        "binary_malware": 0.9358528095474888,
        "binary_benign": 0.9351432880844646,
        "per_class": {
          "benign": 0.9351432880844646,
          "malware": 0.9358528095474888
        }
      },
      "test_macro_f1": 0.9354980488159768,
      "classification_report": "              precision    recall  f1-score   support\n\n      benign     0.9403    0.9300    0.9351      1000\n     malware     0.9308    0.9410    0.9359      1000\n\n    accuracy                         0.9355      2000\n   macro avg     0.9356    0.9355    0.9355      2000\nweighted avg     0.9356    0.9355    0.9355      2000\n",
      "confusion_matrix": [
        [
          930,
          70
        ],
        [
          59,
          941
        ]
      ],
      "class_to_idx": {
        "benign": 0,
        "malware": 1
      },
      "label_order": {
        "benign": 0,
        "malware": 1
      }
    },
    {
      "run": 2,
      "seed": 3408,
      "epochs": 15,
      "train_loss_per_epoch": [
        0.4008624908328056,
        0.23155972918868065,
        0.16770881511271,
        0.11797117898613214,
        0.08611191553622484,
        0.05571244593337178,
        0.046853759372141215,
        0.036807154535781594,
        0.026470374321565033,
        0.03053772542322986,
        0.024910175570403224,
        0.020315176223695743,
        0.017427237186173443,
        0.022208501160377637,
        0.013022662133647828
      ],
      "val_acc_per_epoch": [
        0.884,
        0.886,
        0.9145,
        0.9275,
        0.932,
        0.9255,
        0.9325,
        0.9275,
        0.93,
        0.9335,
        0.936,
        0.9325,
        0.9255,
        0.939,
        0.9365
      ],
      "lr_per_epoch": [
        0.0001,
        0.0001,
        0.0001,
        0.0001,
        0.0001,
        0.0001,
        0.0001,
        0.0001,
        0.0001,
        0.0001,
        0.0001,
        0.0001,
        0.0001,
        0.0001,
        0.0001
      ],
      "best_val_acc": 0.939,
      "test_acc": 0.9385,
      "test_f1": {
        "macro": 0.938498139568722,
        "micro": 0.9385,
        "weighted": 0.938498139568722,
        "binary_malware": 0.9381598793363499,
        "binary_benign": 0.938836399801094,
        "per_class": {
          "benign": 0.938836399801094,
          "malware": 0.9381598793363499
        }
      },
      "test_macro_f1": 0.938498139568722,
      "classification_report": "              precision    recall  f1-score   support\n\n      benign     0.9337    0.9440    0.9388      1000\n     malware     0.9434    0.9330    0.9382      1000\n\n    accuracy                         0.9385      2000\n   macro avg     0.9386    0.9385    0.9385      2000\nweighted avg     0.9386    0.9385    0.9385      2000\n",
      "confusion_matrix": [
        [
          944,
          56
        ],
        [
          67,
          933
        ]
      ],
      "class_to_idx": {
        "benign": 0,
        "malware": 1
      },
      "label_order": {
        "benign": 0,
        "malware": 1
      }
    },
    {
      "run": 3,
      "seed": 3409,
      "epochs": 15,
      "train_loss_per_epoch": [
        0.387224766433239,
        0.23077469235658646,
        0.15700149570405483,
        0.11376000263541937,
        0.0726899472437799,
        0.05238131141569465,
        0.04169626552471891,
        0.034976607440272346,
        0.03101319321244955,
        0.026339467547019012,
        0.027616440752521156,
        0.020857485293177887,
        0.016162346237280873,
        0.0226823107500677,
        0.020059096511977258
      ],
      "val_acc_per_epoch": [
        0.893,
        0.91,
        0.9095,
        0.9205,
        0.917,
        0.922,
        0.9265,
        0.9215,
        0.904,
        0.923,
        0.9265,
        0.923,
        0.9335,
        0.9185,
        0.925
      ],
      "lr_per_epoch": [
        0.0001,
        0.0001,
        0.0001,
        0.0001,
        0.0001,
        0.0001,
        0.0001,
        0.0001,
        0.0001,
        0.0001,
        0.0001,
        0.0001,
        0.0001,
        0.0001,
        0.0001
      ],
      "best_val_acc": 0.9335,
      "test_acc": 0.9405,
      "test_f1": {
        "macro": 0.9404996281226758,
        "micro": 0.9405,
        "weighted": 0.9404996281226758,
        "binary_malware": 0.9403508771929825,
        "binary_benign": 0.9406483790523691,
        "per_class": {
          "benign": 0.9406483790523691,
          "malware": 0.9403508771929825
        }
      },
      "test_macro_f1": 0.9404996281226758,
      "classification_report": "              precision    recall  f1-score   support\n\n      benign     0.9383    0.9430    0.9406      1000\n     malware     0.9427    0.9380    0.9404      1000\n\n    accuracy                         0.9405      2000\n   macro avg     0.9405    0.9405    0.9405      2000\nweighted avg     0.9405    0.9405    0.9405      2000\n",
      "confusion_matrix": [
        [
          943,
          57
        ],
        [
          62,
          938
        ]
      ],
      "class_to_idx": {
        "benign": 0,
        "malware": 1
      },
      "label_order": {
        "benign": 0,
        "malware": 1
      }
    },
    {
      "run": 4,
      "seed": 3410,
      "epochs": 15,
      "train_loss_per_epoch": [
        0.38178674393892287,
        0.22586943455040454,
        0.160538275629282,
        0.1124300182685256,
        0.07848066015169025,
        0.06512734269723296,
        0.03904901432711631,
        0.03160425902181305,
        0.032467178664170204,
        0.021821541272569446,
        0.02813283430202864,
        0.01759806503728032,
        0.016271691757196095,
        0.016936645357345695,
        0.015503018356248503
      ],
      "val_acc_per_epoch": [
        0.8825,
        0.9145,
        0.9285,
        0.9225,
        0.933,
        0.93,
        0.9305,
        0.936,
        0.922,
        0.9335,
        0.9345,
        0.9425,
        0.9395,
        0.927,
        0.924
      ],
      "lr_per_epoch": [
        0.0001,
        0.0001,
        0.0001,
        0.0001,
        0.0001,
        0.0001,
        0.0001,
        0.0001,
        0.0001,
        0.0001,
        0.0001,
        0.0001,
        0.0001,
        0.0001,
        0.0001
      ],
      "best_val_acc": 0.9425,
      "test_acc": 0.919,