{
  "timestamp": "20260513-125146",
  "args": {
    "data_root": "apk2img-ml-datasets/data/sdhash/image_rgb_vi",
    "model": "vgg16",
    "pretrained": true,
    "epochs": 100,
    "batch": 64,
    "lr": 0.00033258510712076277,
    "optimizer": "adamw",
    "weight_decay": 1e-05,
    "lr_scheduler": "none",
    "scheduler_step_size": 5,
    "scheduler_milestones": [
      10,
      20
    ],
    "scheduler_gamma": 0.1,
    "scheduler_exp_gamma": 0.95,
    "scheduler_patience": 2,
    "scheduler_t_max": null,
    "scheduler_eta_min": 0.0,
    "scheduler_t_0": null,
    "scheduler_t_mult": 1,
    "scheduler_pct_start": 0.3,
    "scheduler_div_factor": 25.0,
    "scheduler_final_div_factor": 10000.0,
    "workers": 4,
    "in_ch": 1,
    "resize": "256,256",
    "seed": 3407,
    "runs": 1,
    "log_dir": "/home/IM25D009/git_workspace/results/rgb_vi/cnn_optuna_pre/20260513-064021/best_eval",
    "early_stopping_patience": 3,
    "early_stopping_min_delta": 0.0,
    "restore_best": true
  },
  "device": "cuda",
  "runs": [
    {
      "run": 1,
      "seed": 3407,
      "epochs": 100,
      "train_loss_per_epoch": [
        0.39225451815128326,
        0.24521599251031875,
        0.1950363382101059,
        0.14232514148950576,
        0.1290079197883606,
        0.099270777605474,
        0.07738149181008339,
        0.05672976878285408,
        0.04869818533584475,
        0.04554695883020759,
        0.035657292942982165,
        0.019470468162558974,
        0.024652291805366985,
        0.032644961442798374,
        0.026564528342336417
      ],
      "val_acc_per_epoch": [
        0.8655,
        0.88,
        0.9115,
        0.9175,
        0.9255,
        0.9175,
        0.9315,
        0.933,
        0.888,
        0.9215,
        0.9405,
        0.941,
        0.924,
        0.9335,
        0.9125
      ],
      "lr_per_epoch": [
        0.00033258510712076277,
        0.00033258510712076277,
        0.00033258510712076277,
        0.00033258510712076277,
        0.00033258510712076277,
        0.00033258510712076277,
        0.00033258510712076277,
        0.00033258510712076277,
        0.00033258510712076277,
        0.00033258510712076277,
        0.00033258510712076277,
        0.00033258510712076277,
        0.00033258510712076277,
        0.00033258510712076277,
        0.00033258510712076277
      ],
      "best_val_acc": 0.941,
      "best_epoch": 12,
      "epochs_completed": 15,
      "early_stopped": true,
      "stopped_epoch": 15,
      "test_acc": 0.9415,
      "test_f1": {
        "macro": 0.941482078886659,
        "micro": 0.9415,
        "weighted": 0.9414820788866591,
        "binary_malware": 0.9404580152671755,
        "binary_benign": 0.9425061425061425,
        "per_class": {
          "benign": 0.9425061425061425,
          "malware": 0.9404580152671755
        }
      },
      "test_macro_f1": 0.941482078886659,
      "classification_report": "              precision    recall  f1-score   support\n\n      benign     0.9266    0.9590    0.9425      1000\n     malware     0.9575    0.9240    0.9405      1000\n\n    accuracy                         0.9415      2000\n   macro avg     0.9420    0.9415    0.9415      2000\nweighted avg     0.9420    0.9415    0.9415      2000\n",
      "confusion_matrix": [
        [
          959,
          41
        ],
        [
          76,
          924
        ]
      ],
      "class_to_idx": {
        "benign": 0,
        "malware": 1
      },
      "label_order": {
        "benign": 0,
        "malware": 1
      }
    }
  ],
  "summary": {
    "test_acc_mean": 0.9415,
    "test_acc_std": 0.0,
    "macro_f1_mean": 0.941482078886659,
    "macro_f1_std": 0.0,
    "micro_f1_mean": 0.9415,
    "micro_f1_std": 0.0,
    "weighted_f1_mean": 0.9414820788866591,
    "weighted_f1_std": 0.0,
    "binary_malware_f1_mean": 0.9404580152671755,
    "binary_malware_f1_std": 0.0,
    "binary_benign_f1_mean": 0.9425061425061425,
    "binary_benign_f1_std": 0.0,
    "per_class_f1_mean": [
      0.9425061425061425,
      0.9404580152671755
    ],
    "per_class_f1_std": [
      0.0,
      0.0
    ],
    "per_class_f1_order": [
      "benign",
      "malware"
    ]
  }
}