{
  "timestamp": "20260414-042212",
  "args": {
    "data_root": "/mnt/nas/RB2023/image_gray",
    "model": "resnet101",
    "epochs": 15,
    "batch": 32,
    "workers": 4,
    "in_ch": 1,
    "resize": "256,256",
    "seed": 3407,
    "runs": 5,
    "log_dir": "../new_result/img_gray"
  },
  "device": "cuda",
  "runs": [
    {
      "run": 1,
      "seed": 3407,
      "epochs": 15,
      "train_loss_per_epoch": [
        0.3215981652438641,
        0.18612453587353228,
        0.12278659334778785,
        0.07787231589108705,
        0.053027958117425444,
        0.04231552379904315,
        0.021862803091760724,
        0.02541764241666533,
        0.01603835272832657,
        0.0061185115575208325,
        0.02610562817833852,
        0.01811209816072369,
        0.015133339257488842,
        0.015302338658213557,
        0.007985222825838719
      ],
      "val_acc_per_epoch": [
        0.8635,
        0.911,
        0.9265,
        0.9295,
        0.9125,
        0.9275,
        0.9345,
        0.935,
        0.94,
        0.9205,
        0.94,
        0.9405,
        0.946,
        0.9475,
        0.9405
      ],
      "lr_per_epoch": [
        0.0001,
        0.0001,
        0.0001,
        0.0001,
        0.0001,
        0.0001,
        0.0001,
        0.0001,
        0.0001,
        0.0001,
        0.0001,
        0.0001,
        0.0001,
        0.0001,
        0.0001
      ],
      "best_val_acc": 0.9475,
      "test_acc": 0.942,
      "test_f1": {
        "macro": 0.9419442083842573,
        "micro": 0.942,
        "weighted": 0.9419442083842573,
        "binary_malware": 0.9437439379243453,
        "binary_benign": 0.9401444788441693,
        "per_class": {
          "benign": 0.9401444788441693,
          "malware": 0.9437439379243453
        }
      },
      "test_macro_f1": 0.9419442083842573,
      "classification_report": "              precision    recall  f1-score   support\n\n      benign     0.9712    0.9110    0.9401      1000\n     malware     0.9162    0.9730    0.9437      1000\n\n    accuracy                         0.9420      2000\n   macro avg     0.9437    0.9420    0.9419      2000\nweighted avg     0.9437    0.9420    0.9419      2000\n",
      "confusion_matrix": [
        [
          911,
          89
        ],
        [
          27,
          973
        ]
      ],
      "class_to_idx": {
        "benign": 0,
        "malware": 1
      },
      "label_order": {
        "benign": 0,
        "malware": 1
      }
    },
    {
      "run": 2,
      "seed": 3408,
      "epochs": 15,
      "train_loss_per_epoch": [
        0.3204833590686321,
        0.18719541969895362,
        0.11903658224642277,
        0.07837891994416714,
        0.06146564923040569,
        0.03853189953276887,
        0.02736728647199925,
        0.022351365955197253,
        0.015801360274635953,
        0.018033603833668168,
        0.015460097991628572,
        0.02067975624956307,
        0.014698140192136635,
        0.012716875851314398,
        0.010820711594918975
      ],
      "val_acc_per_epoch": [
        0.9095,
        0.915,
        0.9055,
        0.9365,
        0.937,
        0.9475,
        0.945,
        0.9425,
        0.948,
        0.932,
        0.9555,
        0.9375,
        0.9405,
        0.95,
        0.949
      ],
      "lr_per_epoch": [
        0.0001,
        0.0001,
        0.0001,
        0.0001,
        0.0001,
        0.0001,
        0.0001,
        0.0001,
        0.0001,
        0.0001,
        0.0001,
        0.0001,
        0.0001,
        0.0001,
        0.0001
      ],
      "best_val_acc": 0.9555,
      "test_acc": 0.9505,
      "test_f1": {
        "macro": 0.9504964233665882,
        "micro": 0.9505,
        "weighted": 0.9504964233665882,
        "binary_malware": 0.9500756429652042,
        "binary_benign": 0.9509172037679723,
        "per_class": {
          "benign": 0.9509172037679723,
          "malware": 0.9500756429652042
        }
      },
      "test_macro_f1": 0.9504964233665882,
      "classification_report": "              precision    recall  f1-score   support\n\n      benign     0.9430    0.9590    0.9509      1000\n     malware     0.9583    0.9420    0.9501      1000\n\n    accuracy                         0.9505      2000\n   macro avg     0.9506    0.9505    0.9505      2000\nweighted avg     0.9506    0.9505    0.9505      2000\n",
      "confusion_matrix": [
        [
          959,
          41
        ],
        [
          58,
          942
        ]
      ],
      "class_to_idx": {
        "benign": 0,
        "malware": 1
      },
      "label_order": {
        "benign": 0,
        "malware": 1
      }
    },
    {
      "run": 3,
      "seed": 3409,
      "epochs": 15,
      "train_loss_per_epoch": [
        0.32398958256840704,
        0.18872225067019463,
        0.12094819495081902,
        0.08053390647657216,
        0.051366850993130354,
        0.0380368116714526,
        0.02257601130171679,
        0.028044143727864138,
        0.026151545193279162,
        0.018538795717497124,
        0.013889013645530213,
        0.01527625543763861,
        0.012076811941456982,
        0.0120123816303676,
        0.012671100376464892
      ],
      "val_acc_per_epoch": [
        0.88,
        0.9245,
        0.927,
        0.938,
        0.931,
        0.925,
        0.9435,
        0.9475,
        0.9445,
        0.948,
        0.948,
        0.931,
        0.9215,
        0.936,
        0.9495
      ],
      "lr_per_epoch": [
        0.0001,
        0.0001,
        0.0001,
        0.0001,
        0.0001,
        0.0001,
        0.0001,
        0.0001,
        0.0001,
        0.0001,
        0.0001,
        0.0001,
        0.0001,
        0.0001,
        0.0001
      ],
      "best_val_acc": 0.9495,
      "test_acc": 0.96,
      "test_f1": {
        "macro": 0.9599989999749994,
        "micro": 0.96,
        "weighted": 0.9599989999749994,
        "binary_malware": 0.9601990049751243,
        "binary_benign": 0.9597989949748744,
        "per_class": {
          "benign": 0.9597989949748744,
          "malware": 0.9601990049751243
        }
      },
      "test_macro_f1": 0.9599989999749994,
      "classification_report": "              precision    recall  f1-score   support\n\n      benign     0.9646    0.9550    0.9598      1000\n     malware     0.9554    0.9650    0.9602      1000\n\n    accuracy                         0.9600      2000\n   macro avg     0.9600    0.9600    0.9600      2000\nweighted avg     0.9600    0.9600    0.9600      2000\n",
      "confusion_matrix": [
        [
          955,
          45
        ],
        [
          35,
          965
        ]
      ],
      "class_to_idx": {
        "benign": 0,
        "malware": 1
      },
      "label_order": {
        "benign": 0,
        "malware": 1
      }
    },
    {
      "run": 4,
      "seed": 3410,
      "epochs": 15,
      "train_loss_per_epoch": [
        0.3115923103988171,
        0.18446099969744684,
        0.12839932059124112,
        0.07729016270115971,
        0.05166139089781791,
        0.04406127805286087,
        0.0294897903164383,
        0.02104576157516567,
        0.020919516847177876,
        0.01280579534728895,
        0.02001180623928667,
        0.012151098146729055,
        0.008414357529167318,
        0.007748159095674055,
        0.014383828587640892
      ],
      "val_acc_per_epoch": [
        0.9175,
        0.8975,
        0.939,
        0.9435,
        0.909,
        0.9345,
        0.9415,
        0.936,
        0.93,
        0.9445,
        0.95,
        0.9525,
        0.9445,
        0.9415,
        0.954
      ],
      "lr_per_epoch": [
        0.0001,
        0.0001,
        0.0001,
        0.0001,
        0.0001,
        0.0001,
        0.0001,
        0.0001,
        0.0001,
        0.0001,
        0.0001,
        0.0001,
        0.0001,
        0.0001,
        0.0001
      ],
      "best_val_acc": 0.954,
      "test_acc": 0.9575,