{
  "phase": "completed",
  "mode": "tune_cnn",
  "completed_at": "2026-05-18T04:36:37",
  "total_wall_seconds": 8775.94034998864,
  "completed": 49,
  "pruned": 51,
  "failed": 0,
  "best_trial": 41,
  "best_value": 0.9674837418709354
}