{
  "timestamp": "20260510-145910",
  "args": {
    "data_root": "apk2img-ml-datasets/data/sdhash/image_rgb_vi",
    "model": "resnet34",
    "pretrained": false,
    "epochs": 100,
    "batch": 8,
    "lr": 0.00018849704789869305,
    "optimizer": "adamw",
    "weight_decay": 1e-06,
    "lr_scheduler": "none",
    "scheduler_step_size": 5,
    "scheduler_milestones": [
      10,
      20
    ],
    "scheduler_gamma": 0.1,
    "scheduler_exp_gamma": 0.95,
    "scheduler_patience": 2,
    "scheduler_t_max": null,
    "scheduler_eta_min": 0.0,
    "scheduler_t_0": null,
    "scheduler_t_mult": 1,
    "scheduler_pct_start": 0.3,
    "scheduler_div_factor": 25.0,
    "scheduler_final_div_factor": 10000.0,
    "workers": 4,
    "in_ch": 1,
    "resize": "256,256",
    "seed": 3407,
    "runs": 1,
    "log_dir": "/home/IM25D009/git_workspace/results/rgb_vi/cnn_optuna_no/20260510-124516/best_eval",
    "early_stopping_patience": 3,
    "early_stopping_min_delta": 0.0,
    "restore_best": true
  },
  "device": "cuda",
  "runs": [
    {
      "run": 1,
      "seed": 3407,
      "epochs": 100,
      "train_loss_per_epoch": [
        0.37864483083505185,
        0.18740326315164565,
        0.1441663895738311,
        0.11996095790050458,
        0.1114572841868503,
        0.08936644895887003
      ],
      "val_acc_per_epoch": [
        0.9115,
        0.9345,
        0.9525,
        0.91,
        0.944,
        0.939
      ],
      "lr_per_epoch": [
        0.00018849704789869305,
        0.00018849704789869305,
        0.00018849704789869305,
        0.00018849704789869305,
        0.00018849704789869305,
        0.00018849704789869305
      ],
      "best_val_acc": 0.9525,
      "best_epoch": 3,
      "epochs_completed": 6,
      "early_stopped": true,
      "stopped_epoch": 6,
      "test_acc": 0.9525,
      "test_f1": {
        "macro": 0.9524998931247595,
        "micro": 0.9525,
        "weighted": 0.9524998931247596,
        "binary_malware": 0.9525711432850724,
        "binary_benign": 0.9524286429644466,
        "per_class": {
          "benign": 0.9524286429644466,
          "malware": 0.9525711432850724
        }
      },
      "test_macro_f1": 0.9524998931247595,
      "classification_report": "              precision    recall  f1-score   support\n\n      benign     0.9539    0.9510    0.9524      1000\n     malware     0.9511    0.9540    0.9526      1000\n\n    accuracy                         0.9525      2000\n   macro avg     0.9525    0.9525    0.9525      2000\nweighted avg     0.9525    0.9525    0.9525      2000\n",
      "confusion_matrix": [
        [
          951,
          49
        ],
        [
          46,
          954
        ]
      ],
      "class_to_idx": {
        "benign": 0,
        "malware": 1
      },
      "label_order": {
        "benign": 0,
        "malware": 1
      }
    }
  ],
  "summary": {
    "test_acc_mean": 0.9525,
    "test_acc_std": 0.0,
    "macro_f1_mean": 0.9524998931247595,
    "macro_f1_std": 0.0,
    "micro_f1_mean": 0.9525,
    "micro_f1_std": 0.0,
    "weighted_f1_mean": 0.9524998931247596,
    "weighted_f1_std": 0.0,
    "binary_malware_f1_mean": 0.9525711432850724,
    "binary_malware_f1_std": 0.0,
    "binary_benign_f1_mean": 0.9524286429644466,
    "binary_benign_f1_std": 0.0,
    "per_class_f1_mean": [
      0.9524286429644466,
      0.9525711432850724
    ],
    "per_class_f1_std": [
      0.0,
      0.0
    ],
    "per_class_f1_order": [
      "benign",
      "malware"
    ]
  }
}