{
  "timestamp": "20260511-122432",
  "args": {
    "data_root": "apk2img-ml-datasets/data/sdhash/image_rgb_vb",
    "model": "resnet152",
    "pretrained": true,
    "epochs": 100,
    "batch": 8,
    "lr": 0.00022128195383020962,
    "optimizer": "adam",
    "weight_decay": 0.0,
    "lr_scheduler": "none",
    "scheduler_step_size": 5,
    "scheduler_milestones": [
      10,
      20
    ],
    "scheduler_gamma": 0.1,
    "scheduler_exp_gamma": 0.95,
    "scheduler_patience": 2,
    "scheduler_t_max": null,
    "scheduler_eta_min": 0.0,
    "scheduler_t_0": null,
    "scheduler_t_mult": 1,
    "scheduler_pct_start": 0.3,
    "scheduler_div_factor": 25.0,
    "scheduler_final_div_factor": 10000.0,
    "workers": 4,
    "in_ch": 1,
    "resize": "256,256",
    "seed": 3407,
    "runs": 1,
    "log_dir": "/home/IM25D009/git_workspace/results/rgb_vb/cnn_optuna_pre/20260511-015557/best_eval",
    "early_stopping_patience": 3,
    "early_stopping_min_delta": 0.0,
    "restore_best": true
  },
  "device": "cuda",
  "runs": [
    {
      "run": 1,
      "seed": 3407,
      "epochs": 100,
      "train_loss_per_epoch": [
        0.4439595928043127,
        0.2472168459384702,
        0.15502269467082805,
        0.12042796105938032,
        0.09981964924045314,
        0.06753852952184389,
        0.05431076437433876,
        0.04925295408490001,
        0.03195702258748247,
        0.02977005835208183,
        0.018101093829145612
      ],
      "val_acc_per_epoch": [
        0.8635,
        0.9295,
        0.943,
        0.9145,
        0.9405,
        0.9495,
        0.9325,
        0.9505,
        0.937,
        0.9325,
        0.9505
      ],
      "lr_per_epoch": [
        0.00022128195383020962,
        0.00022128195383020962,
        0.00022128195383020962,
        0.00022128195383020962,
        0.00022128195383020962,
        0.00022128195383020962,
        0.00022128195383020962,
        0.00022128195383020962,
        0.00022128195383020962,
        0.00022128195383020962,
        0.00022128195383020962
      ],
      "best_val_acc": 0.9505,
      "best_epoch": 8,
      "epochs_completed": 11,
      "early_stopped": true,
      "stopped_epoch": 11,
      "test_acc": 0.9565,
      "test_f1": {
        "macro": 0.9564932020628223,
        "micro": 0.9565,
        "weighted": 0.9564932020628223,
        "binary_malware": 0.957037037037037,
        "binary_benign": 0.9559493670886076,
        "per_class": {
          "benign": 0.9559493670886076,
          "malware": 0.957037037037037
        }
      },
      "test_macro_f1": 0.9564932020628223,
      "classification_report": "              precision    recall  f1-score   support\n\n      benign     0.9682    0.9440    0.9559      1000\n     malware     0.9454    0.9690    0.9570      1000\n\n    accuracy                         0.9565      2000\n   macro avg     0.9568    0.9565    0.9565      2000\nweighted avg     0.9568    0.9565    0.9565      2000\n",
      "confusion_matrix": [
        [
          944,
          56
        ],
        [
          31,
          969
        ]
      ],
      "class_to_idx": {
        "benign": 0,
        "malware": 1
      },
      "label_order": {
        "benign": 0,
        "malware": 1
      }
    }
  ],
  "summary": {
    "test_acc_mean": 0.9565,
    "test_acc_std": 0.0,
    "macro_f1_mean": 0.9564932020628223,
    "macro_f1_std": 0.0,
    "micro_f1_mean": 0.9565,
    "micro_f1_std": 0.0,
    "weighted_f1_mean": 0.9564932020628223,
    "weighted_f1_std": 0.0,
    "binary_malware_f1_mean": 0.957037037037037,
    "binary_malware_f1_std": 0.0,
    "binary_benign_f1_mean": 0.9559493670886076,
    "binary_benign_f1_std": 0.0,
    "per_class_f1_mean": [
      0.9559493670886076,
      0.957037037037037
    ],
    "per_class_f1_std": [
      0.0,
      0.0
    ],
    "per_class_f1_order": [
      "benign",
      "malware"
    ]
  }
}