{
  "timestamp": "20260409-224235",
  "args": {
    "data_root": "/mnt/nas/RB2023/image_rgb_vi",
    "model": "resnet34",
    "epochs": 15,
    "batch": 32,
    "workers": 4,
    "in_ch": 1,
    "resize": "256,256",
    "seed": 3407,
    "runs": 5,
    "log_dir": "../new_result/image_rgb_vi"
  },
  "device": "cuda",
  "runs": [
    {
      "run": 1,
      "seed": 3407,
      "epochs": 15,
      "train_loss_per_epoch": [
        0.2916165567338467,
        0.16879993590712547,
        0.13282848493009805,
        0.0876339078694582,
        0.062163962989114224,
        0.041350767767056824,
        0.03404926971090026,
        0.019855631247512065,
        0.026541237974219256,
        0.014738101323833689,
        0.019026484267029447,
        0.018523687439854258,
        0.014598859004589031,
        0.0035569736609686515,
        0.02115792099753162
      ],
      "val_acc_per_epoch": [
        0.9145,
        0.917,
        0.929,
        0.9295,
        0.928,
        0.9255,
        0.936,
        0.941,
        0.9235,
        0.9405,
        0.9115,
        0.925,
        0.9465,
        0.946,
        0.9345
      ],
      "lr_per_epoch": [
        0.0001,
        0.0001,
        0.0001,
        0.0001,
        0.0001,
        0.0001,
        0.0001,
        0.0001,
        0.0001,
        0.0001,
        0.0001,
        0.0001,
        0.0001,
        0.0001,
        0.0001
      ],
      "best_val_acc": 0.9465,
      "test_acc": 0.955,
      "test_f1": {
        "macro": 0.9549971198156681,
        "micro": 0.955,
        "weighted": 0.9549971198156681,
        "binary_malware": 0.9546370967741935,
        "binary_benign": 0.9553571428571429,
        "per_class": {
          "benign": 0.9553571428571429,
          "malware": 0.9546370967741935
        }
      },
      "test_macro_f1": 0.9549971198156681,
      "classification_report": "              precision    recall  f1-score   support\n\n      benign     0.9478    0.9630    0.9554      1000\n     malware     0.9624    0.9470    0.9546      1000\n\n    accuracy                         0.9550      2000\n   macro avg     0.9551    0.9550    0.9550      2000\nweighted avg     0.9551    0.9550    0.9550      2000\n",
      "confusion_matrix": [
        [
          963,
          37
        ],
        [
          53,
          947
        ]
      ],
      "class_to_idx": {
        "benign": 0,
        "malware": 1
      },
      "label_order": {
        "benign": 0,
        "malware": 1
      }
    },
    {
      "run": 2,
      "seed": 3408,
      "epochs": 15,
      "train_loss_per_epoch": [
        0.3171183468997478,
        0.17837499642372132,
        0.12919922779500484,
        0.1072732868567109,
        0.06717934648506343,
        0.040049988638609646,
        0.03498313882853836,
        0.02111468971625436,
        0.020650355868041516,
        0.02016140448860824,
        0.009963407534873113,
        0.01203483305996633,
        0.021457850947379484,
        0.023186382862593745,
        0.008957759224504116
      ],
      "val_acc_per_epoch": [
        0.9175,
        0.8835,
        0.936,
        0.9445,
        0.946,
        0.941,
        0.941,
        0.953,
        0.9325,
        0.942,
        0.9365,
        0.944,
        0.93,
        0.94,
        0.9395
      ],
      "lr_per_epoch": [
        0.0001,
        0.0001,
        0.0001,
        0.0001,
        0.0001,
        0.0001,
        0.0001,
        0.0001,
        0.0001,
        0.0001,
        0.0001,
        0.0001,
        0.0001,
        0.0001,
        0.0001
      ],
      "best_val_acc": 0.953,
      "test_acc": 0.955,
      "test_f1": {
        "macro": 0.9549935190667456,
        "micro": 0.955,
        "weighted": 0.9549935190667457,
        "binary_malware": 0.9544534412955465,
        "binary_benign": 0.9555335968379447,
        "per_class": {
          "benign": 0.9555335968379447,
          "malware": 0.9544534412955465
        }
      },
      "test_macro_f1": 0.9549935190667456,
      "classification_report": "              precision    recall  f1-score   support\n\n      benign     0.9443    0.9670    0.9555      1000\n     malware     0.9662    0.9430    0.9545      1000\n\n    accuracy                         0.9550      2000\n   macro avg     0.9553    0.9550    0.9550      2000\nweighted avg     0.9553    0.9550    0.9550      2000\n",
      "confusion_matrix": [
        [
          967,
          33
        ],
        [
          57,
          943
        ]
      ],
      "class_to_idx": {
        "benign": 0,
        "malware": 1
      },
      "label_order": {
        "benign": 0,
        "malware": 1
      }
    },
    {
      "run": 3,
      "seed": 3409,
      "epochs": 15,
      "train_loss_per_epoch": [
        0.30983104583621024,
        0.18370839623361826,
        0.11926869417726993,
        0.08099655955843628,
        0.06224295073980465,
        0.0397799786219839,
        0.020561563667142763,
        0.021723747699434172,
        0.042430188091704624,
        0.017906821404583752,
        0.01784084305097349,
        0.016741960260085762,
        0.019595506065699736,
        0.014115794867757358,
        0.011413449320622021
      ],
      "val_acc_per_epoch": [
        0.917,
        0.9255,
        0.9285,
        0.9335,
        0.926,
        0.937,
        0.94,
        0.94,
        0.916,
        0.943,
        0.941,
        0.9375,
        0.9295,
        0.9355,
        0.939
      ],
      "lr_per_epoch": [
        0.0001,
        0.0001,
        0.0001,
        0.0001,
        0.0001,
        0.0001,
        0.0001,
        0.0001,
        0.0001,
        0.0001,
        0.0001,
        0.0001,
        0.0001,
        0.0001,
        0.0001
      ],
      "best_val_acc": 0.943,
      "test_acc": 0.9485,
      "test_f1": {
        "macro": 0.9484978240330654,
        "micro": 0.9485,
        "weighted": 0.9484978240330654,
        "binary_malware": 0.9481630598892803,
        "binary_benign": 0.9488325881768505,
        "per_class": {
          "benign": 0.9488325881768505,
          "malware": 0.9481630598892803
        }
      },
      "test_macro_f1": 0.9484978240330654,
      "classification_report": "              precision    recall  f1-score   support\n\n      benign     0.9427    0.9550    0.9488      1000\n     malware     0.9544    0.9420    0.9482      1000\n\n    accuracy                         0.9485      2000\n   macro avg     0.9486    0.9485    0.9485      2000\nweighted avg     0.9486    0.9485    0.9485      2000\n",
      "confusion_matrix": [
        [
          955,
          45
        ],
        [
          58,
          942
        ]
      ],
      "class_to_idx": {
        "benign": 0,
        "malware": 1
      },
      "label_order": {
        "benign": 0,
        "malware": 1
      }
    },
    {
      "run": 4,
      "seed": 3410,
      "epochs": 15,
      "train_loss_per_epoch": [
        0.2981667441725731,
        0.18110286994278432,
        0.12625032147765158,
        0.0808028786815703,
        0.05872985862893984,
        0.05257268981030211,
        0.027842369913472793,
        0.031587593098403886,
        0.03675703877874184,
        0.009138466116564815,
        0.016255059366027128,
        0.0079308216869249,
        0.010365928882165462,
        0.01646715566473722,
        0.02660373012945638
      ],
      "val_acc_per_epoch": [
        0.905,
        0.902,
        0.925,
        0.9345,
        0.94,
        0.928,
        0.9235,
        0.923,
        0.9405,
        0.918,
        0.9385,
        0.9325,
        0.94,
        0.9085,
        0.934
      ],
      "lr_per_epoch": [
        0.0001,
        0.0001,
        0.0001,
        0.0001,
        0.0001,
        0.0001,
        0.0001,
        0.0001,
        0.0001,
        0.0001,
        0.0001,
        0.0001,
        0.0001,
        0.0001,
        0.0001
      ],
      "best_val_acc": 0.9405,
      "test_acc": 0.9415,