{
  "timestamp": "20260409-192818",
  "args": {
    "data_root": "/mnt/nas/RB2023/image_rgb_hb",
    "model": "resnet34",
    "epochs": 15,
    "batch": 32,
    "workers": 4,
    "in_ch": 1,
    "resize": "256,256",
    "seed": 3407,
    "runs": 5,
    "log_dir": "../new_result/image_rgb_hb"
  },
  "device": "cuda",
  "runs": [
    {
      "run": 1,
      "seed": 3407,
      "epochs": 15,
      "train_loss_per_epoch": [
        0.298270140260458,
        0.15598902861773967,
        0.12045490830391646,
        0.07196599058434368,
        0.05059820175403729,
        0.02987435946520418,
        0.02214486506266985,
        0.03107087561080698,
        0.023471454672864638,
        0.01974401301413309,
        0.015474652866978432,
        0.015255607093131403,
        0.010227608285320457,
        0.02105406504054554,
        0.021400607382529416
      ],
      "val_acc_per_epoch": [
        0.894,
        0.914,
        0.9475,
        0.944,
        0.944,
        0.9465,
        0.9535,
        0.9145,
        0.945,
        0.946,
        0.9525,
        0.948,
        0.952,
        0.95,
        0.9435
      ],
      "lr_per_epoch": [
        0.0001,
        0.0001,
        0.0001,
        0.0001,
        0.0001,
        0.0001,
        0.0001,
        0.0001,
        0.0001,
        0.0001,
        0.0001,
        0.0001,
        0.0001,
        0.0001,
        0.0001
      ],
      "best_val_acc": 0.9535,
      "test_acc": 0.958,
      "test_f1": {
        "macro": 0.957983193277311,
        "micro": 0.958,
        "weighted": 0.957983193277311,
        "binary_malware": 0.9571428571428572,
        "binary_benign": 0.9588235294117647,
        "per_class": {
          "benign": 0.9588235294117647,
          "malware": 0.9571428571428572
        }
      },
      "test_macro_f1": 0.957983193277311,
      "classification_report": "              precision    recall  f1-score   support\n\n      benign     0.9404    0.9780    0.9588      1000\n     malware     0.9771    0.9380    0.9571      1000\n\n    accuracy                         0.9580      2000\n   macro avg     0.9587    0.9580    0.9580      2000\nweighted avg     0.9587    0.9580    0.9580      2000\n",
      "confusion_matrix": [
        [
          978,
          22
        ],
        [
          62,
          938
        ]
      ],
      "class_to_idx": {
        "benign": 0,
        "malware": 1
      },
      "label_order": {
        "benign": 0,
        "malware": 1
      }
    },
    {
      "run": 2,
      "seed": 3408,
      "epochs": 15,
      "train_loss_per_epoch": [
        0.3044034144580364,
        0.1605857185423374,
        0.10786485304683446,
        0.07974872041121125,
        0.0547951594479382,
        0.04434391402825713,
        0.027749149097362532,
        0.031066249791067094,
        0.017204424220893997,
        0.042972153660142794,
        0.01706032373808557,
        0.00871763837672188,
        0.0038682312129822093,
        0.015624605215562042,
        0.004322218798100948
      ],
      "val_acc_per_epoch": [
        0.933,
        0.8595,
        0.9555,
        0.959,
        0.958,
        0.9635,
        0.9655,
        0.9615,
        0.963,
        0.953,
        0.962,
        0.963,
        0.9625,
        0.968,
        0.9675
      ],
      "lr_per_epoch": [
        0.0001,
        0.0001,
        0.0001,
        0.0001,
        0.0001,
        0.0001,
        0.0001,
        0.0001,
        0.0001,
        0.0001,
        0.0001,
        0.0001,
        0.0001,
        0.0001,
        0.0001
      ],
      "best_val_acc": 0.968,
      "test_acc": 0.9685,
      "test_f1": {
        "macro": 0.9684924303063811,
        "micro": 0.9685,
        "weighted": 0.9684924303063811,
        "binary_malware": 0.9680040629761301,
        "binary_benign": 0.9689807976366323,
        "per_class": {
          "benign": 0.9689807976366323,
          "malware": 0.9680040629761301
        }
      },
      "test_macro_f1": 0.9684924303063811,
      "classification_report": "              precision    recall  f1-score   support\n\n      benign     0.9544    0.9840    0.9690      1000\n     malware     0.9835    0.9530    0.9680      1000\n\n    accuracy                         0.9685      2000\n   macro avg     0.9690    0.9685    0.9685      2000\nweighted avg     0.9690    0.9685    0.9685      2000\n",
      "confusion_matrix": [
        [
          984,
          16
        ],
        [
          47,
          953
        ]
      ],
      "class_to_idx": {
        "benign": 0,
        "malware": 1
      },
      "label_order": {
        "benign": 0,
        "malware": 1
      }
    },
    {
      "run": 3,
      "seed": 3409,
      "epochs": 15,
      "train_loss_per_epoch": [
        0.2991347903311253,
        0.17629618143290282,
        0.10753946779668332,
        0.08207090587820857,
        0.05265921346703544,
        0.03819668311718851,
        0.026045820708037355,
        0.01571660469280323,
        0.015683751553136973,
        0.02785565489763394,
        0.02334144827572163,
        0.011805813365092035,
        0.015807018156483537,
        0.010089942195205367,
        0.004201448905965663
      ],
      "val_acc_per_epoch": [
        0.9055,
        0.9385,
        0.949,
        0.9485,
        0.9515,
        0.954,
        0.949,
        0.953,
        0.954,
        0.947,
        0.9555,
        0.951,
        0.9535,
        0.957,
        0.9555
      ],
      "lr_per_epoch": [
        0.0001,
        0.0001,
        0.0001,
        0.0001,
        0.0001,
        0.0001,
        0.0001,
        0.0001,
        0.0001,
        0.0001,
        0.0001,
        0.0001,
        0.0001,
        0.0001,
        0.0001
      ],
      "best_val_acc": 0.957,
      "test_acc": 0.971,
      "test_f1": {
        "macro": 0.9709958233985694,
        "micro": 0.971,
        "weighted": 0.9709958233985694,
        "binary_malware": 0.9706477732793523,
        "binary_benign": 0.9713438735177866,
        "per_class": {
          "benign": 0.9713438735177866,
          "malware": 0.9706477732793523
        }
      },
      "test_macro_f1": 0.9709958233985694,
      "classification_report": "              precision    recall  f1-score   support\n\n      benign     0.9600    0.9830    0.9713      1000\n     malware     0.9826    0.9590    0.9706      1000\n\n    accuracy                         0.9710      2000\n   macro avg     0.9713    0.9710    0.9710      2000\nweighted avg     0.9713    0.9710    0.9710      2000\n",
      "confusion_matrix": [
        [
          983,
          17
        ],
        [
          41,
          959
        ]
      ],
      "class_to_idx": {
        "benign": 0,
        "malware": 1
      },
      "label_order": {
        "benign": 0,
        "malware": 1
      }
    },
    {
      "run": 4,
      "seed": 3410,
      "epochs": 15,
      "train_loss_per_epoch": [
        0.29264596742391585,
        0.17359119141101836,
        0.11831827308237552,
        0.08381546699255706,
        0.05207103856978938,
        0.05170115620084107,
        0.035456306099891664,
        0.028053157303482294,
        0.026789258016680834,
        0.011286442343582167,
        0.015615817899175453,
        0.012455755483635585,
        0.033644188361882696,
        0.018904419347876684,
        0.01688894518723828
      ],
      "val_acc_per_epoch": [
        0.9225,
        0.857,
        0.932,
        0.944,
        0.954,
        0.9375,
        0.9225,
        0.9495,
        0.9565,
        0.9465,
        0.954,
        0.9045,
        0.943,
        0.957,
        0.9525
      ],
      "lr_per_epoch": [
        0.0001,
        0.0001,
        0.0001,
        0.0001,
        0.0001,
        0.0001,
        0.0001,
        0.0001,
        0.0001,
        0.0001,
        0.0001,
        0.0001,
        0.0001,
        0.0001,
        0.0001
      ],
      "best_val_acc": 0.957,
      "test_acc": 0.9645,