{
  "timestamp": "20260510-202128",
  "args": {
    "data_root": "apk2img-ml-datasets/data/sdhash/image_rgb_vi",
    "model": "resnet50",
    "pretrained": false,
    "epochs": 100,
    "batch": 8,
    "lr": 0.00023889869510900744,
    "optimizer": "adamw",
    "weight_decay": 1e-05,
    "lr_scheduler": "none",
    "scheduler_step_size": 5,
    "scheduler_milestones": [
      10,
      20
    ],
    "scheduler_gamma": 0.1,
    "scheduler_exp_gamma": 0.95,
    "scheduler_patience": 2,
    "scheduler_t_max": null,
    "scheduler_eta_min": 0.0,
    "scheduler_t_0": null,
    "scheduler_t_mult": 1,
    "scheduler_pct_start": 0.3,
    "scheduler_div_factor": 25.0,
    "scheduler_final_div_factor": 10000.0,
    "workers": 4,
    "in_ch": 1,
    "resize": "256,256",
    "seed": 3407,
    "runs": 1,
    "log_dir": "/home/IM25D009/git_workspace/results/rgb_vi/cnn_optuna_no/20260510-142133/best_eval",
    "early_stopping_patience": 3,
    "early_stopping_min_delta": 0.0,
    "restore_best": true
  },
  "device": "cuda",
  "runs": [
    {
      "run": 1,
      "seed": 3407,
      "epochs": 100,
      "train_loss_per_epoch": [
        0.48639970895461737,
        0.27054579857364297,
        0.21029409688198938,
        0.1818033388245385,
        0.16597125159390272,
        0.14477734139282256,
        0.12929149099730422,
        0.12071804573998088,
        0.1115012091457611,
        0.10146260756487027,
        0.08887459357567423,
        0.07796298110183125,
        0.06914511471992592,
        0.06813781724434011,
        0.055453221798234156
      ],
      "val_acc_per_epoch": [
        0.8025,
        0.909,
        0.9035,
        0.902,
        0.9325,
        0.9195,
        0.8575,
        0.9385,
        0.9405,
        0.9215,
        0.918,
        0.9495,
        0.947,
        0.948,
        0.93
      ],
      "lr_per_epoch": [
        0.00023889869510900744,
        0.00023889869510900744,
        0.00023889869510900744,
        0.00023889869510900744,
        0.00023889869510900744,
        0.00023889869510900744,
        0.00023889869510900744,
        0.00023889869510900744,
        0.00023889869510900744,
        0.00023889869510900744,
        0.00023889869510900744,
        0.00023889869510900744,
        0.00023889869510900744,
        0.00023889869510900744,
        0.00023889869510900744
      ],
      "best_val_acc": 0.9495,
      "best_epoch": 12,
      "epochs_completed": 15,
      "early_stopped": true,
      "stopped_epoch": 15,
      "test_acc": 0.955,
      "test_f1": {
        "macro": 0.9549977948919497,
        "micro": 0.955,
        "weighted": 0.9549977948919498,
        "binary_malware": 0.9553128103277061,
        "binary_benign": 0.9546827794561934,
        "per_class": {
          "benign": 0.9546827794561934,
          "malware": 0.9553128103277061
        }
      },
      "test_macro_f1": 0.9549977948919497,
      "classification_report": "              precision    recall  f1-score   support\n\n      benign     0.9615    0.9480    0.9547      1000\n     malware     0.9487    0.9620    0.9553      1000\n\n    accuracy                         0.9550      2000\n   macro avg     0.9551    0.9550    0.9550      2000\nweighted avg     0.9551    0.9550    0.9550      2000\n",
      "confusion_matrix": [
        [
          948,
          52
        ],
        [
          38,
          962
        ]
      ],
      "class_to_idx": {
        "benign": 0,
        "malware": 1
      },
      "label_order": {
        "benign": 0,
        "malware": 1
      }
    }
  ],
  "summary": {
    "test_acc_mean": 0.955,
    "test_acc_std": 0.0,
    "macro_f1_mean": 0.9549977948919497,
    "macro_f1_std": 0.0,
    "micro_f1_mean": 0.955,
    "micro_f1_std": 0.0,
    "weighted_f1_mean": 0.9549977948919498,
    "weighted_f1_std": 0.0,
    "binary_malware_f1_mean": 0.9553128103277061,
    "binary_malware_f1_std": 0.0,
    "binary_benign_f1_mean": 0.9546827794561934,
    "binary_benign_f1_std": 0.0,
    "per_class_f1_mean": [
      0.9546827794561934,
      0.9553128103277061
    ],
    "per_class_f1_std": [
      0.0,
      0.0
    ],
    "per_class_f1_order": [
      "benign",
      "malware"
    ]
  }
}