{
  "timestamp": "20260412-012200",
  "args": {
    "data_root": "/mnt/nas/RB2023/image_glay",
    "model": "efficientnet_v2_s",
    "epochs": 15,
    "batch": 32,
    "workers": 4,
    "in_ch": 1,
    "resize": "256,256",
    "seed": 3407,
    "runs": 5,
    "log_dir": "../new_result/img_gray"
  },
  "device": "cuda",
  "runs": [
    {
      "run": 1,
      "seed": 3407,
      "epochs": 15,
      "train_loss_per_epoch": [
        0.34385949492454526,
        0.19144599026441575,
        0.13611207174509762,
        0.09757583345472813,
        0.06599716321006417,
        0.050995256893336775,
        0.03865623216796667,
        0.02941327737492975,
        0.02352003072865773,
        0.02715330863732379,
        0.018055505557975266,
        0.016661121637851467,
        0.02299381893372629,
        0.012619902424281463,
        0.01880991100758547
      ],
      "val_acc_per_epoch": [
        0.9025,
        0.9255,
        0.938,
        0.931,
        0.9395,
        0.931,
        0.9325,
        0.9345,
        0.928,
        0.933,
        0.93,
        0.9375,
        0.9395,
        0.941,
        0.9465
      ],
      "lr_per_epoch": [
        0.0001,
        0.0001,
        0.0001,
        0.0001,
        0.0001,
        0.0001,
        0.0001,
        0.0001,
        0.0001,
        0.0001,
        0.0001,
        0.0001,
        0.0001,
        0.0001,
        0.0001
      ],
      "best_val_acc": 0.9465,
      "test_acc": 0.953,
      "test_f1": {
        "macro": 0.952999576996193,
        "micro": 0.953,
        "weighted": 0.9529995769961929,
        "binary_malware": 0.9528585757271816,
        "binary_benign": 0.9531405782652044,
        "per_class": {
          "benign": 0.9531405782652044,
          "malware": 0.9528585757271816
        }
      },
      "test_macro_f1": 0.952999576996193,
      "classification_report": "              precision    recall  f1-score   support\n\n      benign     0.9503    0.9560    0.9531      1000\n     malware     0.9557    0.9500    0.9529      1000\n\n    accuracy                         0.9530      2000\n   macro avg     0.9530    0.9530    0.9530      2000\nweighted avg     0.9530    0.9530    0.9530      2000\n",
      "confusion_matrix": [
        [
          956,
          44
        ],
        [
          50,
          950
        ]
      ],
      "class_to_idx": {
        "benign": 0,
        "malware": 1
      },
      "label_order": {
        "benign": 0,
        "malware": 1
      }
    },
    {
      "run": 2,
      "seed": 3408,
      "epochs": 15,
      "train_loss_per_epoch": [
        0.3487854644358158,
        0.19880685365200043,
        0.14024175833165645,
        0.10077691136114299,
        0.08327458528848365,
        0.061079280539415776,
        0.047420940849930045,
        0.037503507944522424,
        0.02640046693070326,
        0.026311877083731814,
        0.01959030049550347,
        0.015839960555604195,
        0.019093207355152117,
        0.019466000850195998,
        0.01683941888922709
      ],
      "val_acc_per_epoch": [
        0.912,
        0.9225,
        0.943,
        0.947,
        0.939,
        0.9525,
        0.94,
        0.943,
        0.9545,
        0.9555,
        0.956,
        0.9505,
        0.9575,
        0.958,
        0.9535
      ],
      "lr_per_epoch": [
        0.0001,
        0.0001,
        0.0001,
        0.0001,
        0.0001,
        0.0001,
        0.0001,
        0.0001,
        0.0001,
        0.0001,
        0.0001,
        0.0001,
        0.0001,
        0.0001,
        0.0001
      ],
      "best_val_acc": 0.958,
      "test_acc": 0.9595,
      "test_f1": {
        "macro": 0.959493670886076,
        "micro": 0.9595,
        "weighted": 0.959493670886076,
        "binary_malware": 0.958987341772152,
        "binary_benign": 0.96,
        "per_class": {
          "benign": 0.96,
          "malware": 0.958987341772152
        }
      },
      "test_macro_f1": 0.959493670886076,
      "classification_report": "              precision    recall  f1-score   support\n\n      benign     0.9483    0.9720    0.9600      1000\n     malware     0.9713    0.9470    0.9590      1000\n\n    accuracy                         0.9595      2000\n   macro avg     0.9598    0.9595    0.9595      2000\nweighted avg     0.9598    0.9595    0.9595      2000\n",
      "confusion_matrix": [
        [
          972,
          28
        ],
        [
          53,
          947
        ]
      ],
      "class_to_idx": {
        "benign": 0,
        "malware": 1
      },
      "label_order": {
        "benign": 0,
        "malware": 1
      }
    },
    {
      "run": 3,
      "seed": 3409,
      "epochs": 15,
      "train_loss_per_epoch": [
        0.33977759224176407,
        0.1975683207064867,
        0.13107873080670834,
        0.09946612788923084,
        0.07655893288366497,
        0.053068552568554875,
        0.033533865695586425,
        0.02843081226584036,
        0.03388088571210392,
        0.022225670626387,
        0.016744645704107823,
        0.0126335114481044,
        0.014131557148590218,
        0.026900685706437798,
        0.0199021868626005
      ],
      "val_acc_per_epoch": [
        0.8955,
        0.9355,
        0.942,
        0.941,
        0.9365,
        0.933,
        0.9505,
        0.946,
        0.944,
        0.9475,
        0.949,
        0.9495,
        0.9485,
        0.9455,
        0.952
      ],
      "lr_per_epoch": [
        0.0001,
        0.0001,
        0.0001,
        0.0001,
        0.0001,
        0.0001,
        0.0001,
        0.0001,
        0.0001,
        0.0001,
        0.0001,
        0.0001,
        0.0001,
        0.0001,
        0.0001
      ],
      "best_val_acc": 0.952,
      "test_acc": 0.9565,
      "test_f1": {
        "macro": 0.9564999021247798,
        "micro": 0.9565,
        "weighted": 0.9564999021247798,
        "binary_malware": 0.956434651977967,
        "binary_benign": 0.9565651522715926,
        "per_class": {
          "benign": 0.9565651522715926,
          "malware": 0.956434651977967
        }
      },
      "test_macro_f1": 0.9564999021247798,
      "classification_report": "              precision    recall  f1-score   support\n\n      benign     0.9551    0.9580    0.9566      1000\n     malware     0.9579    0.9550    0.9564      1000\n\n    accuracy                         0.9565      2000\n   macro avg     0.9565    0.9565    0.9565      2000\nweighted avg     0.9565    0.9565    0.9565      2000\n",
      "confusion_matrix": [
        [
          958,
          42
        ],
        [
          45,
          955
        ]
      ],
      "class_to_idx": {
        "benign": 0,
        "malware": 1
      },
      "label_order": {
        "benign": 0,
        "malware": 1
      }
    },
    {
      "run": 4,
      "seed": 3410,
      "epochs": 15,
      "train_loss_per_epoch": [
        0.3310953840017319,
        0.182542195931077,
        0.12691167582571505,
        0.07999379925988614,
        0.053626851526089016,
        0.04881906501553021,
        0.02637038787920028,
        0.029459019158268346,
        0.019681038578855805,
        0.024037955958396195,
        0.020626193664502353,
        0.011899761990818662,
        0.011666336810245412,
        0.010111584809637862,
        0.013211930924386252
      ],
      "val_acc_per_epoch": [
        0.9195,
        0.9225,
        0.944,
        0.9495,
        0.9515,
        0.9505,
        0.953,
        0.953,
        0.955,
        0.934,
        0.9425,
        0.9535,
        0.9565,
        0.9375,
        0.954
      ],
      "lr_per_epoch": [
        0.0001,
        0.0001,
        0.0001,
        0.0001,
        0.0001,
        0.0001,
        0.0001,
        0.0001,
        0.0001,
        0.0001,
        0.0001,
        0.0001,
        0.0001,
        0.0001,
        0.0001
      ],
      "best_val_acc": 0.9565,
      "test_acc": 0.969,