{
  "timestamp": "20260510-202020",
  "args": {
    "data_root": "apk2img-ml-datasets/data/sdhash/image_rgb_vi",
    "model": "resnet50",
    "pretrained": true,
    "epochs": 100,
    "batch": 8,
    "lr": 0.00019404869713775673,
    "optimizer": "adam",
    "weight_decay": 0.0,
    "lr_scheduler": "none",
    "scheduler_step_size": 5,
    "scheduler_milestones": [
      10,
      20
    ],
    "scheduler_gamma": 0.1,
    "scheduler_exp_gamma": 0.95,
    "scheduler_patience": 2,
    "scheduler_t_max": null,
    "scheduler_eta_min": 0.0,
    "scheduler_t_0": null,
    "scheduler_t_mult": 1,
    "scheduler_pct_start": 0.3,
    "scheduler_div_factor": 25.0,
    "scheduler_final_div_factor": 10000.0,
    "workers": 4,
    "in_ch": 1,
    "resize": "256,256",
    "seed": 3407,
    "runs": 1,
    "log_dir": "/home/IM25D009/git_workspace/results/rgb_vi/cnn_optuna_pre/20260510-145929/best_eval",
    "early_stopping_patience": 3,
    "early_stopping_min_delta": 0.0,
    "restore_best": true
  },
  "device": "cuda",
  "runs": [
    {
      "run": 1,
      "seed": 3407,
      "epochs": 100,
      "train_loss_per_epoch": [
        0.38041881170496344,
        0.19093136364757082,
        0.13247321130154888,
        0.09982734932313907,
        0.08503708778356668,
        0.05530382177942647,
        0.05407587536731444,
        0.03730526648623709
      ],
      "val_acc_per_epoch": [
        0.8845,
        0.9395,
        0.9405,
        0.9415,
        0.9525,
        0.9495,
        0.9445,
        0.944
      ],
      "lr_per_epoch": [
        0.00019404869713775673,
        0.00019404869713775673,
        0.00019404869713775673,
        0.00019404869713775673,
        0.00019404869713775673,
        0.00019404869713775673,
        0.00019404869713775673,
        0.00019404869713775673
      ],
      "best_val_acc": 0.9525,
      "best_epoch": 5,
      "epochs_completed": 8,
      "early_stopped": true,
      "stopped_epoch": 8,
      "test_acc": 0.954,
      "test_f1": {
        "macro": 0.9539953995399539,
        "micro": 0.954,
        "weighted": 0.9539953995399539,
        "binary_malware": 0.9544554455445544,
        "binary_benign": 0.9535353535353536,
        "per_class": {
          "benign": 0.9535353535353536,
          "malware": 0.9544554455445544
        }
      },
      "test_macro_f1": 0.9539953995399539,
      "classification_report": "              precision    recall  f1-score   support\n\n      benign     0.9633    0.9440    0.9535      1000\n     malware     0.9451    0.9640    0.9545      1000\n\n    accuracy                         0.9540      2000\n   macro avg     0.9542    0.9540    0.9540      2000\nweighted avg     0.9542    0.9540    0.9540      2000\n",
      "confusion_matrix": [
        [
          944,
          56
        ],
        [
          36,
          964
        ]
      ],
      "class_to_idx": {
        "benign": 0,
        "malware": 1
      },
      "label_order": {
        "benign": 0,
        "malware": 1
      }
    }
  ],
  "summary": {
    "test_acc_mean": 0.954,
    "test_acc_std": 0.0,
    "macro_f1_mean": 0.9539953995399539,
    "macro_f1_std": 0.0,
    "micro_f1_mean": 0.954,
    "micro_f1_std": 0.0,
    "weighted_f1_mean": 0.9539953995399539,
    "weighted_f1_std": 0.0,
    "binary_malware_f1_mean": 0.9544554455445544,
    "binary_malware_f1_std": 0.0,
    "binary_benign_f1_mean": 0.9535353535353536,
    "binary_benign_f1_std": 0.0,
    "per_class_f1_mean": [
      0.9535353535353536,
      0.9544554455445544
    ],
    "per_class_f1_std": [
      0.0,
      0.0
    ],
    "per_class_f1_order": [
      "benign",
      "malware"
    ]
  }
}