{
  "timestamp": "20260513-124249",
  "args": {
    "data_root": "apk2img-ml-datasets/data/sdhash/image_rgba_hi",
    "model": "resnet34",
    "pretrained": true,
    "epochs": 100,
    "batch": 8,
    "lr": 0.0001278321247515196,
    "optimizer": "adam",
    "weight_decay": 0.0,
    "lr_scheduler": "none",
    "scheduler_step_size": 5,
    "scheduler_milestones": [
      10,
      20
    ],
    "scheduler_gamma": 0.1,
    "scheduler_exp_gamma": 0.95,
    "scheduler_patience": 2,
    "scheduler_t_max": null,
    "scheduler_eta_min": 0.0,
    "scheduler_t_0": null,
    "scheduler_t_mult": 1,
    "scheduler_pct_start": 0.3,
    "scheduler_div_factor": 25.0,
    "scheduler_final_div_factor": 10000.0,
    "workers": 4,
    "in_ch": 1,
    "resize": "256,256",
    "seed": 3407,
    "runs": 1,
    "log_dir": "/home/IM25D009/git_workspace/results/rgba_hi/cnn_optuna_pre/20260513-093319/best_eval",
    "early_stopping_patience": 3,
    "early_stopping_min_delta": 0.0,
    "restore_best": true
  },
  "device": "cuda",
  "runs": [
    {
      "run": 1,
      "seed": 3407,
      "epochs": 100,
      "train_loss_per_epoch": [
        0.3626987345116213,
        0.18945521819544955,
        0.14697018974693493,
        0.10855342644080519,
        0.08374327035824536,
        0.06398562642344041,
        0.05219284991716268,
        0.04141619969932799,
        0.023756567566842933
      ],
      "val_acc_per_epoch": [
        0.904,
        0.942,
        0.9515,
        0.928,
        0.9525,
        0.961,
        0.931,
        0.952,
        0.9495
      ],
      "lr_per_epoch": [
        0.0001278321247515196,
        0.0001278321247515196,
        0.0001278321247515196,
        0.0001278321247515196,
        0.0001278321247515196,
        0.0001278321247515196,
        0.0001278321247515196,
        0.0001278321247515196,
        0.0001278321247515196
      ],
      "best_val_acc": 0.961,
      "best_epoch": 6,
      "epochs_completed": 9,
      "early_stopped": true,
      "stopped_epoch": 9,
      "test_acc": 0.967,
      "test_f1": {
        "macro": 0.9669994719915519,
        "micro": 0.967,
        "weighted": 0.9669994719915519,
        "binary_malware": 0.9671314741035857,
        "binary_benign": 0.9668674698795181,
        "per_class": {
          "benign": 0.9668674698795181,
          "malware": 0.9671314741035857
        }
      },
      "test_macro_f1": 0.9669994719915519,
      "classification_report": "              precision    recall  f1-score   support\n\n      benign     0.9708    0.9630    0.9669      1000\n     malware     0.9633    0.9710    0.9671      1000\n\n    accuracy                         0.9670      2000\n   macro avg     0.9670    0.9670    0.9670      2000\nweighted avg     0.9670    0.9670    0.9670      2000\n",
      "confusion_matrix": [
        [
          963,
          37
        ],
        [
          29,
          971
        ]
      ],
      "class_to_idx": {
        "benign": 0,
        "malware": 1
      },
      "label_order": {
        "benign": 0,
        "malware": 1
      }
    }
  ],
  "summary": {
    "test_acc_mean": 0.967,
    "test_acc_std": 0.0,
    "macro_f1_mean": 0.9669994719915519,
    "macro_f1_std": 0.0,
    "micro_f1_mean": 0.967,
    "micro_f1_std": 0.0,
    "weighted_f1_mean": 0.9669994719915519,
    "weighted_f1_std": 0.0,
    "binary_malware_f1_mean": 0.9671314741035857,
    "binary_malware_f1_std": 0.0,
    "binary_benign_f1_mean": 0.9668674698795181,
    "binary_benign_f1_std": 0.0,
    "per_class_f1_mean": [
      0.9668674698795181,
      0.9671314741035857
    ],
    "per_class_f1_std": [
      0.0,
      0.0
    ],
    "per_class_f1_order": [
      "benign",
      "malware"
    ]
  }
}