{
  "timestamp": "20260513-100039",
  "args": {
    "data_root": "apk2img-ml-datasets/data/sdhash/image_rgba_hi",
    "model": "resnet18",
    "pretrained": false,
    "epochs": 100,
    "batch": 8,
    "lr": 0.0004361364919078332,
    "optimizer": "adamw",
    "weight_decay": 1e-06,
    "lr_scheduler": "none",
    "scheduler_step_size": 5,
    "scheduler_milestones": [
      10,
      20
    ],
    "scheduler_gamma": 0.1,
    "scheduler_exp_gamma": 0.95,
    "scheduler_patience": 2,
    "scheduler_t_max": null,
    "scheduler_eta_min": 0.0,
    "scheduler_t_0": null,
    "scheduler_t_mult": 1,
    "scheduler_pct_start": 0.3,
    "scheduler_div_factor": 25.0,
    "scheduler_final_div_factor": 10000.0,
    "workers": 4,
    "in_ch": 1,
    "resize": "256,256",
    "seed": 3407,
    "runs": 1,
    "log_dir": "/home/IM25D009/git_workspace/results/rgba_hi/cnn_optuna_no/20260513-064021/best_eval",
    "early_stopping_patience": 3,
    "early_stopping_min_delta": 0.0,
    "restore_best": true
  },
  "device": "cuda",
  "runs": [
    {
      "run": 1,
      "seed": 3407,
      "epochs": 100,
      "train_loss_per_epoch": [
        0.4001084132120013,
        0.23870310710184275,
        0.18997171692410483,
        0.16335111500998029,
        0.1437014284352772,
        0.1271141527502914,
        0.11828685457317624,
        0.10541105584223988,
        0.09620283292370732,
        0.09038335072045448,
        0.07955904242509859,
        0.07263550706992829,
        0.061353196824002226,
        0.05497274721931172
      ],
      "val_acc_per_epoch": [
        0.8975,
        0.8745,
        0.9355,
        0.9175,
        0.943,
        0.948,
        0.931,
        0.919,
        0.95,
        0.913,
        0.955,
        0.944,
        0.947,
        0.9385
      ],
      "lr_per_epoch": [
        0.0004361364919078332,
        0.0004361364919078332,
        0.0004361364919078332,
        0.0004361364919078332,
        0.0004361364919078332,
        0.0004361364919078332,
        0.0004361364919078332,
        0.0004361364919078332,
        0.0004361364919078332,
        0.0004361364919078332,
        0.0004361364919078332,
        0.0004361364919078332,
        0.0004361364919078332,
        0.0004361364919078332
      ],
      "best_val_acc": 0.955,
      "best_epoch": 11,
      "epochs_completed": 14,
      "early_stopped": true,
      "stopped_epoch": 14,
      "test_acc": 0.9615,
      "test_f1": {
        "macro": 0.961492982095987,
        "micro": 0.9615,
        "weighted": 0.9614929820959869,
        "binary_malware": 0.9609731373542828,
        "binary_benign": 0.9620128268376912,
        "per_class": {
          "benign": 0.9620128268376912,
          "malware": 0.9609731373542828
        }
      },
      "test_macro_f1": 0.961492982095987,
      "classification_report": "              precision    recall  f1-score   support\n\n      benign     0.9494    0.9750    0.9620      1000\n     malware     0.9743    0.9480    0.9610      1000\n\n    accuracy                         0.9615      2000\n   macro avg     0.9618    0.9615    0.9615      2000\nweighted avg     0.9618    0.9615    0.9615      2000\n",
      "confusion_matrix": [
        [
          975,
          25
        ],
        [
          52,
          948
        ]
      ],
      "class_to_idx": {
        "benign": 0,
        "malware": 1
      },
      "label_order": {
        "benign": 0,
        "malware": 1
      }
    }
  ],
  "summary": {
    "test_acc_mean": 0.9615,
    "test_acc_std": 0.0,
    "macro_f1_mean": 0.961492982095987,
    "macro_f1_std": 0.0,
    "micro_f1_mean": 0.9615,
    "micro_f1_std": 0.0,
    "weighted_f1_mean": 0.9614929820959869,
    "weighted_f1_std": 0.0,
    "binary_malware_f1_mean": 0.9609731373542828,
    "binary_malware_f1_std": 0.0,
    "binary_benign_f1_mean": 0.9620128268376912,
    "binary_benign_f1_std": 0.0,
    "per_class_f1_mean": [
      0.9620128268376912,
      0.9609731373542828
    ],
    "per_class_f1_std": [
      0.0,
      0.0
    ],
    "per_class_f1_order": [
      "benign",
      "malware"
    ]
  }
}