{
  "timestamp": "20260412-030511",
  "args": {
    "data_root": "/mnt/nas/RB2023/image_rgb_hb",
    "model": "efficientnet_v2_s",
    "epochs": 15,
    "batch": 32,
    "workers": 4,
    "in_ch": 1,
    "resize": "256,256",
    "seed": 3407,
    "runs": 5,
    "log_dir": "../new_result/image_rgb_hb"
  },
  "device": "cuda",
  "runs": [
    {
      "run": 1,
      "seed": 3407,
      "epochs": 15,
      "train_loss_per_epoch": [
        0.3608438282608986,
        0.21209387588500977,
        0.14392182902619244,
        0.10825686979293823,
        0.07364792778808624,
        0.04866484816139564,
        0.039150785458739845,
        0.03566438119113445,
        0.03378650959371589,
        0.01568584087555064,
        0.02472990016566473,
        0.0192113406494027,
        0.02155049591057468,
        0.029730024408665484,
        0.02023397920653224
      ],
      "val_acc_per_epoch": [
        0.8655,
        0.9145,
        0.932,
        0.933,
        0.939,
        0.9445,
        0.938,
        0.9175,
        0.944,
        0.9445,
        0.9435,
        0.9405,
        0.945,
        0.936,
        0.9435
      ],
      "lr_per_epoch": [
        0.0001,
        0.0001,
        0.0001,
        0.0001,
        0.0001,
        0.0001,
        0.0001,
        0.0001,
        0.0001,
        0.0001,
        0.0001,
        0.0001,
        0.0001,
        0.0001,
        0.0001
      ],
      "best_val_acc": 0.945,
      "test_acc": 0.962,
      "test_f1": {
        "macro": 0.9619993919902718,
        "micro": 0.962,
        "weighted": 0.9619993919902717,
        "binary_malware": 0.9618473895582329,
        "binary_benign": 0.9621513944223108,
        "per_class": {
          "benign": 0.9621513944223108,
          "malware": 0.9618473895582329
        }
      },
      "test_macro_f1": 0.9619993919902718,
      "classification_report": "              precision    recall  f1-score   support\n\n      benign     0.9583    0.9660    0.9622      1000\n     malware     0.9657    0.9580    0.9618      1000\n\n    accuracy                         0.9620      2000\n   macro avg     0.9620    0.9620    0.9620      2000\nweighted avg     0.9620    0.9620    0.9620      2000\n",
      "confusion_matrix": [
        [
          966,
          34
        ],
        [
          42,
          958
        ]
      ],
      "class_to_idx": {
        "benign": 0,
        "malware": 1
      },
      "label_order": {
        "benign": 0,
        "malware": 1
      }
    },
    {
      "run": 2,
      "seed": 3408,
      "epochs": 15,
      "train_loss_per_epoch": [
        0.3589150021672249,
        0.2166968562155962,
        0.15244639705121518,
        0.10475269896164537,
        0.0830806080866605,
        0.051508526749908926,
        0.03889210157841444,
        0.03786456718738191,
        0.03498774030804634,
        0.025909520907327534,
        0.022700106021831742,
        0.016033978793711868,
        0.012532123071694514,
        0.012400456554692936,
        0.019524280466415803
      ],
      "val_acc_per_epoch": [
        0.906,
        0.8925,
        0.941,
        0.9505,
        0.948,
        0.941,
        0.949,
        0.951,
        0.958,
        0.948,
        0.9555,
        0.9545,
        0.9475,
        0.954,
        0.9365
      ],
      "lr_per_epoch": [
        0.0001,
        0.0001,
        0.0001,
        0.0001,
        0.0001,
        0.0001,
        0.0001,
        0.0001,
        0.0001,
        0.0001,
        0.0001,
        0.0001,
        0.0001,
        0.0001,
        0.0001
      ],
      "best_val_acc": 0.958,
      "test_acc": 0.9455,
      "test_f1": {
        "macro": 0.9454587531820939,
        "micro": 0.9455,
        "weighted": 0.9454587531820939,
        "binary_malware": 0.9469586374695864,
        "binary_benign": 0.9439588688946016,
        "per_class": {
          "benign": 0.9439588688946016,
          "malware": 0.9469586374695864
        }
      },
      "test_macro_f1": 0.9454587531820939,
      "classification_report": "              precision    recall  f1-score   support\n\n      benign     0.9714    0.9180    0.9440      1000\n     malware     0.9223    0.9730    0.9470      1000\n\n    accuracy                         0.9455      2000\n   macro avg     0.9469    0.9455    0.9455      2000\nweighted avg     0.9469    0.9455    0.9455      2000\n",
      "confusion_matrix": [
        [
          918,
          82
        ],
        [
          27,
          973
        ]
      ],
      "class_to_idx": {
        "benign": 0,
        "malware": 1
      },
      "label_order": {
        "benign": 0,
        "malware": 1
      }
    },
    {
      "run": 3,
      "seed": 3409,
      "epochs": 15,
      "train_loss_per_epoch": [
        0.3560340260267258,
        0.21329946380853654,
        0.13777896532416345,
        0.10482809352502227,
        0.07512675153184682,
        0.05851288436725736,
        0.03531194105464965,
        0.03308329487068113,
        0.03734697164408863,
        0.021123021517298186,
        0.029424590031267142,
        0.019077253952389583,
        0.017891556821821725,
        0.01897496027784655,
        0.019865161485329737
      ],
      "val_acc_per_epoch": [
        0.897,
        0.9275,
        0.9345,
        0.9425,
        0.942,
        0.934,
        0.948,
        0.935,
        0.935,
        0.943,
        0.9475,
        0.944,
        0.9445,
        0.9535,
        0.9445
      ],
      "lr_per_epoch": [
        0.0001,
        0.0001,
        0.0001,
        0.0001,
        0.0001,
        0.0001,
        0.0001,
        0.0001,
        0.0001,
        0.0001,
        0.0001,
        0.0001,
        0.0001,
        0.0001,
        0.0001
      ],
      "best_val_acc": 0.9535,
      "test_acc": 0.952,
      "test_f1": {
        "macro": 0.9519623384733631,
        "micro": 0.952,
        "weighted": 0.9519623384733632,
        "binary_malware": 0.9506172839506173,
        "binary_benign": 0.953307392996109,
        "per_class": {
          "benign": 0.953307392996109,
          "malware": 0.9506172839506173
        }
      },
      "test_macro_f1": 0.9519623384733631,
      "classification_report": "              precision    recall  f1-score   support\n\n      benign     0.9280    0.9800    0.9533      1000\n     malware     0.9788    0.9240    0.9506      1000\n\n    accuracy                         0.9520      2000\n   macro avg     0.9534    0.9520    0.9520      2000\nweighted avg     0.9534    0.9520    0.9520      2000\n",
      "confusion_matrix": [
        [
          980,
          20
        ],
        [
          76,
          924
        ]
      ],
      "class_to_idx": {
        "benign": 0,
        "malware": 1
      },
      "label_order": {
        "benign": 0,
        "malware": 1
      }
    },
    {
      "run": 4,
      "seed": 3410,
      "epochs": 15,
      "train_loss_per_epoch": [
        0.35352782052755355,
        0.22155952690541744,
        0.1565883947312832,
        0.10365266659483313,
        0.0695323023982346,
        0.05865964380092919,
        0.03872277184948325,
        0.03541263644117862,
        0.027714720167568884,
        0.028540062232292256,
        0.02736301360046491,
        0.023063031582394616,
        0.015934512106119656,
        0.02029587821220048,
        0.014480336963082664
      ],
      "val_acc_per_epoch": [
        0.8785,
        0.879,
        0.9255,
        0.929,
        0.937,
        0.945,
        0.9255,
        0.926,
        0.936,
        0.942,
        0.9505,
        0.939,
        0.949,
        0.952,
        0.948
      ],
      "lr_per_epoch": [
        0.0001,
        0.0001,
        0.0001,
        0.0001,
        0.0001,
        0.0001,
        0.0001,
        0.0001,
        0.0001,
        0.0001,
        0.0001,
        0.0001,
        0.0001,
        0.0001,
        0.0001
      ],
      "best_val_acc": 0.952,
      "test_acc": 0.957,