{
  "timestamp": "20260411-011825",
  "args": {
    "data_root": "/mnt/nas/RB2023/image_rgb_hb",
    "model": "resnet101",
    "epochs": 15,
    "batch": 32,
    "workers": 4,
    "in_ch": 1,
    "resize": "256,256",
    "seed": 3407,
    "runs": 5,
    "log_dir": "../new_result/image_rgb_hb"
  },
  "device": "cuda",
  "runs": [
    {
      "run": 1,
      "seed": 3407,
      "epochs": 15,
      "train_loss_per_epoch": [
        0.3400824202299118,
        0.19158992472290992,
        0.13742375129461287,
        0.0953592709004879,
        0.06617567953187972,
        0.04623544706380926,
        0.04006508338591084,
        0.031237377207842656,
        0.026638274054741486,
        0.014309135764924576,
        0.01652037090981321,
        0.020620160353486426,
        0.01980309872055659,
        0.019185965246229897,
        0.014110241475893417
      ],
      "val_acc_per_epoch": [
        0.885,
        0.9205,
        0.9145,
        0.9255,
        0.924,
        0.934,
        0.943,
        0.915,
        0.921,
        0.9265,
        0.9285,
        0.936,
        0.937,
        0.9365,
        0.9375
      ],
      "lr_per_epoch": [
        0.0001,
        0.0001,
        0.0001,
        0.0001,
        0.0001,
        0.0001,
        0.0001,
        0.0001,
        0.0001,
        0.0001,
        0.0001,
        0.0001,
        0.0001,
        0.0001,
        0.0001
      ],
      "best_val_acc": 0.943,
      "test_acc": 0.943,
      "test_f1": {
        "macro": 0.942994299429943,
        "micro": 0.943,
        "weighted": 0.9429942994299428,
        "binary_malware": 0.9424242424242424,
        "binary_benign": 0.9435643564356435,
        "per_class": {
          "benign": 0.9435643564356435,
          "malware": 0.9424242424242424
        }
      },
      "test_macro_f1": 0.942994299429943,
      "classification_report": "              precision    recall  f1-score   support\n\n      benign     0.9343    0.9530    0.9436      1000\n     malware     0.9520    0.9330    0.9424      1000\n\n    accuracy                         0.9430      2000\n   macro avg     0.9432    0.9430    0.9430      2000\nweighted avg     0.9432    0.9430    0.9430      2000\n",
      "confusion_matrix": [
        [
          953,
          47
        ],
        [
          67,
          933
        ]
      ],
      "class_to_idx": {
        "benign": 0,
        "malware": 1
      },
      "label_order": {
        "benign": 0,
        "malware": 1
      }
    },
    {
      "run": 2,
      "seed": 3408,
      "epochs": 15,
      "train_loss_per_epoch": [
        0.3471570064127445,
        0.21035416381061078,
        0.1357810342013836,
        0.10186718353070319,
        0.06190393120143563,
        0.042913094555260614,
        0.05787770041869953,
        0.03652078945736866,
        0.01924959846504498,
        0.018231189863116014,
        0.01912639700510772,
        0.03217757633631118,
        0.019080081797146705,
        0.017558164018322713,
        0.009934859866472833
      ],
      "val_acc_per_epoch": [
        0.878,
        0.9,
        0.93,
        0.917,
        0.8665,
        0.9205,
        0.94,
        0.936,
        0.928,
        0.937,
        0.928,
        0.938,
        0.928,
        0.925,
        0.9465
      ],
      "lr_per_epoch": [
        0.0001,
        0.0001,
        0.0001,
        0.0001,
        0.0001,
        0.0001,
        0.0001,
        0.0001,
        0.0001,
        0.0001,
        0.0001,
        0.0001,
        0.0001,
        0.0001,
        0.0001
      ],
      "best_val_acc": 0.9465,
      "test_acc": 0.9475,
      "test_f1": {
        "macro": 0.9474800292811342,
        "micro": 0.9475,
        "weighted": 0.9474800292811342,
        "binary_malware": 0.9464558898521163,
        "binary_benign": 0.9485041687101521,
        "per_class": {
          "benign": 0.9485041687101521,
          "malware": 0.9464558898521163
        }
      },
      "test_macro_f1": 0.9474800292811342,
      "classification_report": "              precision    recall  f1-score   support\n\n      benign     0.9307    0.9670    0.9485      1000\n     malware     0.9657    0.9280    0.9465      1000\n\n    accuracy                         0.9475      2000\n   macro avg     0.9482    0.9475    0.9475      2000\nweighted avg     0.9482    0.9475    0.9475      2000\n",
      "confusion_matrix": [
        [
          967,
          33
        ],
        [
          72,
          928
        ]
      ],
      "class_to_idx": {
        "benign": 0,
        "malware": 1
      },
      "label_order": {
        "benign": 0,
        "malware": 1
      }
    },
    {
      "run": 3,
      "seed": 3409,
      "epochs": 15,
      "train_loss_per_epoch": [
        0.35154280975461005,
        0.215801036298275,
        0.14529286451637746,
        0.09671759090386331,
        0.06515135614108294,
        0.05081853702105582,
        0.036333810952724886,
        0.03539532654825598,
        0.029237183107994495,
        0.016825217148754745,
        0.01745007261313731,
        0.009981068400287767,
        0.020495288919715676,
        0.012571796708696637,
        0.013372599629481556
      ],
      "val_acc_per_epoch": [
        0.8805,
        0.908,
        0.9305,
        0.9165,
        0.937,
        0.9355,
        0.9465,
        0.921,
        0.939,
        0.9435,
        0.94,
        0.938,
        0.9235,
        0.946,
        0.924
      ],
      "lr_per_epoch": [
        0.0001,
        0.0001,
        0.0001,
        0.0001,
        0.0001,
        0.0001,
        0.0001,
        0.0001,
        0.0001,
        0.0001,
        0.0001,
        0.0001,
        0.0001,
        0.0001,
        0.0001
      ],
      "best_val_acc": 0.9465,
      "test_acc": 0.929,
      "test_f1": {
        "macro": 0.928912918324948,
        "micro": 0.929,
        "weighted": 0.9289129183249482,
        "binary_malware": 0.9314009661835749,
        "binary_benign": 0.9264248704663213,
        "per_class": {
          "benign": 0.9264248704663213,
          "malware": 0.9314009661835749
        }
      },
      "test_macro_f1": 0.928912918324948,
      "classification_report": "              precision    recall  f1-score   support\n\n      benign     0.9613    0.8940    0.9264      1000\n     malware     0.9009    0.9640    0.9314      1000\n\n    accuracy                         0.9290      2000\n   macro avg     0.9311    0.9290    0.9289      2000\nweighted avg     0.9311    0.9290    0.9289      2000\n",
      "confusion_matrix": [
        [
          894,
          106
        ],
        [
          36,
          964
        ]
      ],
      "class_to_idx": {
        "benign": 0,
        "malware": 1
      },
      "label_order": {
        "benign": 0,
        "malware": 1
      }
    },
    {
      "run": 4,
      "seed": 3410,
      "epochs": 15,
      "train_loss_per_epoch": [
        0.34552630937099454,
        0.21420996333658696,
        0.14491017657518387,
        0.09157736174762249,
        0.06275451326277107,
        0.06193740391824394,
        0.03434746978001203,
        0.02232361484563444,
        0.02462892259241198,
        0.011540143325924873,
        0.020257901863311417,
        0.029155148103367536,
        0.00848188776508323,
        0.02148195261336514,
        0.023072318450314926
      ],
      "val_acc_per_epoch": [
        0.891,
        0.9155,
        0.8865,
        0.917,
        0.8975,
        0.9355,
        0.925,
        0.951,
        0.949,
        0.9435,
        0.9445,
        0.941,
        0.9485,
        0.9455,
        0.95
      ],
      "lr_per_epoch": [
        0.0001,
        0.0001,
        0.0001,
        0.0001,
        0.0001,
        0.0001,
        0.0001,
        0.0001,
        0.0001,
        0.0001,
        0.0001,
        0.0001,
        0.0001,
        0.0001,
        0.0001
      ],
      "best_val_acc": 0.951,
      "test_acc": 0.959,