{
  "timestamp": "20260413-213217",
  "args": {
    "data_root": "/mnt/nas/RB2023/image_rgb_hi",
    "model": "efficientnet_b2",
    "epochs": 15,
    "batch": 32,
    "workers": 4,
    "in_ch": 1,
    "resize": "256,256",
    "seed": 3407,
    "runs": 5,
    "log_dir": "../new_result/image_rgb_hi"
  },
  "device": "cuda",
  "runs": [
    {
      "run": 1,
      "seed": 3407,
      "epochs": 15,
      "train_loss_per_epoch": [
        0.3470427006781101,
        0.19442582221329213,
        0.14568387222290038,
        0.11855320739746093,
        0.09106421380490065,
        0.06360654604062438,
        0.05884716475568712,
        0.044244743381161244,
        0.036595007104799154,
        0.031144037661142647,
        0.029714728521881624,
        0.019899861892336047,
        0.020445517746324186,
        0.022674634859140497,
        0.022774868527485524
      ],
      "val_acc_per_epoch": [
        0.9035,
        0.916,
        0.9355,
        0.928,
        0.9425,
        0.939,
        0.9345,
        0.9355,
        0.9375,
        0.934,
        0.941,
        0.942,
        0.948,
        0.94,
        0.9435
      ],
      "lr_per_epoch": [
        0.0001,
        0.0001,
        0.0001,
        0.0001,
        0.0001,
        0.0001,
        0.0001,
        0.0001,
        0.0001,
        0.0001,
        0.0001,
        0.0001,
        0.0001,
        0.0001,
        0.0001
      ],
      "best_val_acc": 0.948,
      "test_acc": 0.9485,
      "test_f1": {
        "macro": 0.9484859753067773,
        "micro": 0.9485,
        "weighted": 0.9484859753067771,
        "binary_malware": 0.9476359938993391,
        "binary_benign": 0.9493359567142154,
        "per_class": {
          "benign": 0.9493359567142154,
          "malware": 0.9476359938993391
        }
      },
      "test_macro_f1": 0.9484859753067773,
      "classification_report": "              precision    recall  f1-score   support\n\n      benign     0.9342    0.9650    0.9493      1000\n     malware     0.9638    0.9320    0.9476      1000\n\n    accuracy                         0.9485      2000\n   macro avg     0.9490    0.9485    0.9485      2000\nweighted avg     0.9490    0.9485    0.9485      2000\n",
      "confusion_matrix": [
        [
          965,
          35
        ],
        [
          68,
          932
        ]
      ],
      "class_to_idx": {
        "benign": 0,
        "malware": 1
      },
      "label_order": {
        "benign": 0,
        "malware": 1
      }
    },
    {
      "run": 2,
      "seed": 3408,
      "epochs": 15,
      "train_loss_per_epoch": [
        0.35857329532504084,
        0.21256517896056176,
        0.1619740004837513,
        0.12292755749076605,
        0.09757446358725429,
        0.0659199748672545,
        0.05893486568145454,
        0.047821573716588316,
        0.031669718499470034,
        0.028886297310935335,
        0.028167214369866998,
        0.022354045619023964,
        0.01899007692275336,
        0.01883917056082282,
        0.01738077774361591
      ],
      "val_acc_per_epoch": [
        0.921,
        0.904,
        0.9395,
        0.9485,
        0.9365,
        0.9515,
        0.949,
        0.955,
        0.9465,
        0.953,
        0.946,
        0.954,
        0.9545,
        0.958,
        0.9585
      ],
      "lr_per_epoch": [
        0.0001,
        0.0001,
        0.0001,
        0.0001,
        0.0001,
        0.0001,
        0.0001,
        0.0001,
        0.0001,
        0.0001,
        0.0001,
        0.0001,
        0.0001,
        0.0001,
        0.0001
      ],
      "best_val_acc": 0.9585,
      "test_acc": 0.9535,
      "test_f1": {
        "macro": 0.9534840799263549,
        "micro": 0.9535,
        "weighted": 0.9534840799263548,
        "binary_malware": 0.9543446244477173,
        "binary_benign": 0.9526235354049923,
        "per_class": {
          "benign": 0.9526235354049923,
          "malware": 0.9543446244477173
        }
      },
      "test_macro_f1": 0.9534840799263549,
      "classification_report": "              precision    recall  f1-score   support\n\n      benign     0.9709    0.9350    0.9526      1000\n     malware     0.9373    0.9720    0.9543      1000\n\n    accuracy                         0.9535      2000\n   macro avg     0.9541    0.9535    0.9535      2000\nweighted avg     0.9541    0.9535    0.9535      2000\n",
      "confusion_matrix": [
        [
          935,
          65
        ],
        [
          28,
          972
        ]
      ],
      "class_to_idx": {
        "benign": 0,
        "malware": 1
      },
      "label_order": {
        "benign": 0,
        "malware": 1
      }
    },
    {
      "run": 3,
      "seed": 3409,
      "epochs": 15,
      "train_loss_per_epoch": [
        0.3393916057050228,
        0.20654056414961816,
        0.14956883576512336,
        0.11730253882333637,
        0.08522974814847112,
        0.06042612870875746,
        0.053568567525595426,
        0.04017422774573788,
        0.036224448824767025,
        0.02228563680499792,
        0.027074268459458834,
        0.02830129541561473,
        0.018169403899781174,
        0.01995454361877637,
        0.01193930622676271
      ],
      "val_acc_per_epoch": [
        0.915,
        0.935,
        0.939,
        0.94,
        0.9395,
        0.94,
        0.945,
        0.9405,
        0.9345,
        0.947,
        0.9415,
        0.9465,
        0.944,
        0.949,
        0.9465
      ],
      "lr_per_epoch": [
        0.0001,
        0.0001,
        0.0001,
        0.0001,
        0.0001,
        0.0001,
        0.0001,
        0.0001,
        0.0001,
        0.0001,
        0.0001,
        0.0001,
        0.0001,
        0.0001,
        0.0001
      ],
      "best_val_acc": 0.949,
      "test_acc": 0.964,
      "test_f1": {
        "macro": 0.9639976958525346,
        "micro": 0.964,
        "weighted": 0.9639976958525347,
        "binary_malware": 0.9637096774193549,
        "binary_benign": 0.9642857142857143,
        "per_class": {
          "benign": 0.9642857142857143,
          "malware": 0.9637096774193549
        }
      },
      "test_macro_f1": 0.9639976958525346,
      "classification_report": "              precision    recall  f1-score   support\n\n      benign     0.9567    0.9720    0.9643      1000\n     malware     0.9715    0.9560    0.9637      1000\n\n    accuracy                         0.9640      2000\n   macro avg     0.9641    0.9640    0.9640      2000\nweighted avg     0.9641    0.9640    0.9640      2000\n",
      "confusion_matrix": [
        [
          972,
          28
        ],
        [
          44,
          956
        ]
      ],
      "class_to_idx": {
        "benign": 0,
        "malware": 1
      },
      "label_order": {
        "benign": 0,
        "malware": 1
      }
    },
    {
      "run": 4,
      "seed": 3410,
      "epochs": 15,
      "train_loss_per_epoch": [
        0.340348363250494,
        0.20366550678014755,
        0.15728623397648334,
        0.11326715054363012,
        0.0859292575493455,
        0.07038041935767979,
        0.0548128750808537,
        0.038921966459602116,
        0.039990559440106155,
        0.033015412123641,
        0.02623043489147676,
        0.022034957890864463,
        0.017212532416800968,
        0.014999352903512772,
        0.016775220627168894
      ],
      "val_acc_per_epoch": [
        0.9045,
        0.9105,
        0.9275,
        0.9375,
        0.936,
        0.9455,
        0.9415,
        0.936,
        0.9315,
        0.933,
        0.937,
        0.943,
        0.94,
        0.942,
        0.9445
      ],
      "lr_per_epoch": [
        0.0001,
        0.0001,
        0.0001,
        0.0001,
        0.0001,
        0.0001,
        0.0001,
        0.0001,
        0.0001,
        0.0001,
        0.0001,
        0.0001,
        0.0001,
        0.0001,
        0.0001
      ],
      "best_val_acc": 0.9455,
      "test_acc": 0.949,