{
  "timestamp": "20260409-002843",
  "args": {
    "data_root": "/mnt/nas/RB2023/image_glay",
    "model": "resnet101",
    "epochs": 15,
    "batch": 32,
    "workers": 4,
    "in_ch": 1,
    "resize": "256,256",
    "seed": 3407,
    "runs": 5,
    "log_dir": "../new_result/img_gray"
  },
  "device": "cuda",
  "runs": [
    {
      "run": 1,
      "seed": 3407,
      "epochs": 15,
      "train_loss_per_epoch": [
        0.3215981652438641,
        0.18612453587353228,
        0.12278659334778785,
        0.07787231589108705,
        0.053027958117425444,
        0.04231552379904315,
        0.021862803091760724,
        0.02541764241666533,
        0.01603835272832657,
        0.0061185115575208325,
        0.02610562817833852,
        0.01811209816072369,
        0.015133339257488842,
        0.015302338658213557,
        0.007985222825838719
      ],
      "val_acc_per_epoch": [
        0.8635,
        0.911,
        0.9265,
        0.9295,
        0.9125,
        0.9275,
        0.9345,
        0.935,
        0.94,
        0.9205,
        0.94,
        0.9405,
        0.946,
        0.9475,
        0.9405
      ],
      "lr_per_epoch": [
        0.0001,
        0.0001,
        0.0001,
        0.0001,
        0.0001,
        0.0001,
        0.0001,
        0.0001,
        0.0001,
        0.0001,
        0.0001,
        0.0001,
        0.0001,
        0.0001,
        0.0001
      ],
      "best_val_acc": 0.9475,
      "test_acc": 0.942,
      "test_f1": {
        "macro": 0.9419442083842573,
        "micro": 0.942,
        "weighted": 0.9419442083842573,
        "binary_malware": 0.9437439379243453,
        "binary_benign": 0.9401444788441693,
        "per_class": {
          "benign": 0.9401444788441693,
          "malware": 0.9437439379243453
        }
      },
      "test_macro_f1": 0.9419442083842573,
      "classification_report": "              precision    recall  f1-score   support\n\n      benign     0.9712    0.9110    0.9401      1000\n     malware     0.9162    0.9730    0.9437      1000\n\n    accuracy                         0.9420      2000\n   macro avg     0.9437    0.9420    0.9419      2000\nweighted avg     0.9437    0.9420    0.9419      2000\n",
      "confusion_matrix": [
        [
          911,
          89
        ],
        [
          27,
          973
        ]
      ],
      "class_to_idx": {
        "benign": 0,
        "malware": 1
      },
      "label_order": {
        "benign": 0,
        "malware": 1
      }
    },
    {
      "run": 2,
      "seed": 3408,
      "epochs": 15,
      "train_loss_per_epoch": [
        0.3204833590686321,
        0.18719541969895362,
        0.11903658224642277,
        0.07837891994416714,
        0.06146564923040569,
        0.03853189953276887,
        0.02736728647199925,
        0.022351365955197253,
        0.015801360274635953,
        0.018033603833668168,
        0.015460097991628572,
        0.02067975624956307,
        0.014698140192136635,
        0.012716875851314398,
        0.010820711594918975
      ],
      "val_acc_per_epoch": [
        0.9095,
        0.915,
        0.9055,
        0.9365,
        0.937,
        0.9475,
        0.945,
        0.9425,
        0.948,
        0.932,
        0.9555,
        0.9375,
        0.9405,
        0.95,
        0.949
      ],
      "lr_per_epoch": [
        0.0001,
        0.0001,
        0.0001,
        0.0001,
        0.0001,
        0.0001,
        0.0001,
        0.0001,
        0.0001,
        0.0001,
        0.0001,
        0.0001,
        0.0001,
        0.0001,
        0.0001
      ],
      "best_val_acc": 0.9555,
      "test_acc": 0.9505,
      "test_f1": {
        "macro": 0.9504964233665882,
        "micro": 0.9505,
        "weighted": 0.9504964233665882,
        "binary_malware": 0.9500756429652042,
        "binary_benign": 0.9509172037679723,
        "per_class": {
          "benign": 0.9509172037679723,
          "malware": 0.9500756429652042
        }
      },
      "test_macro_f1": 0.9504964233665882,
      "classification_report": "              precision    recall  f1-score   support\n\n      benign     0.9430    0.9590    0.9509      1000\n     malware     0.9583    0.9420    0.9501      1000\n\n    accuracy                         0.9505      2000\n   macro avg     0.9506    0.9505    0.9505      2000\nweighted avg     0.9506    0.9505    0.9505      2000\n",
      "confusion_matrix": [
        [
          959,
          41
        ],
        [
          58,
          942
        ]
      ],
      "class_to_idx": {
        "benign": 0,
        "malware": 1
      },
      "label_order": {
        "benign": 0,
        "malware": 1
      }
    },
    {
      "run": 3,
      "seed": 3409,
      "epochs": 15,
      "train_loss_per_epoch": [
        0.315974479585886,
        0.19542942510545253,
        0.11467991625145078,
        0.07128868885710836,
        0.04507127016037703,
        0.04111171385878697,
        0.02663327171606943,
        0.012142482267227023,
        0.021372988103161333,
        0.021339471632381903,
        0.02174374763254309,
        0.008212129341969557,
        0.021428328852562118,
        0.008795197194885987,
        0.016683416123880305
      ],
      "val_acc_per_epoch": [
        0.884,
        0.929,
        0.922,
        0.899,
        0.946,
        0.927,
        0.951,
        0.949,
        0.9395,
        0.9095,
        0.9345,
        0.949,
        0.9375,
        0.8665,
        0.9515
      ],
      "lr_per_epoch": [
        0.0001,
        0.0001,
        0.0001,
        0.0001,
        0.0001,
        0.0001,
        0.0001,
        0.0001,
        0.0001,
        0.0001,
        0.0001,
        0.0001,
        0.0001,
        0.0001,
        0.0001
      ],
      "best_val_acc": 0.9515,
      "test_acc": 0.9565,
      "test_f1": {
        "macro": 0.9564968568979109,
        "micro": 0.9565,
        "weighted": 0.9564968568979109,
        "binary_malware": 0.9568666336142786,
        "binary_benign": 0.9561270801815431,
        "per_class": {
          "benign": 0.9561270801815431,
          "malware": 0.9568666336142786
        }
      },
      "test_macro_f1": 0.9564968568979109,
      "classification_report": "              precision    recall  f1-score   support\n\n      benign     0.9644    0.9480    0.9561      1000\n     malware     0.9489    0.9650    0.9569      1000\n\n    accuracy                         0.9565      2000\n   macro avg     0.9566    0.9565    0.9565      2000\nweighted avg     0.9566    0.9565    0.9565      2000\n",
      "confusion_matrix": [
        [
          948,
          52
        ],
        [
          35,
          965
        ]
      ],
      "class_to_idx": {
        "benign": 0,
        "malware": 1
      },
      "label_order": {
        "benign": 0,
        "malware": 1
      }
    },
    {
      "run": 4,
      "seed": 3410,
      "epochs": 15,
      "train_loss_per_epoch": [
        0.30571019858121873,
        0.16911763647198677,
        0.12010706702619792,
        0.07627371906116605,
        0.05689699386805296,
        0.028175367856398226,
        0.024815119910053907,
        0.021217187714530156,
        0.02339478702575434,
        0.01604837191628758,
        0.013669589989935048,
        0.01237848582721199,
        0.005174228580683121,
        0.018534669363099967,
        0.012004299862950575
      ],
      "val_acc_per_epoch": [
        0.915,
        0.91,
        0.9305,
        0.939,
        0.9475,
        0.946,
        0.9445,
        0.9395,
        0.9485,
        0.936,
        0.9525,
        0.9435,
        0.946,
        0.9505,
        0.931
      ],
      "lr_per_epoch": [
        0.0001,
        0.0001,
        0.0001,
        0.0001,
        0.0001,
        0.0001,
        0.0001,
        0.0001,
        0.0001,
        0.0001,
        0.0001,
        0.0001,
        0.0001,
        0.0001,
        0.0001
      ],
      "best_val_acc": 0.9525,
      "test_acc": 0.9425,