{
  "timestamp": "20260509-231239",
  "args": {
    "data_root": "apk2img-ml-datasets/data/sdhash/image_rgb_hb",
    "model": "resnet152",
    "pretrained": false,
    "epochs": 100,
    "batch": 8,
    "lr": 0.0003519506613564088,
    "optimizer": "adamw",
    "weight_decay": 1e-06,
    "lr_scheduler": "none",
    "scheduler_step_size": 5,
    "scheduler_milestones": [
      10,
      20
    ],
    "scheduler_gamma": 0.1,
    "scheduler_exp_gamma": 0.95,
    "scheduler_patience": 2,
    "scheduler_t_max": null,
    "scheduler_eta_min": 0.0,
    "scheduler_t_0": null,
    "scheduler_t_mult": 1,
    "scheduler_pct_start": 0.3,
    "scheduler_div_factor": 25.0,
    "scheduler_final_div_factor": 10000.0,
    "workers": 4,
    "in_ch": 1,
    "resize": "256,256",
    "seed": 3407,
    "runs": 1,
    "log_dir": "/home/IM25D009/git_workspace/results/rgb_hb/cnn_optuna_no/20260509-111139/best_eval",
    "early_stopping_patience": 3,
    "early_stopping_min_delta": 0.0,
    "restore_best": true
  },
  "device": "cuda",
  "runs": [
    {
      "run": 1,
      "seed": 3407,
      "epochs": 100,
      "train_loss_per_epoch": [
        0.573400994502008,
        0.4047334644906223,
        0.28739792747050524,
        0.24600871895998716,
        0.20458192629227415,
        0.19583003080100753,
        0.17925017973128707,
        0.15903505487460642,
        0.14929966500017328,
        0.157650598947308,
        0.13471948406542653,
        0.11914959121088031,
        0.11587005262670573,
        0.1083685520828003,
        0.11254007268353598,
        0.10152255937660812
      ],
      "val_acc_per_epoch": [
        0.791,
        0.8855,
        0.831,
        0.8945,
        0.9245,
        0.9225,
        0.915,
        0.9445,
        0.9085,
        0.913,
        0.946,
        0.9405,
        0.9535,
        0.9505,
        0.935,
        0.9445
      ],
      "lr_per_epoch": [
        0.0003519506613564088,
        0.0003519506613564088,
        0.0003519506613564088,
        0.0003519506613564088,
        0.0003519506613564088,
        0.0003519506613564088,
        0.0003519506613564088,
        0.0003519506613564088,
        0.0003519506613564088,
        0.0003519506613564088,
        0.0003519506613564088,
        0.0003519506613564088,
        0.0003519506613564088,
        0.0003519506613564088,
        0.0003519506613564088,
        0.0003519506613564088
      ],
      "best_val_acc": 0.9535,
      "best_epoch": 13,
      "epochs_completed": 16,
      "early_stopped": true,
      "stopped_epoch": 16,
      "test_acc": 0.953,
      "test_f1": {
        "macro": 0.9529983079390858,
        "micro": 0.953,
        "weighted": 0.9529983079390859,
        "binary_malware": 0.9527162977867203,
        "binary_benign": 0.9532803180914513,
        "per_class": {
          "benign": 0.9532803180914513,
          "malware": 0.9527162977867203
        }
      },
      "test_macro_f1": 0.9529983079390858,
      "classification_report": "              precision    recall  f1-score   support\n\n      benign     0.9476    0.9590    0.9533      1000\n     malware     0.9585    0.9470    0.9527      1000\n\n    accuracy                         0.9530      2000\n   macro avg     0.9531    0.9530    0.9530      2000\nweighted avg     0.9531    0.9530    0.9530      2000\n",
      "confusion_matrix": [
        [
          959,
          41
        ],
        [
          53,
          947
        ]
      ],
      "class_to_idx": {
        "benign": 0,
        "malware": 1
      },
      "label_order": {
        "benign": 0,
        "malware": 1
      }
    }
  ],
  "summary": {
    "test_acc_mean": 0.953,
    "test_acc_std": 0.0,
    "macro_f1_mean": 0.9529983079390858,
    "macro_f1_std": 0.0,
    "micro_f1_mean": 0.953,
    "micro_f1_std": 0.0,
    "weighted_f1_mean": 0.9529983079390859,
    "weighted_f1_std": 0.0,
    "binary_malware_f1_mean": 0.9527162977867203,
    "binary_malware_f1_std": 0.0,
    "binary_benign_f1_mean": 0.9532803180914513,
    "binary_benign_f1_std": 0.0,
    "per_class_f1_mean": [
      0.9532803180914513,
      0.9527162977867203
    ],
    "per_class_f1_std": [
      0.0,
      0.0
    ],
    "per_class_f1_order": [
      "benign",
      "malware"
    ]
  }
}