{
  "timestamp": "20260508-081826",
  "args": {
    "data_root": "apk2img-ml-datasets/data/sdhash/image_gray",
    "model": "resnet101",
    "pretrained": false,
    "epochs": 100,
    "batch": 16,
    "lr": 0.00037817297363270974,
    "optimizer": "adamw",
    "weight_decay": 0.0,
    "lr_scheduler": "none",
    "scheduler_step_size": 5,
    "scheduler_milestones": [
      10,
      20
    ],
    "scheduler_gamma": 0.1,
    "scheduler_exp_gamma": 0.95,
    "scheduler_patience": 2,
    "scheduler_t_max": null,
    "scheduler_eta_min": 0.0,
    "scheduler_t_0": null,
    "scheduler_t_mult": 1,
    "scheduler_pct_start": 0.3,
    "scheduler_div_factor": 25.0,
    "scheduler_final_div_factor": 10000.0,
    "workers": 4,
    "in_ch": 1,
    "resize": "256,256",
    "seed": 3407,
    "runs": 1,
    "log_dir": "results/gray/optuna_cnn_resnet101_no/20260508-015824/best_eval",
    "early_stopping_patience": 3,
    "early_stopping_min_delta": 0.0,
    "restore_best": true
  },
  "device": "cuda",
  "runs": [
    {
      "run": 1,
      "seed": 3407,
      "epochs": 100,
      "train_loss_per_epoch": [
        0.4656666394472122,
        0.2349974761530757,
        0.1808395081050694,
        0.14947733539901673,
        0.13777994329528884,
        0.12779038883186877,
        0.12256786471419036,
        0.12124303268338553,
        0.1109172855517827
      ],
      "val_acc_per_epoch": [
        0.883,
        0.921,
        0.9195,
        0.93,
        0.8945,
        0.9495,
        0.933,
        0.9365,
        0.9415
      ],
      "lr_per_epoch": [
        0.00037817297363270974,
        0.00037817297363270974,
        0.00037817297363270974,
        0.00037817297363270974,
        0.00037817297363270974,
        0.00037817297363270974,
        0.00037817297363270974,
        0.00037817297363270974,
        0.00037817297363270974
      ],
      "best_val_acc": 0.9495,
      "best_epoch": 6,
      "epochs_completed": 9,
      "early_stopped": true,
      "stopped_epoch": 9,
      "test_acc": 0.9495,
      "test_f1": {
        "macro": 0.9494944317611016,
        "micro": 0.9495,
        "weighted": 0.9494944317611016,
        "binary_malware": 0.9500247402276101,
        "binary_benign": 0.9489641232945932,
        "per_class": {
          "benign": 0.9489641232945932,
          "malware": 0.9500247402276101
        }
      },
      "test_macro_f1": 0.9494944317611016,
      "classification_report": "              precision    recall  f1-score   support\n\n      benign     0.9591    0.9390    0.9490      1000\n     malware     0.9403    0.9600    0.9500      1000\n\n    accuracy                         0.9495      2000\n   macro avg     0.9497    0.9495    0.9495      2000\nweighted avg     0.9497    0.9495    0.9495      2000\n",
      "confusion_matrix": [
        [
          939,
          61
        ],
        [
          40,
          960
        ]
      ],
      "class_to_idx": {
        "benign": 0,
        "malware": 1
      },
      "label_order": {
        "benign": 0,
        "malware": 1
      }
    }
  ],
  "summary": {
    "test_acc_mean": 0.9495,
    "test_acc_std": 0.0,
    "macro_f1_mean": 0.9494944317611016,
    "macro_f1_std": 0.0,
    "micro_f1_mean": 0.9495,
    "micro_f1_std": 0.0,
    "weighted_f1_mean": 0.9494944317611016,
    "weighted_f1_std": 0.0,
    "binary_malware_f1_mean": 0.9500247402276101,
    "binary_malware_f1_std": 0.0,
    "binary_benign_f1_mean": 0.9489641232945932,
    "binary_benign_f1_std": 0.0,
    "per_class_f1_mean": [
      0.9489641232945932,
      0.9500247402276101
    ],
    "per_class_f1_std": [
      0.0,
      0.0
    ],
    "per_class_f1_order": [
      "benign",
      "malware"
    ]
  }
}