{
  "timestamp": "20260511-020225",
  "args": {
    "data_root": "apk2img-ml-datasets/data/sdhash/image_rgb_vb",
    "model": "resnet34",
    "pretrained": false,
    "epochs": 100,
    "batch": 8,
    "lr": 0.00013093930943366218,
    "optimizer": "adam",
    "weight_decay": 1e-06,
    "lr_scheduler": "none",
    "scheduler_step_size": 5,
    "scheduler_milestones": [
      10,
      20
    ],
    "scheduler_gamma": 0.1,
    "scheduler_exp_gamma": 0.95,
    "scheduler_patience": 2,
    "scheduler_t_max": null,
    "scheduler_eta_min": 0.0,
    "scheduler_t_0": null,
    "scheduler_t_mult": 1,
    "scheduler_pct_start": 0.3,
    "scheduler_div_factor": 25.0,
    "scheduler_final_div_factor": 10000.0,
    "workers": 4,
    "in_ch": 1,
    "resize": "256,256",
    "seed": 3407,
    "runs": 1,
    "log_dir": "/home/IM25D009/git_workspace/results/rgb_vb/cnn_optuna_no/20260510-215510/best_eval",
    "early_stopping_patience": 3,
    "early_stopping_min_delta": 0.0,
    "restore_best": true
  },
  "device": "cuda",
  "runs": [
    {
      "run": 1,
      "seed": 3407,
      "epochs": 100,
      "train_loss_per_epoch": [
        0.36275248248688874,
        0.1797639109469019,
        0.13253348251222632,
        0.12016818379680626,
        0.11460668614832685,
        0.08959224567312049,
        0.08694288451282774,
        0.0707861234791344,
        0.06080064251873409,
        0.049876491500705014,
        0.04915998681762721
      ],
      "val_acc_per_epoch": [
        0.9285,
        0.8715,
        0.9405,
        0.926,
        0.9215,
        0.9415,
        0.927,
        0.953,
        0.942,
        0.9405,
        0.948
      ],
      "lr_per_epoch": [
        0.00013093930943366218,
        0.00013093930943366218,
        0.00013093930943366218,
        0.00013093930943366218,
        0.00013093930943366218,
        0.00013093930943366218,
        0.00013093930943366218,
        0.00013093930943366218,
        0.00013093930943366218,
        0.00013093930943366218,
        0.00013093930943366218
      ],
      "best_val_acc": 0.953,
      "best_epoch": 8,
      "epochs_completed": 11,
      "early_stopped": true,
      "stopped_epoch": 11,
      "test_acc": 0.961,
      "test_f1": {
        "macro": 0.9609985959494542,
        "micro": 0.961,
        "weighted": 0.9609985959494541,
        "binary_malware": 0.9612326043737575,
        "binary_benign": 0.9607645875251509,
        "per_class": {
          "benign": 0.9607645875251509,
          "malware": 0.9612326043737575
        }
      },
      "test_macro_f1": 0.9609985959494542,
      "classification_report": "              precision    recall  f1-score   support\n\n      benign     0.9666    0.9550    0.9608      1000\n     malware     0.9555    0.9670    0.9612      1000\n\n    accuracy                         0.9610      2000\n   macro avg     0.9611    0.9610    0.9610      2000\nweighted avg     0.9611    0.9610    0.9610      2000\n",
      "confusion_matrix": [
        [
          955,
          45
        ],
        [
          33,
          967
        ]
      ],
      "class_to_idx": {
        "benign": 0,
        "malware": 1
      },
      "label_order": {
        "benign": 0,
        "malware": 1
      }
    }
  ],
  "summary": {
    "test_acc_mean": 0.961,
    "test_acc_std": 0.0,
    "macro_f1_mean": 0.9609985959494542,
    "macro_f1_std": 0.0,
    "micro_f1_mean": 0.961,
    "micro_f1_std": 0.0,
    "weighted_f1_mean": 0.9609985959494541,
    "weighted_f1_std": 0.0,
    "binary_malware_f1_mean": 0.9612326043737575,
    "binary_malware_f1_std": 0.0,
    "binary_benign_f1_mean": 0.9607645875251509,
    "binary_benign_f1_std": 0.0,
    "per_class_f1_mean": [
      0.9607645875251509,
      0.9612326043737575
    ],
    "per_class_f1_std": [
      0.0,
      0.0
    ],
    "per_class_f1_order": [
      "benign",
      "malware"
    ]
  }
}