{
  "timestamp": "20260413-123734",
  "args": {
    "data_root": "/mnt/nas/RB2023/image_rgb_vb",
    "model": "efficientnet_b0",
    "epochs": 15,
    "batch": 32,
    "workers": 4,
    "in_ch": 1,
    "resize": "256,256",
    "seed": 3407,
    "runs": 5,
    "log_dir": "../new_result/image_rgb_vb"
  },
  "device": "cuda",
  "runs": [
    {
      "run": 1,
      "seed": 3407,
      "epochs": 15,
      "train_loss_per_epoch": [
        0.40337095463275907,
        0.24084975564479827,
        0.18875769430398942,
        0.15285017004609108,
        0.12473314900696278,
        0.10589202189445496,
        0.08517418117076159,
        0.06788338798005134,
        0.059234315981157123,
        0.04650146137457341,
        0.046105652505531905,
        0.03961511118174531,
        0.029859505607746542,
        0.031746764205745424,
        0.024651800026069395
      ],
      "val_acc_per_epoch": [
        0.883,
        0.8775,
        0.8745,
        0.874,
        0.884,
        0.924,
        0.925,
        0.9215,
        0.923,
        0.9295,
        0.915,
        0.9095,
        0.92,
        0.926,
        0.8985
      ],
      "lr_per_epoch": [
        0.0001,
        0.0001,
        0.0001,
        0.0001,
        0.0001,
        0.0001,
        0.0001,
        0.0001,
        0.0001,
        0.0001,
        0.0001,
        0.0001,
        0.0001,
        0.0001,
        0.0001
      ],
      "best_val_acc": 0.9295,
      "test_acc": 0.9045,
      "test_f1": {
        "macro": 0.9039669928017982,
        "micro": 0.9045,
        "weighted": 0.9039669928017982,
        "binary_malware": 0.8968125337655322,
        "binary_benign": 0.9111214518380643,
        "per_class": {
          "benign": 0.9111214518380643,
          "malware": 0.8968125337655322
        }
      },
      "test_macro_f1": 0.9039669928017982,
      "classification_report": "              precision    recall  f1-score   support\n\n      benign     0.8520    0.9790    0.9111      1000\n     malware     0.9753    0.8300    0.8968      1000\n\n    accuracy                         0.9045      2000\n   macro avg     0.9137    0.9045    0.9040      2000\nweighted avg     0.9137    0.9045    0.9040      2000\n",
      "confusion_matrix": [
        [
          979,
          21
        ],
        [
          170,
          830
        ]
      ],
      "class_to_idx": {
        "benign": 0,
        "malware": 1
      },
      "label_order": {
        "benign": 0,
        "malware": 1
      }
    },
    {
      "run": 2,
      "seed": 3408,
      "epochs": 15,
      "train_loss_per_epoch": [
        0.3982750238478184,
        0.24834336724877357,
        0.19246935714781285,
        0.1634293223172426,
        0.1318164079338312,
        0.10554314377903938,
        0.08789229472354054,
        0.07159142924286425,
        0.06092028924287297,
        0.04482307265792042,
        0.04271185979712754,
        0.045169528785627334,
        0.032120155879762025,
        0.02872106838016771,
        0.02053600586403627
      ],
      "val_acc_per_epoch": [
        0.8835,
        0.8635,
        0.931,
        0.9355,
        0.9345,
        0.9225,
        0.9285,
        0.9185,
        0.908,
        0.907,
        0.8825,
        0.9285,
        0.931,
        0.93,
        0.9185
      ],
      "lr_per_epoch": [
        0.0001,
        0.0001,
        0.0001,
        0.0001,
        0.0001,
        0.0001,
        0.0001,
        0.0001,
        0.0001,
        0.0001,
        0.0001,
        0.0001,
        0.0001,
        0.0001,
        0.0001
      ],
      "best_val_acc": 0.9355,
      "test_acc": 0.921,
      "test_f1": {
        "macro": 0.9208796579597567,
        "micro": 0.921,
        "weighted": 0.9208796579597568,
        "binary_malware": 0.9239653512993262,
        "binary_benign": 0.9177939646201873,
        "per_class": {
          "benign": 0.9177939646201873,
          "malware": 0.9239653512993262
        }
      },
      "test_macro_f1": 0.9208796579597567,
      "classification_report": "              precision    recall  f1-score   support\n\n      benign     0.9566    0.8820    0.9178      1000\n     malware     0.8905    0.9600    0.9240      1000\n\n    accuracy                         0.9210      2000\n   macro avg     0.9236    0.9210    0.9209      2000\nweighted avg     0.9236    0.9210    0.9209      2000\n",
      "confusion_matrix": [
        [
          882,
          118
        ],
        [
          40,
          960
        ]
      ],
      "class_to_idx": {
        "benign": 0,
        "malware": 1
      },
      "label_order": {
        "benign": 0,
        "malware": 1
      }
    },
    {
      "run": 3,
      "seed": 3409,
      "epochs": 15,
      "train_loss_per_epoch": [
        0.4042561737895012,
        0.2589621172845364,
        0.19022091248631479,
        0.15338537569344043,
        0.12424911150336265,
        0.10015413196012378,
        0.08196218039654195,
        0.07102005747705697,
        0.0608354187970981,
        0.0399651237973012,
        0.04200470932479948,
        0.034905403157230466,
        0.03403113429597579,
        0.034561369221424686,
        0.028619626902160234
      ],
      "val_acc_per_epoch": [
        0.8885,
        0.901,
        0.917,
        0.894,
        0.909,
        0.916,
        0.9225,
        0.9035,
        0.913,
        0.9375,
        0.937,
        0.9385,
        0.907,
        0.9335,
        0.94
      ],
      "lr_per_epoch": [
        0.0001,
        0.0001,
        0.0001,
        0.0001,
        0.0001,
        0.0001,
        0.0001,
        0.0001,
        0.0001,
        0.0001,
        0.0001,
        0.0001,
        0.0001,
        0.0001,
        0.0001
      ],
      "best_val_acc": 0.94,
      "test_acc": 0.9465,
      "test_f1": {
        "macro": 0.9464854306584968,
        "micro": 0.9465,
        "weighted": 0.9464854306584969,
        "binary_malware": 0.9473684210526315,
        "binary_benign": 0.945602440264362,
        "per_class": {
          "benign": 0.945602440264362,
          "malware": 0.9473684210526315
        }
      },
      "test_macro_f1": 0.9464854306584968,
      "classification_report": "              precision    recall  f1-score   support\n\n      benign     0.9617    0.9300    0.9456      1000\n     malware     0.9322    0.9630    0.9474      1000\n\n    accuracy                         0.9465      2000\n   macro avg     0.9470    0.9465    0.9465      2000\nweighted avg     0.9470    0.9465    0.9465      2000\n",
      "confusion_matrix": [
        [
          930,
          70
        ],
        [
          37,
          963
        ]
      ],
      "class_to_idx": {
        "benign": 0,
        "malware": 1
      },
      "label_order": {
        "benign": 0,
        "malware": 1
      }
    },
    {
      "run": 4,
      "seed": 3410,
      "epochs": 15,
      "train_loss_per_epoch": [
        0.40482111704349516,
        0.2596992267668247,
        0.19265514117479324,
        0.15245264528691768,
        0.12294688726589084,
        0.10123656043037772,
        0.08158087894134224,
        0.06291806489787996,
        0.06231175546441227,
        0.04839877814706415,
        0.04469325728551485,
        0.03716603055619635,
        0.03134933907422237,
        0.029921145682455973,
        0.028015467021614313
      ],
      "val_acc_per_epoch": [
        0.8565,
        0.8485,
        0.919,
        0.9,
        0.922,
        0.9245,
        0.919,
        0.938,
        0.921,
        0.8895,
        0.9325,
        0.9225,
        0.9195,
        0.9345,
        0.9355
      ],
      "lr_per_epoch": [
        0.0001,
        0.0001,
        0.0001,
        0.0001,
        0.0001,
        0.0001,
        0.0001,
        0.0001,
        0.0001,
        0.0001,
        0.0001,
        0.0001,
        0.0001,
        0.0001,
        0.0001
      ],
      "best_val_acc": 0.938,
      "test_acc": 0.9515,