{
  "timestamp": "20260508-082258",
  "args": {
    "data_root": "apk2img-ml-datasets/data/sdhash/image_gray",
    "model": "resnet50",
    "pretrained": false,
    "epochs": 100,
    "batch": 8,
    "lr": 0.0003734043352648307,
    "optimizer": "adam",
    "weight_decay": 0.0,
    "lr_scheduler": "none",
    "scheduler_step_size": 5,
    "scheduler_milestones": [
      10,
      20
    ],
    "scheduler_gamma": 0.1,
    "scheduler_exp_gamma": 0.95,
    "scheduler_patience": 2,
    "scheduler_t_max": null,
    "scheduler_eta_min": 0.0,
    "scheduler_t_0": null,
    "scheduler_t_mult": 1,
    "scheduler_pct_start": 0.3,
    "scheduler_div_factor": 25.0,
    "scheduler_final_div_factor": 10000.0,
    "workers": 4,
    "in_ch": 1,
    "resize": "256,256",
    "seed": 3407,
    "runs": 1,
    "log_dir": "results/gray/optuna_cnn_resnet50_no/20260507-235620/best_eval",
    "early_stopping_patience": 3,
    "early_stopping_min_delta": 0.0,
    "restore_best": true
  },
  "device": "cuda",
  "runs": [
    {
      "run": 1,
      "seed": 3407,
      "epochs": 100,
      "train_loss_per_epoch": [
        0.4645218445062637,
        0.2500974395615049,
        0.1997583974818699,
        0.17064821028627922,
        0.158865883341874,
        0.14985799457901158,
        0.12598830902727787,
        0.12607997196129872,
        0.11518580425938126,
        0.10395054143793822,
        0.09144824769355182,
        0.087018279946853,
        0.07750439052642832,
        0.06544838855126181,
        0.0645388423092354
      ],
      "val_acc_per_epoch": [
        0.9005,
        0.9195,
        0.8985,
        0.916,
        0.93,
        0.9265,
        0.9215,
        0.9365,
        0.9425,
        0.94,
        0.937,
        0.9545,
        0.943,
        0.9385,
        0.9485
      ],
      "lr_per_epoch": [
        0.0003734043352648307,
        0.0003734043352648307,
        0.0003734043352648307,
        0.0003734043352648307,
        0.0003734043352648307,
        0.0003734043352648307,
        0.0003734043352648307,
        0.0003734043352648307,
        0.0003734043352648307,
        0.0003734043352648307,
        0.0003734043352648307,
        0.0003734043352648307,
        0.0003734043352648307,
        0.0003734043352648307,
        0.0003734043352648307
      ],
      "best_val_acc": 0.9545,
      "best_epoch": 12,
      "epochs_completed": 15,
      "early_stopped": true,
      "stopped_epoch": 15,
      "test_acc": 0.9505,
      "test_f1": {
        "macro": 0.9504989976047016,
        "micro": 0.9505,
        "weighted": 0.9504989976047016,
        "binary_malware": 0.9507217521154804,
        "binary_benign": 0.9502762430939227,
        "per_class": {
          "benign": 0.9502762430939227,
          "malware": 0.9507217521154804
        }
      },
      "test_macro_f1": 0.9504989976047016,
      "classification_report": "              precision    recall  f1-score   support\n\n      benign     0.9546    0.9460    0.9503      1000\n     malware     0.9465    0.9550    0.9507      1000\n\n    accuracy                         0.9505      2000\n   macro avg     0.9505    0.9505    0.9505      2000\nweighted avg     0.9505    0.9505    0.9505      2000\n",
      "confusion_matrix": [
        [
          946,
          54
        ],
        [
          45,
          955
        ]
      ],
      "class_to_idx": {
        "benign": 0,
        "malware": 1
      },
      "label_order": {
        "benign": 0,
        "malware": 1
      }
    }
  ],
  "summary": {
    "test_acc_mean": 0.9505,
    "test_acc_std": 0.0,
    "macro_f1_mean": 0.9504989976047016,
    "macro_f1_std": 0.0,
    "micro_f1_mean": 0.9505,
    "micro_f1_std": 0.0,
    "weighted_f1_mean": 0.9504989976047016,
    "weighted_f1_std": 0.0,
    "binary_malware_f1_mean": 0.9507217521154804,
    "binary_malware_f1_std": 0.0,
    "binary_benign_f1_mean": 0.9502762430939227,
    "binary_benign_f1_std": 0.0,
    "per_class_f1_mean": [
      0.9502762430939227,
      0.9507217521154804
    ],
    "per_class_f1_std": [
      0.0,
      0.0
    ],
    "per_class_f1_order": [
      "benign",
      "malware"
    ]
  }
}